334.0	333.0	0.997005988	(a,statelocatedingeopoliticallocation,b) <= (f,locationlocatedwithinlocation,j), (j,statelocatedingeopoliticallocation,b), (a,statelocatedingeopoliticallocation,f)
276.0	275.0	0.996376812	(a,organizationheadquarteredincountry,b) <= (i,citycapitalofcountry,f), (i,citylocatedincountry,b), (a,organizationheadquarteredincountry,f)
270.0	269.0	0.996296296	(a,personborninlocation,b) <= (i,buildinglocatedincity,b), (a,personborninlocation,f), (i,subpartof,f)
233.0	232.0	0.995708155	(a,organizationheadquarteredincity,b) <= (a,organizationheadquarteredincity,f), (i,organizationheadquarteredincity,f), (i,radiostationincity,b)
210.0	209.0	0.995238095	(a,atlocation,b) <= (a,atlocation,f), (f,mutualproxyfor,j), (j,personhasresidenceingeopoliticallocation,b)
196.0	195.0	0.994897959	(a,attractionofcity,b) <= (a,attractionofcity,f), (f,organizationhiredperson,j), (j,personhasresidenceingeopoliticallocation,b)
180.0	179.0	0.994444444	(a,subpartof,b) <= (f,agentcollaborateswithagent,j), (b,agentcontrols,f), (a,subpartof,j)
668.0	664.0	0.994011976	(a,locationlocatedwithinlocation,b) <= (j,agentactsinlocation,a), (e,locationlocatedwithinlocation,b), (e,mutualproxyfor,j)
164.0	163.0	0.993902439	(a,proxyfor,b) <= (i,politicianrepresentslocation,f), (i,proxyfor,b), (a,proxyfor,f)
140.0	139.0	0.992857143	(a,agentbelongstoorganization,b) <= (b,organizationhiredperson,h), (a,subpartof,b), (h,topmemberoforganization,b)
133.0	132.0	0.992481203	(a,bankbankincountry,b) <= (a,bankbankincountry,f), (i,citylocatedincountry,b), (i,proxyfor,f)
130.0	129.0	0.992307692	(a,agentcontrols,b) <= (e,agentcontrols,b), (e,organizationhiredperson,j), (j,topmemberoforganization,a)
119.0	118.0	0.991596639	(a,agentbelongstoorganization,b) <= (a,agentcollaborateswithagent,f), (f,organizationhiredperson,j), (j,topmemberoforganization,b)
119.0	118.0	0.991596639	(a,agentbelongstoorganization,b) <= (a,agentcollaborateswithagent,b), (b,organizationhiredperson,h), (h,topmemberoforganization,b)
111.0	110.0	0.990990991	(a,atdate,b) <= (i,agentcollaborateswithagent,f), (i,atdate,b), (a,subpartof,f)
208.0	206.0	0.990384615	(a,subpartof,b) <= (i,agentcollaborateswithagent,f), (i,subpartof,b), (a,subpartof,f)
92.0	91.0	0.989130435	(a,stadiumlocatedincity,b) <= (i,organizationheadquarteredincity,b), (a,stadiumlocatedincity,f), (i,televisionstationincity,f)
89.0	88.0	0.988764045	(a,citylocatedincountry,b) <= (i,citylocatedincountry,b), (a,citylocatedincountry,f), (i,proxyfor,f)
86.0	85.0	0.988372093	(a,radiostationincity,b) <= (i,organizationheadquarteredincity,b), (a,radiostationincity,f), (i,radiostationincity,f)
86.0	85.0	0.988372093	(a,countryalsoknownas,b) <= (i,citycapitalofcountry,a), (i,citylocatedincountry,e), (e,countryalsoknownas,b)
256.0	253.0	0.98828125	(a,attractionofcity,b) <= (i,airportincity,f), (a,attractionofcity,f), (i,buildinglocatedincity,b)
85.0	84.0	0.988235294	(a,subpartoforganization,b) <= (i,ceoof,b), (a,subpartoforganization,f), (i,topmemberoforganization,f)
337.0	333.0	0.988130564	(a,statelocatedingeopoliticallocation,b) <= (i,statelocatedingeopoliticallocation,b), (a,statelocatedingeopoliticallocation,f), (i,stateorprovinceisborderedbystateorprovince,f)
80.0	79.0	0.9875	(a,agentbelongstoorganization,b) <= (a,agentbelongstoorganization,h), (a,agentcollaborateswithagent,b), (h,agentcontrols,a)
80.0	79.0	0.9875	(a,stadiumlocatedincity,b) <= (i,organizationheadquarteredincity,b), (i,radiostationincity,f), (a,stadiumlocatedincity,f)
80.0	79.0	0.9875	(a,agentcontrols,b) <= (b,agentbelongstoorganization,h), (b,agentcollaborateswithagent,a), (h,agentcontrols,b)
154.0	152.0	0.987012987	(a,countrylocatedingeopoliticallocation,b) <= (i,citycapitalofcountry,e), (i,citylocatedincountry,a), (e,countrylocatedingeopoliticallocation,b)
148.0	146.0	0.986486486	(a,producesproduct,b) <= (j,ceoof,a), (e,organizationterminatedperson,j), (e,producesproduct,b)
74.0	73.0	0.986486486	(a,buildinglocatedincity,b) <= (a,buildinglocatedincity,f), (i,headquarteredin,b), (i,organizationheadquarteredincity,f)
73.0	72.0	0.98630137	(a,locationlocatedwithinlocation,b) <= (i,citycapitalofcountry,f), (i,citylocatedincountry,b), (a,locationlocatedwithinlocation,f)
362.0	357.0	0.986187845	(a,agentbelongstoorganization,b) <= (i,agentbelongstoorganization,b), (a,agentbelongstoorganization,f), (i,subpartof,f)
71.0	70.0	0.985915493	(a,atlocation,b) <= (a,atlocation,f), (f,organizationterminatedperson,j), (j,personbelongstoorganization,b)
141.0	139.0	0.985815603	(a,agentbelongstoorganization,b) <= (b,organizationhiredperson,f), (a,subpartof,j), (f,topmemberoforganization,j)
141.0	139.0	0.985815603	(a,agentbelongstoorganization,b) <= (f,organizationhiredperson,j), (a,subpartof,f), (j,topmemberoforganization,b)
70.0	69.0	0.985714286	(a,statelocatedincountry,b) <= (i,citylocatedincountry,b), (a,statelocatedincountry,f), (i,subpartof,f)
63.0	62.0	0.984126984	(a,agentactsinlocation,b) <= (e,agentactsinlocation,b), (i,agentcompeteswithagent,e), (i,teamalsoknownas,a)
121.0	119.0	0.983471074	(a,agentcollaborateswithagent,b) <= (a,agentcollaborateswithagent,j), (b,organizationhiredperson,f), (f,topmemberoforganization,j)
60.0	59.0	0.983333333	(a,atlocation,b) <= (a,atlocation,f), (i,organizationheadquarteredincity,b), (i,televisionstationincity,f)
300.0	295.0	0.983333333	(a,agentbelongstoorganization,b) <= (a,agentbelongstoorganization,j), (f,agentcollaborateswithagent,j), (b,agentcontrols,f)
120.0	118.0	0.983333333	(a,atlocation,b) <= (a,atlocation,f), (i,headquarteredin,b), (i,organizationheadquarteredincity,f)
239.0	235.0	0.983263598	(a,atlocation,b) <= (a,atlocation,f), (i,personhasresidenceingeopoliticallocation,f), (i,personleadsorganization,b)
236.0	232.0	0.983050847	(a,organizationheadquarteredincity,b) <= (i,organizationheadquarteredincity,b), (a,organizationheadquarteredincity,f), (i,radiostationincity,f)
236.0	232.0	0.983050847	(a,organizationheadquarteredincity,b) <= (i,organizationheadquarteredincity,b), (a,organizationheadquarteredincity,f), (i,televisionstationincity,f)
117.0	115.0	0.982905983	(a,hotelincity,b) <= (a,hotelincity,f), (i,organizationheadquarteredincity,f), (i,televisionstationincity,b)
288.0	283.0	0.982638889	(a,organizationheadquarteredincountry,b) <= (i,hasofficeincountry,b), (a,organizationheadquarteredincountry,f), (i,organizationheadquarteredincountry,f)
56.0	55.0	0.982142857	(a,worksfor,b) <= (i,ceoof,b), (i,topmemberoforganization,f), (a,worksfor,f)
161.0	158.0	0.98136646	(a,agentcollaborateswithagent,b) <= (a,agentcollaborateswithagent,j), (b,agentcontrols,f), (f,subpartof,j)
53.0	52.0	0.981132075	(a,airportincity,b) <= (a,airportincity,f), (i,headquarteredin,b), (i,organizationheadquarteredincity,f)
53.0	52.0	0.981132075	(a,companyeconomicsector,b) <= (i,ceoof,e), (e,companyeconomicsector,b), (i,topmemberoforganization,a)
52.0	51.0	0.980769231	(a,ceoof,b) <= (j,ceoof,b), (a,ceoof,f), (f,organizationhiredperson,j)
104.0	102.0	0.980769231	(a,headquarteredin,b) <= (a,headquarteredin,f), (i,personbornincity,b), (i,personborninlocation,f)
51.0	50.0	0.980392157	(a,ceoof,b) <= (j,ceoof,b), (a,ceoof,f), (f,mutualproxyfor,j)
51.0	50.0	0.980392157	(a,automobilemakerdealersincity,b) <= (e,automobilemakerdealersincity,b), (i,ceoof,a), (i,topmemberoforganization,e)
51.0	50.0	0.980392157	(a,arthropodcalledarthropod,b) <= (i,agentcompeteswithagent,a), (i,arthropodandotherarthropod,e), (e,arthropodcalledarthropod,b)
50.0	49.0	0.98	(a,bankbankincountry,b) <= (a,bankbankincountry,f), (i,hasofficeincountry,f), (i,organizationheadquarteredincountry,b)
198.0	194.0	0.97979798	(a,competeswith,b) <= (i,ceoof,e), (e,competeswith,b), (i,topmemberoforganization,a)
198.0	194.0	0.97979798	(a,competeswith,b) <= (i,ceoof,a), (e,competeswith,b), (i,topmemberoforganization,e)
346.0	339.0	0.979768786	(a,organizationheadquarteredincity,b) <= (i,headquarteredin,b), (a,organizationheadquarteredincity,f), (i,organizationheadquarteredincity,f)
48.0	47.0	0.979166667	(a,attractionofcity,b) <= (a,attractionofcity,f), (i,headquarteredin,b), (i,organizationheadquarteredincity,f)
142.0	139.0	0.978873239	(a,agentcontrols,b) <= (e,agentcontrols,b), (i,journalistwritesforpublication,e), (i,worksfor,a)
46.0	45.0	0.97826087	(a,organizationhiredperson,b) <= (h,organizationhiredperson,b), (a,organizationterminatedperson,b), (b,topmemberoforganization,h)
91.0	89.0	0.978021978	(a,hasofficeincity,b) <= (a,hasofficeincity,f), (i,personbornincity,b), (i,personborninlocation,f)
45.0	44.0	0.977777778	(a,organizationhiredperson,b) <= (a,organizationhiredperson,h), (a,organizationterminatedperson,b), (h,topmemberoforganization,a)
45.0	44.0	0.977777778	(a,topmemberoforganization,b) <= (b,organizationhiredperson,h), (b,organizationterminatedperson,a), (h,topmemberoforganization,b)
395.0	386.0	0.97721519	(a,organizationheadquarteredincity,b) <= (i,airportincity,b), (i,buildinglocatedincity,f), (a,organizationheadquarteredincity,f)
43.0	42.0	0.976744186	(a,sportschoolincountry,b) <= (f,organizationhiredperson,j), (j,personbelongstoorganization,b), (a,sportschoolincountry,f)
43.0	42.0	0.976744186	(a,locationlocatedwithinlocation,b) <= (a,locationlocatedwithinlocation,f), (f,mutualproxyfor,j), (j,personhasresidenceingeopoliticallocation,b)
86.0	84.0	0.976744186	(a,countryalsoknownas,b) <= (i,citycapitalofcountry,e), (i,citylocatedincountry,a), (e,countryalsoknownas,b)
85.0	83.0	0.976470588	(a,agentbelongstoorganization,b) <= (a,agentbelongstoorganization,h), (a,agentcollaborateswithagent,b), (a,subpartof,h)
85.0	83.0	0.976470588	(a,subpartof,b) <= (a,agentbelongstoorganization,h), (a,agentcollaborateswithagent,b), (a,subpartof,h)
84.0	82.0	0.976190476	(a,citycapitalofcountry,b) <= (i,citycapitalofcountry,b), (a,citycapitalofcountry,f), (i,citylocatedincountry,f)
42.0	41.0	0.976190476	(a,competeswith,b) <= (i,ceoof,f), (a,competeswith,f), (i,topmemberoforganization,b)
41.0	40.0	0.975609756	(a,subpartof,b) <= (f,organizationterminatedperson,j), (a,subpartof,j), (b,topmemberoforganization,f)
82.0	80.0	0.975609756	(a,proxyfor,b) <= (b,mutualproxyfor,f), (f,personhasresidenceingeopoliticallocation,j), (a,proxyfor,j)
81.0	79.0	0.975308642	(a,countryalsoknownas,b) <= (i,citycapitalofcountry,b), (i,citylocatedincountry,f), (a,countryalsoknownas,f)
202.0	197.0	0.975247525	(a,buildinglocatedincity,b) <= (i,airportincity,f), (i,buildinglocatedincity,b), (a,buildinglocatedincity,f)
121.0	118.0	0.975206612	(a,agentbelongstoorganization,b) <= (a,agentcollaborateswithagent,j), (b,organizationhiredperson,f), (f,topmemberoforganization,j)
40.0	39.0	0.975	(a,locationlocatedwithinlocation,b) <= (a,locationlocatedwithinlocation,f), (f,organizationterminatedperson,j), (j,personbelongstoorganization,b)
160.0	156.0	0.975	(a,persongraduatedfromuniversity,b) <= (a,persongraduatedfromuniversity,j), (f,persongraduatedschool,j), (b,synonymfor,f)
40.0	39.0	0.975	(a,atlocation,b) <= (a,atlocation,f), (i,personbelongstoorganization,f), (i,personleadsorganization,b)
237.0	231.0	0.974683544	(a,agentcontrols,b) <= (j,agentcontrols,b), (a,agentcontrols,f), (f,subpartof,j)
78.0	76.0	0.974358974	(a,mutualproxyfor,b) <= (j,mutualproxyfor,b), (a,mutualproxyfor,f), (f,worksfor,j)
804.0	783.0	0.973880597	(a,subpartoforganization,b) <= (i,agentbelongstoorganization,b), (i,subpartof,f), (a,subpartoforganization,f)
37.0	36.0	0.972972973	(a,worksfor,b) <= (b,mutualproxyfor,h), (a,personleadsorganization,b), (h,worksfor,b)
37.0	36.0	0.972972973	(a,hotelincity,b) <= (a,hotelincity,j), (b,mutualproxyfor,f), (j,organizationhiredperson,f)
37.0	36.0	0.972972973	(a,personleadsgeopoliticalorganization,b) <= (f,agentcollaborateswithagent,j), (j,personleadsgeopoliticalorganization,b), (a,personleadsgeopoliticalorganization,f)
74.0	72.0	0.972972973	(a,topmemberoforganization,b) <= (f,organizationhiredperson,j), (j,topmemberoforganization,b), (a,topmemberoforganization,f)
37.0	36.0	0.972972973	(a,countrycurrency,b) <= (i,citycapitalofcountry,a), (i,citylocatedincountry,e), (e,countrycurrency,b)
73.0	71.0	0.97260274	(a,ceoof,b) <= (i,ceoof,b), (a,ceoof,f), (i,topmemberoforganization,f)
36.0	35.0	0.972222222	(a,personleadsgeopoliticalorganization,b) <= (f,agentcollaborateswithagent,j), (a,personbelongstoorganization,f), (j,personleadsgeopoliticalorganization,b)
36.0	35.0	0.972222222	(a,statelocatedincountry,b) <= (i,citylocatedincountry,b), (i,proxyfor,f), (a,statelocatedincountry,f)
283.0	275.0	0.971731449	(a,organizationheadquarteredincountry,b) <= (i,citycapitalofcountry,b), (i,citylocatedincountry,f), (a,organizationheadquarteredincountry,f)
176.0	171.0	0.971590909	(a,agentcontrols,b) <= (i,agentbelongstoorganization,a), (e,agentcontrols,b), (i,subpartof,e)
105.0	102.0	0.971428571	(a,headquarteredin,b) <= (a,headquarteredin,j), (b,mutualproxyfor,f), (j,organizationhiredperson,f)
35.0	34.0	0.971428571	(a,athleteledsportsteam,b) <= (f,agentcollaborateswithagent,j), (a,athleteledsportsteam,f), (j,personbelongstoorganization,b)
102.0	99.0	0.970588235	(a,televisionstationincity,b) <= (i,organizationheadquarteredincity,f), (i,televisionstationincity,b), (a,televisionstationincity,f)
34.0	33.0	0.970588235	(a,agentbelongstoorganization,b) <= (a,agentbelongstoorganization,f), (i,coachesinleague,b), (i,personbelongstoorganization,f)
34.0	33.0	0.970588235	(a,agentbelongstoorganization,b) <= (a,agentbelongstoorganization,f), (j,coachesinleague,b), (f,organizationhiredperson,j)
237.0	230.0	0.970464135	(a,hasofficeincity,b) <= (a,hasofficeincity,f), (i,headquarteredin,b), (i,organizationheadquarteredincity,f)
200.0	194.0	0.97	(a,attractionofcity,b) <= (i,attractionofcity,b), (a,attractionofcity,f), (i,locationlocatedwithinlocation,f)
65.0	63.0	0.969230769	(a,worksfor,b) <= (f,mutualproxyfor,j), (j,worksfor,b), (a,worksfor,f)
97.0	94.0	0.969072165	(a,countrylocatedingeopoliticallocation,b) <= (i,citylocatedincountry,a), (e,countrylocatedingeopoliticallocation,b), (i,proxyfor,e)
32.0	31.0	0.96875	(a,hotelincity,b) <= (a,hotelincity,f), (f,organizationhiredperson,j), (j,personhasresidenceingeopoliticallocation,b)
32.0	31.0	0.96875	(a,mutualproxyfor,b) <= (b,locationlocatedwithinlocation,h), (h,mutualproxyfor,b), (b,subpartof,a)
32.0	31.0	0.96875	(a,subpartof,b) <= (i,mutualproxyfor,b), (i,organizationhiredperson,f), (a,subpartof,f)
126.0	122.0	0.968253968	(a,fishservedwithfood,b) <= (f,agriculturalproductcomingfromvertebrate,j), (j,fishservedwithfood,b), (a,fishservedwithfood,f)
157.0	152.0	0.968152866	(a,topmemberoforganization,b) <= (f,organizationterminatedperson,j), (j,topmemberoforganization,b), (a,topmemberoforganization,f)
31.0	30.0	0.967741935	(a,agriculturalproductcamefromcountry,b) <= (a,agriculturalproductcamefromcountry,f), (i,citylocatedincountry,b), (i,proxyfor,f)
31.0	30.0	0.967741935	(a,subpartof,b) <= (f,ceoof,j), (j,organizationhiredperson,b), (a,subpartof,f)
31.0	30.0	0.967741935	(a,subpartof,b) <= (i,statelocatedincountry,f), (i,subpartof,b), (a,subpartof,f)
31.0	30.0	0.967741935	(a,headquarteredin,b) <= (i,buildinglocatedincity,f), (a,headquarteredin,f), (i,subpartof,b)
31.0	30.0	0.967741935	(a,headquarteredin,b) <= (a,headquarteredin,f), (i,locationlocatedwithinlocation,f), (i,subpartof,b)
61.0	59.0	0.967213115	(a,agentcontrols,b) <= (j,agentcontrols,b), (a,agentcontrols,f), (f,mutualproxyfor,j)
91.0	88.0	0.967032967	(a,hasofficeincity,b) <= (a,hasofficeincity,j), (b,mutualproxyfor,f), (j,organizationhiredperson,f)
30.0	29.0	0.966666667	(a,hasspouse,b) <= (i,hashusband,f), (i,hasspouse,b), (a,hasspouse,f)
30.0	29.0	0.966666667	(a,proxyfor,b) <= (i,organizationheadquarteredincity,a), (e,proxyfor,b), (i,televisionstationincity,e)
264.0	255.0	0.965909091	(a,organizationhiredperson,b) <= (a,organizationhiredperson,j), (j,personleadsorganization,f), (b,worksfor,f)
29.0	28.0	0.965517241	(a,sportfansincountry,b) <= (i,citycapitalofcountry,f), (i,citylocatedincountry,b), (a,sportfansincountry,f)
29.0	28.0	0.965517241	(a,headquarteredin,b) <= (a,headquarteredin,f), (i,organizationheadquarteredincity,b), (i,radiostationincity,f)
29.0	28.0	0.965517241	(a,headquarteredin,b) <= (a,headquarteredin,f), (i,organizationheadquarteredincity,b), (i,televisionstationincity,f)
29.0	28.0	0.965517241	(a,topmemberoforganization,b) <= (i,mutualproxyfor,e), (i,organizationterminatedperson,a), (e,topmemberoforganization,b)
259.0	250.0	0.965250965	(a,politicianusmemberofpoliticalgroup,b) <= (i,personbelongstoorganization,f), (i,politicianusmemberofpoliticalgroup,b), (a,politicianusmemberofpoliticalgroup,f)
57.0	55.0	0.964912281	(a,worksfor,b) <= (i,ceoof,f), (i,topmemberoforganization,b), (a,worksfor,f)
28.0	27.0	0.964285714	(a,organizationheadquarteredincity,b) <= (i,citylocatedingeopoliticallocation,b), (i,locationlocatedwithinlocation,f), (a,organizationheadquarteredincity,f)
56.0	54.0	0.964285714	(a,acquired,b) <= (e,acquired,b), (i,ceoof,e), (i,topmemberoforganization,a)
28.0	27.0	0.964285714	(a,organizationheadquarteredincity,b) <= (i,attractionofcity,f), (a,organizationheadquarteredincity,f), (i,subpartof,b)
55.0	53.0	0.963636364	(a,radiostationincity,b) <= (i,organizationheadquarteredincity,b), (a,radiostationincity,f), (i,televisionstationincity,f)
55.0	53.0	0.963636364	(a,newspaperincity,b) <= (i,headquarteredin,b), (a,newspaperincity,f), (i,organizationheadquarteredincity,f)
244.0	235.0	0.963114754	(a,atlocation,b) <= (a,atlocation,f), (i,personhasresidenceingeopoliticallocation,b), (i,personleadsorganization,f)
27.0	26.0	0.962962963	(a,subpartof,b) <= (a,mutualproxyfor,b), (g,organizationhiredperson,b), (g,subpartof,b)
27.0	26.0	0.962962963	(a,countryalsoknownas,b) <= (a,countryalsoknownas,f), (i,hasofficeincountry,b), (i,organizationheadquarteredincountry,f)
81.0	78.0	0.962962963	(a,countryalsoknownas,b) <= (i,citycapitalofcountry,f), (i,citylocatedincountry,b), (a,countryalsoknownas,f)
53.0	51.0	0.962264151	(a,subpartof,b) <= (i,organizationhiredperson,b), (i,organizationterminatedperson,f), (a,subpartof,f)
53.0	51.0	0.962264151	(a,organizationhiredperson,b) <= (a,organizationhiredperson,f), (j,organizationterminatedperson,b), (f,topmemberoforganization,j)
26.0	25.0	0.961538462	(a,subpartof,b) <= (e,organizationhiredperson,b), (e,subpartof,j), (j,topmemberoforganization,a)
26.0	25.0	0.961538462	(a,organizationhiredperson,b) <= (e,organizationhiredperson,b), (e,subpartof,j), (j,topmemberoforganization,a)
26.0	25.0	0.961538462	(a,hasofficeincity,b) <= (a,hasofficeincity,f), (f,organizationhiredperson,j), (j,personhasresidenceingeopoliticallocation,b)
52.0	50.0	0.961538462	(a,televisionstationincity,b) <= (i,headquarteredin,f), (i,organizationheadquarteredincity,b), (a,televisionstationincity,f)
26.0	25.0	0.961538462	(a,animalsuchasinsect,b) <= (f,agentcompeteswithagent,j), (a,animalsuchasinsect,j), (b,arthropodcalledarthropod,f)
26.0	25.0	0.961538462	(a,organizationhiredperson,b) <= (g,organizationhiredperson,b), (g,subpartof,b), (b,topmemberoforganization,a)
26.0	25.0	0.961538462	(a,subpartof,b) <= (g,organizationhiredperson,b), (g,subpartof,b), (b,topmemberoforganization,a)
25.0	24.0	0.96	(a,statelocatedingeopoliticallocation,b) <= (i,hasofficeincountry,f), (i,organizationheadquarteredincountry,b), (a,statelocatedingeopoliticallocation,f)
25.0	24.0	0.96	(a,agentcollaborateswithagent,b) <= (e,agentcollaborateswithagent,b), (i,ceoof,a), (i,topmemberoforganization,e)
25.0	24.0	0.96	(a,citylocatedinstate,b) <= (i,airportincity,e), (i,buildinglocatedincity,a), (e,citylocatedinstate,b)
50.0	48.0	0.96	(a,organizationterminatedperson,b) <= (i,organizationterminatedperson,b), (a,organizationterminatedperson,f), (i,subpartof,f)
25.0	24.0	0.96	(a,agentcollaborateswithagent,b) <= (e,agentcollaborateswithagent,b), (i,ceoof,e), (i,topmemberoforganization,a)
50.0	48.0	0.96	(a,automobilemakerdealersincity,b) <= (e,automobilemakerdealersincity,b), (i,topmemberoforganization,e), (i,worksfor,a)
25.0	24.0	0.96	(a,sportsgamewinner,b) <= (i,athleteledsportsteam,b), (i,personbelongstoorganization,f), (a,sportsgamewinner,f)
99.0	95.0	0.95959596	(a,agentcontrols,b) <= (b,agentbelongstoorganization,h), (h,agentcontrols,b), (b,subpartof,a)
99.0	95.0	0.95959596	(a,agentbelongstoorganization,b) <= (a,agentbelongstoorganization,h), (h,agentcontrols,a), (a,subpartof,b)
148.0	142.0	0.959459459	(a,organizationterminatedperson,b) <= (f,ceoof,j), (j,organizationterminatedperson,b), (a,organizationterminatedperson,f)
49.0	47.0	0.959183673	(a,agentcompeteswithagent,b) <= (i,agentbelongstoorganization,a), (i,agentcollaborateswithagent,e), (e,agentcompeteswithagent,b)
24.0	23.0	0.958333333	(a,countryalsoknownas,b) <= (i,citylocatedincountry,b), (a,countryalsoknownas,f), (i,proxyfor,f)
24.0	23.0	0.958333333	(a,newspaperincity,b) <= (b,locationlocatedwithinlocation,f), (a,newspaperincity,j), (f,newspaperincity,j)
24.0	23.0	0.958333333	(a,newspaperincity,b) <= (i,locationlocatedwithinlocation,f), (a,newspaperincity,f), (i,subpartof,b)
48.0	46.0	0.958333333	(a,atlocation,b) <= (a,atlocation,f), (i,organizationheadquarteredincity,b), (i,radiostationincity,f)
24.0	23.0	0.958333333	(a,subpartof,b) <= (f,mutualproxyfor,j), (j,personhasresidenceingeopoliticallocation,b), (a,subpartof,f)
24.0	23.0	0.958333333	(a,countryalsoknownas,b) <= (i,citylocatedincountry,a), (e,countryalsoknownas,b), (i,proxyfor,e)
263.0	252.0	0.958174905	(a,organizationhiredperson,b) <= (a,organizationhiredperson,f), (j,organizationterminatedperson,b), (f,personleadsorganization,j)
95.0	91.0	0.957894737	(a,stadiumlocatedincity,b) <= (i,organizationheadquarteredincity,f), (a,stadiumlocatedincity,f), (i,televisionstationincity,b)
166.0	159.0	0.957831325	(a,persongraduatedschool,b) <= (a,persongraduatedschool,j), (f,persongraduatedschool,j), (b,synonymfor,f)
117.0	112.0	0.957264957	(a,academicprogramatuniversity,b) <= (a,academicprogramatuniversity,j), (f,persongraduatedschool,j), (b,synonymfor,f)
70.0	67.0	0.957142857	(a,agentactsinlocation,b) <= (j,agentactsinlocation,b), (f,agentcollaborateswithagent,j), (a,agentcontrols,f)
23.0	22.0	0.956521739	(a,mutualproxyfor,b) <= (i,agentcontrols,f), (i,mutualproxyfor,b), (a,mutualproxyfor,f)
23.0	22.0	0.956521739	(a,mutualproxyfor,b) <= (a,mutualproxyfor,h), (a,organizationterminatedperson,b), (a,subpartof,h)
23.0	22.0	0.956521739	(a,acquired,b) <= (e,acquired,b), (e,agentcollaborateswithagent,j), (j,topmemberoforganization,a)
23.0	22.0	0.956521739	(a,subpartof,b) <= (a,mutualproxyfor,h), (a,organizationterminatedperson,b), (a,subpartof,h)
23.0	22.0	0.956521739	(a,mutualproxyfor,b) <= (a,mutualproxyfor,h), (a,organizationterminatedperson,b), (h,topmemberoforganization,a)
23.0	22.0	0.956521739	(a,agentbelongstoorganization,b) <= (a,agentbelongstoorganization,j), (b,agentcollaborateswithagent,f), (f,journalistwritesforpublication,j)
23.0	22.0	0.956521739	(a,topmemberoforganization,b) <= (b,mutualproxyfor,h), (b,organizationterminatedperson,a), (h,topmemberoforganization,b)
23.0	22.0	0.956521739	(a,journalistwritesforpublication,b) <= (i,agentbelongstoorganization,b), (i,agentcollaborateswithagent,f), (a,journalistwritesforpublication,f)
46.0	44.0	0.956521739	(a,topmemberoforganization,b) <= (h,organizationhiredperson,a), (b,organizationterminatedperson,a), (a,topmemberoforganization,h)
23.0	22.0	0.956521739	(a,organizationterminatedperson,b) <= (a,mutualproxyfor,b), (g,organizationterminatedperson,b), (g,subpartof,b)
23.0	22.0	0.956521739	(a,atdate,b) <= (e,atdate,b), (i,organizationheadquarteredincity,e), (i,radiostationincity,a)
114.0	109.0	0.956140351	(a,ceoof,b) <= (j,ceoof,b), (a,ceoof,f), (f,organizationterminatedperson,j)
91.0	87.0	0.956043956	(a,topmemberoforganization,b) <= (i,ceoof,f), (i,topmemberoforganization,b), (a,topmemberoforganization,f)
45.0	43.0	0.955555556	(a,airportincity,b) <= (a,airportincity,f), (i,organizationheadquarteredincity,f), (i,televisionstationincity,b)
45.0	43.0	0.955555556	(a,airportincity,b) <= (a,airportincity,f), (i,organizationheadquarteredincity,b), (i,televisionstationincity,f)
155.0	148.0	0.95483871	(a,competeswith,b) <= (i,competeswith,b), (a,organizationhiredperson,f), (i,organizationterminatedperson,f)
44.0	42.0	0.954545455	(a,worksfor,b) <= (f,mutualproxyfor,j), (a,personleadsorganization,f), (j,worksfor,b)
22.0	21.0	0.954545455	(a,locationlocatedwithinlocation,b) <= (i,headquarteredin,a), (e,locationlocatedwithinlocation,b), (i,organizationheadquarteredincity,e)
22.0	21.0	0.954545455	(a,languageofcountry,b) <= (i,hasofficeincountry,b), (a,languageofcountry,f), (i,organizationheadquarteredincountry,f)
44.0	42.0	0.954545455	(a,cityliesonriver,b) <= (e,cityliesonriver,b), (i,organizationheadquarteredincity,a), (i,televisionstationincity,e)
22.0	21.0	0.954545455	(a,hasofficeincity,b) <= (i,hasofficeincity,b), (i,mutualproxyfor,f), (a,organizationhiredperson,f)
694.0	662.0	0.95389049	(a,locationlocatedwithinlocation,b) <= (j,agentactsinlocation,a), (e,locationlocatedwithinlocation,b), (e,proxyfor,j)
43.0	41.0	0.953488372	(a,proxyfor,b) <= (b,organizationterminatedperson,f), (f,personbelongstoorganization,j), (a,proxyfor,j)
171.0	163.0	0.953216374	(a,organizationterminatedperson,b) <= (j,organizationterminatedperson,b), (a,organizationterminatedperson,f), (f,topmemberoforganization,j)
64.0	61.0	0.953125	(a,subpartof,b) <= (a,agentcollaborateswithagent,b), (h,agentcontrols,a), (a,subpartof,h)
64.0	61.0	0.953125	(a,agentcontrols,b) <= (b,agentcollaborateswithagent,a), (h,agentcontrols,b), (b,subpartof,h)
106.0	101.0	0.952830189	(a,proxyfor,b) <= (i,personhasresidenceingeopoliticallocation,b), (i,personleadsorganization,f), (a,proxyfor,f)
21.0	20.0	0.952380952	(a,buildinglocatedincity,b) <= (f,attractionofcity,j), (a,buildinglocatedincity,j), (b,proxyfor,f)
42.0	40.0	0.952380952	(a,countrylocatedingeopoliticallocation,b) <= (e,countrylocatedingeopoliticallocation,b), (i,hasofficeincountry,a), (i,organizationheadquarteredincountry,e)
21.0	20.0	0.952380952	(a,parentofperson,b) <= (j,motherofperson,a), (e,parentofperson,b), (e,parentofperson,j)
84.0	80.0	0.952380952	(a,agentcollaborateswithagent,b) <= (a,agentbelongstoorganization,h), (a,agentcollaborateswithagent,h), (b,agentcontrols,a)
21.0	20.0	0.952380952	(a,motherofperson,b) <= (a,motherofperson,j), (f,motherofperson,j), (b,parentofperson,f)
42.0	40.0	0.952380952	(a,subpartof,b) <= (j,organizationterminatedperson,b), (a,subpartof,f), (f,topmemberoforganization,j)
21.0	20.0	0.952380952	(a,cityalsoknownas,b) <= (i,airportincity,f), (i,buildinglocatedincity,b), (a,cityalsoknownas,f)
21.0	20.0	0.952380952	(a,museumincity,b) <= (a,museumincity,j), (j,organizationhiredperson,f), (b,organizationterminatedperson,f)
21.0	20.0	0.952380952	(a,ceoof,b) <= (e,ceoof,b), (i,mutualproxyfor,e), (i,subpartof,a)
125.0	119.0	0.952	(a,agentbelongstoorganization,b) <= (b,acquired,f), (j,acquired,f), (a,agentcollaborateswithagent,j)
104.0	99.0	0.951923077	(a,televisionstationincity,b) <= (i,organizationheadquarteredincity,b), (a,televisionstationincity,f), (i,televisionstationincity,f)
124.0	118.0	0.951612903	(a,cityliesonriver,b) <= (i,airportincity,e), (i,buildinglocatedincity,a), (e,cityliesonriver,b)
41.0	39.0	0.951219512	(a,organizationheadquarteredincity,b) <= (f,attractionofcity,j), (a,organizationheadquarteredincity,j), (b,proxyfor,f)
41.0	39.0	0.951219512	(a,musicianinmusicartist,b) <= (i,musicianinmusicartist,b), (a,musicianinmusicartist,f), (i,personbelongstoorganization,f)
41.0	39.0	0.951219512	(a,hasofficeincountry,b) <= (a,hasofficeincountry,j), (b,organizationhiredperson,f), (f,personbelongstoorganization,j)
61.0	58.0	0.950819672	(a,automobilemakerdealersincity,b) <= (i,airportincity,f), (a,automobilemakerdealersincity,f), (i,buildinglocatedincity,b)
61.0	58.0	0.950819672	(a,proxyfor,b) <= (i,headquarteredin,a), (i,organizationheadquarteredincity,e), (e,proxyfor,b)
61.0	58.0	0.950819672	(a,automobilemakerdealersincity,b) <= (i,airportincity,b), (a,automobilemakerdealersincity,f), (i,buildinglocatedincity,f)
101.0	96.0	0.95049505	(a,hasofficeincity,b) <= (a,hasofficeincity,f), (i,organizationheadquarteredincity,b), (i,radiostationincity,f)
20.0	19.0	0.95	(a,organizationhiredperson,b) <= (e,organizationhiredperson,b), (j,personleadsorganization,a), (e,subpartof,j)
40.0	38.0	0.95	(a,teamplaysagainstteam,b) <= (b,agentcompeteswithagent,h), (b,teamplaysagainstteam,a), (a,teamplaysagainstteam,h)
60.0	57.0	0.95	(a,organizationhiredperson,b) <= (j,organizationhiredperson,b), (a,organizationterminatedperson,f), (f,topmemberoforganization,j)
20.0	19.0	0.95	(a,sportsgameteam,b) <= (j,agentcollaborateswithagent,e), (e,athleteplaysforteam,b), (a,sportsgameteam,j)
20.0	19.0	0.95	(a,mutualproxyfor,b) <= (f,agentcollaborateswithagent,j), (a,mutualproxyfor,j), (b,personleadsgeopoliticalorganization,f)
80.0	76.0	0.95	(a,organizationterminatedperson,b) <= (i,mutualproxyfor,f), (i,organizationterminatedperson,b), (a,organizationterminatedperson,f)
40.0	38.0	0.95	(a,subpartof,b) <= (j,organizationhiredperson,b), (a,subpartof,f), (f,topmemberoforganization,j)
59.0	56.0	0.949152542	(a,radiostationincity,b) <= (i,headquarteredin,b), (i,organizationheadquarteredincity,f), (a,radiostationincity,f)
59.0	56.0	0.949152542	(a,cityliesonriver,b) <= (e,cityliesonriver,b), (i,headquarteredin,a), (i,organizationheadquarteredincity,e)
97.0	92.0	0.948453608	(a,organizationheadquarteredincity,b) <= (b,mutualproxyfor,f), (a,organizationheadquarteredincity,j), (j,organizationhiredperson,f)
116.0	110.0	0.948275862	(a,hasofficeincity,b) <= (a,hasofficeincity,f), (i,organizationheadquarteredincity,b), (i,televisionstationincity,f)
57.0	54.0	0.947368421	(a,acquired,b) <= (e,acquired,b), (i,ceoof,a), (i,topmemberoforganization,e)
19.0	18.0	0.947368421	(a,athleteflyouttosportsteamposition,b) <= (f,agentcollaborateswithagent,j), (j,athleteflyouttosportsteamposition,b), (a,athleteledsportsteam,f)
19.0	18.0	0.947368421	(a,agentcompeteswithagent,b) <= (i,agentcompeteswithagent,b), (a,organizationhiredperson,f), (i,organizationterminatedperson,f)
19.0	18.0	0.947368421	(a,personbelongstoorganization,b) <= (f,citylocatedingeopoliticallocation,j), (b,mutualproxyfor,f), (a,personbelongstoorganization,j)
19.0	18.0	0.947368421	(a,mutualproxyfor,b) <= (j,mutualproxyfor,b), (a,organizationhiredperson,f), (f,topmemberoforganization,j)
19.0	18.0	0.947368421	(a,organizationhiredperson,b) <= (e,mutualproxyfor,j), (e,organizationhiredperson,b), (j,personhasresidenceingeopoliticallocation,a)
19.0	18.0	0.947368421	(a,mutualproxyfor,b) <= (b,mutualproxyfor,f), (a,mutualproxyfor,j), (f,personhasresidenceingeopoliticallocation,j)
37.0	35.0	0.945945946	(a,arthropodcalledarthropod,b) <= (i,agentcompeteswithagent,b), (i,arthropodandotherarthropod,f), (a,arthropodcalledarthropod,f)
37.0	35.0	0.945945946	(a,mutualproxyfor,b) <= (a,mutualproxyfor,h), (b,personleadsorganization,a), (h,worksfor,a)
129.0	122.0	0.945736434	(a,agentbelongstoorganization,b) <= (j,agentcontrols,a), (b,organizationhiredperson,f), (f,topmemberoforganization,j)
129.0	122.0	0.945736434	(a,agentbelongstoorganization,b) <= (b,agentcontrols,a), (b,organizationhiredperson,h), (h,topmemberoforganization,b)
18.0	17.0	0.944444444	(a,agentcollaborateswithagent,b) <= (j,agentcollaborateswithagent,b), (a,agentcollaborateswithagent,f), (f,journalistwritesforpublication,j)
18.0	17.0	0.944444444	(a,subpartof,b) <= (a,organizationhiredperson,f), (f,personleadsorganization,j), (j,subpartof,b)
36.0	34.0	0.944444444	(a,ceoof,b) <= (a,ceoof,h), (h,organizationterminatedperson,a), (a,topmemberoforganization,b)
36.0	34.0	0.944444444	(a,organizationterminatedperson,b) <= (b,ceoof,h), (h,organizationterminatedperson,b), (b,topmemberoforganization,a)
36.0	34.0	0.944444444	(a,citylocatedincountry,b) <= (i,airportincity,a), (i,buildinglocatedincity,e), (e,citylocatedincountry,b)
54.0	51.0	0.944444444	(a,languageofcountry,b) <= (i,citylocatedincountry,b), (a,languageofcountry,f), (i,proxyfor,f)
18.0	17.0	0.944444444	(a,organizationhiredperson,b) <= (a,organizationhiredperson,f), (f,personleadsorganization,j), (j,subpartof,b)
18.0	17.0	0.944444444	(a,subpartof,b) <= (f,organizationhiredperson,j), (b,personleadsorganization,f), (a,subpartof,j)
18.0	17.0	0.944444444	(a,topmemberoforganization,b) <= (j,ceoof,b), (f,mutualproxyfor,j), (a,topmemberoforganization,f)
18.0	17.0	0.944444444	(a,agentcompeteswithagent,b) <= (j,agentcompeteswithagent,b), (a,organizationhiredperson,f), (f,personleadsorganization,j)
18.0	17.0	0.944444444	(a,personbelongstoorganization,b) <= (i,athleteplaysforteam,b), (a,personbelongstoorganization,f), (i,worksfor,f)
18.0	17.0	0.944444444	(a,mutualproxyfor,b) <= (a,mutualproxyfor,f), (i,personhasresidenceingeopoliticallocation,b), (i,personleadsorganization,f)
18.0	17.0	0.944444444	(a,hasofficeincountry,b) <= (j,hasofficeincountry,b), (a,organizationterminatedperson,f), (f,topmemberoforganization,j)
106.0	100.0	0.943396226	(a,bankbankincountry,b) <= (a,bankbankincountry,f), (i,citylocatedingeopoliticallocation,b), (i,proxyfor,f)
53.0	50.0	0.943396226	(a,sportsgameteam,b) <= (e,athleteledsportsteam,b), (e,personbelongstoorganization,j), (a,sportsgameteam,j)
53.0	50.0	0.943396226	(a,televisionstationincity,b) <= (i,headquarteredin,b), (i,organizationheadquarteredincity,f), (a,televisionstationincity,f)
35.0	33.0	0.942857143	(a,mutualproxyfor,b) <= (j,mutualproxyfor,b), (a,mutualproxyfor,f), (f,personhasresidenceingeopoliticallocation,j)
35.0	33.0	0.942857143	(a,mutualproxyfor,b) <= (a,mutualproxyfor,f), (f,organizationterminatedperson,j), (j,personbelongstoorganization,b)
87.0	82.0	0.942528736	(a,televisionstationincity,b) <= (i,airportincity,b), (i,buildinglocatedincity,f), (a,televisionstationincity,f)
87.0	82.0	0.942528736	(a,citycapitalofcountry,b) <= (a,citycapitalofcountry,f), (i,citycapitalofcountry,f), (i,citylocatedincountry,b)
17.0	16.0	0.941176471	(a,subpartof,b) <= (b,ceoof,a), (g,organizationterminatedperson,b), (g,subpartof,b)
17.0	16.0	0.941176471	(a,teamplaysincity,b) <= (b,mutualproxyfor,f), (j,organizationhiredperson,f), (a,teamplaysincity,j)
17.0	16.0	0.941176471	(a,organizationterminatedperson,b) <= (j,ceoof,a), (e,organizationterminatedperson,b), (e,subpartof,j)
17.0	16.0	0.941176471	(a,topmemberoforganization,b) <= (i,mutualproxyfor,e), (i,organizationhiredperson,a), (e,topmemberoforganization,b)
17.0	16.0	0.941176471	(a,organizationterminatedperson,b) <= (j,organizationterminatedperson,b), (a,organizationterminatedperson,f), (f,personbelongstoorganization,j)
17.0	16.0	0.941176471	(a,subpartof,b) <= (a,organizationhiredperson,b), (b,personleadsorganization,h), (h,subpartof,b)
17.0	16.0	0.941176471	(a,ceoof,b) <= (h,ceoof,b), (b,organizationterminatedperson,h), (b,subpartof,a)
17.0	16.0	0.941176471	(a,subpartof,b) <= (a,organizationhiredperson,j), (b,personleadsorganization,f), (f,subpartof,j)
17.0	16.0	0.941176471	(a,organizationterminatedperson,b) <= (b,ceoof,a), (g,organizationterminatedperson,b), (g,subpartof,b)
17.0	16.0	0.941176471	(a,animalthatfeedoninsect,b) <= (f,agentcompeteswithagent,j), (a,animalthatfeedoninsect,j), (b,arthropodcalledarthropod,f)
17.0	16.0	0.941176471	(a,subpartof,b) <= (j,ceoof,a), (e,organizationterminatedperson,b), (e,subpartof,j)
17.0	16.0	0.941176471	(a,citylocatedinstate,b) <= (e,citylocatedinstate,b), (i,headquarteredin,a), (i,organizationheadquarteredincity,e)
17.0	16.0	0.941176471	(a,citylocatedinstate,b) <= (e,citylocatedinstate,b), (i,headquarteredin,e), (i,organizationheadquarteredincity,a)
17.0	16.0	0.941176471	(a,organizationterminatedperson,b) <= (h,ceoof,a), (a,organizationterminatedperson,h), (a,subpartof,b)
17.0	16.0	0.941176471	(a,teamplayssport,b) <= (i,coachesteam,a), (e,teamplayssport,b), (i,worksfor,e)
34.0	32.0	0.941176471	(a,animalpreyson,b) <= (i,agentcompeteswithagent,b), (a,animalpreyson,f), (i,arthropodandotherarthropod,f)
84.0	79.0	0.94047619	(a,agentbelongstoorganization,b) <= (a,agentbelongstoorganization,h), (a,agentcollaborateswithagent,h), (b,agentcontrols,a)
50.0	47.0	0.94	(a,arthropodcalledarthropod,b) <= (j,agentcompeteswithagent,a), (e,animalsuchasinvertebrate,j), (e,arthropodcalledarthropod,b)
33.0	31.0	0.939393939	(a,worksfor,b) <= (i,airportincity,b), (i,buildinglocatedincity,f), (a,worksfor,f)
33.0	31.0	0.939393939	(a,airportincity,b) <= (a,airportincity,f), (i,organizationheadquarteredincity,b), (i,radiostationincity,f)
33.0	31.0	0.939393939	(a,organizationterminatedperson,b) <= (i,mutualproxyfor,f), (a,organizationhiredperson,f), (i,organizationterminatedperson,b)
33.0	31.0	0.939393939	(a,agentactsinlocation,b) <= (a,agentactsinlocation,f), (i,headquarteredin,b), (i,organizationheadquarteredincity,f)
33.0	31.0	0.939393939	(a,transportationincity,b) <= (i,headquarteredin,b), (i,organizationheadquarteredincity,f), (a,transportationincity,f)
66.0	62.0	0.939393939	(a,televisionstationincity,b) <= (i,organizationheadquarteredincity,b), (i,radiostationincity,f), (a,televisionstationincity,f)
33.0	31.0	0.939393939	(a,organizationhiredperson,b) <= (i,mutualproxyfor,f), (a,organizationhiredperson,f), (i,organizationterminatedperson,b)
49.0	46.0	0.93877551	(a,organizationterminatedperson,b) <= (i,ceoof,e), (e,organizationterminatedperson,b), (i,topmemberoforganization,a)
49.0	46.0	0.93877551	(a,atlocation,b) <= (a,atlocation,f), (i,organizationheadquarteredincity,f), (i,radiostationincity,b)
98.0	92.0	0.93877551	(a,stadiumlocatedincity,b) <= (i,headquarteredin,b), (i,organizationheadquarteredincity,f), (a,stadiumlocatedincity,f)
49.0	46.0	0.93877551	(a,organizationterminatedperson,b) <= (a,organizationhiredperson,h), (a,organizationterminatedperson,h), (b,topmemberoforganization,a)
130.0	122.0	0.938461538	(a,agentbelongstoorganization,b) <= (i,agentcontrols,a), (i,organizationhiredperson,e), (e,topmemberoforganization,b)
276.0	259.0	0.938405797	(a,organizationhiredperson,b) <= (a,organizationhiredperson,j), (f,organizationterminatedperson,j), (b,worksfor,f)
178.0	167.0	0.938202247	(a,airportincity,b) <= (i,airportincity,b), (a,airportincity,f), (i,buildinglocatedincity,f)
404.0	379.0	0.938118812	(a,organizationhiredperson,b) <= (i,organizationhiredperson,b), (a,organizationhiredperson,f), (i,organizationterminatedperson,f)
193.0	181.0	0.937823834	(a,headquarteredin,b) <= (i,airportincity,b), (i,buildinglocatedincity,f), (a,headquarteredin,f)
16.0	15.0	0.9375	(a,organizationhiredperson,b) <= (g,organizationhiredperson,b), (b,personleadsorganization,a), (g,subpartof,b)
16.0	15.0	0.9375	(a,subpartof,b) <= (e,organizationhiredperson,b), (e,subpartof,j), (j,worksfor,a)
16.0	15.0	0.9375	(a,acquired,b) <= (e,acquired,b), (e,organizationhiredperson,j), (j,topmemberoforganization,a)
16.0	15.0	0.9375	(a,organizationhiredperson,b) <= (a,organizationhiredperson,j), (f,subpartof,j), (b,worksfor,f)
16.0	15.0	0.9375	(a,ceoof,b) <= (a,ceoof,h), (b,mutualproxyfor,a), (h,subpartof,a)
16.0	15.0	0.9375	(a,subpartof,b) <= (b,ceoof,a), (a,mutualproxyfor,h), (a,subpartof,h)
16.0	15.0	0.9375	(a,hasofficeincity,b) <= (i,ceoof,e), (e,hasofficeincity,b), (i,topmemberoforganization,a)
32.0	30.0	0.9375	(a,organizationhiredperson,b) <= (i,ceoof,e), (e,organizationhiredperson,b), (i,topmemberoforganization,a)
16.0	15.0	0.9375	(a,organizationhiredperson,b) <= (a,organizationhiredperson,h), (h,personleadsorganization,a), (a,subpartof,b)
16.0	15.0	0.9375	(a,mutualproxyfor,b) <= (a,locationlocatedwithinlocation,f), (j,mutualproxyfor,b), (f,organizationheadquarteredincity,j)
16.0	15.0	0.9375	(a,subpartof,b) <= (g,organizationhiredperson,b), (g,subpartof,b), (b,worksfor,a)
48.0	45.0	0.9375	(a,athleteledsportsteam,b) <= (i,athleteledsportsteam,b), (a,athleteledsportsteam,f), (i,personbelongstoorganization,f)
32.0	30.0	0.9375	(a,subpartof,b) <= (b,ceoof,f), (f,organizationhiredperson,j), (a,subpartof,j)
16.0	15.0	0.9375	(a,mutualproxyfor,b) <= (e,agentcompeteswithagent,j), (j,headquarteredin,a), (e,mutualproxyfor,b)
16.0	15.0	0.9375	(a,agriculturalproducttoattractinsect,b) <= (i,agentcompeteswithagent,b), (a,agriculturalproducttoattractinsect,f), (i,arthropodandotherarthropod,f)
16.0	15.0	0.9375	(a,subpartof,b) <= (b,ceoof,h), (a,mutualproxyfor,b), (h,subpartof,b)
16.0	15.0	0.9375	(a,subpartof,b) <= (f,ceoof,j), (a,mutualproxyfor,f), (j,subpartof,b)
16.0	15.0	0.9375	(a,mutualproxyfor,b) <= (b,ceoof,a), (a,mutualproxyfor,h), (a,subpartof,h)
16.0	15.0	0.9375	(a,ceoof,b) <= (f,ceoof,j), (b,mutualproxyfor,f), (j,subpartof,a)
16.0	15.0	0.9375	(a,languageofcountry,b) <= (a,languageofcountry,f), (i,proxyfor,f), (i,subpartof,b)
16.0	15.0	0.9375	(a,topmemberoforganization,b) <= (j,ceoof,b), (f,organizationhiredperson,j), (a,topmemberoforganization,f)
16.0	15.0	0.9375	(a,subpartof,b) <= (b,locationlocatedwithinlocation,f), (f,organizationheadquarteredincity,j), (a,subpartof,j)
16.0	15.0	0.9375	(a,subpartof,b) <= (a,organizationhiredperson,j), (f,subpartof,j), (b,worksfor,f)
16.0	15.0	0.9375	(a,worksfor,b) <= (b,organizationterminatedperson,a), (g,topmemberoforganization,b), (g,worksfor,b)
16.0	15.0	0.9375	(a,personbelongstoorganization,b) <= (f,agentcompeteswithagent,j), (j,headquarteredin,b), (a,personbelongstoorganization,f)
458.0	429.0	0.936681223	(a,athleteflyouttosportsteamposition,b) <= (i,agentbelongstoorganization,f), (i,athleteflyouttosportsteamposition,b), (a,athleteplaysinleague,f)
47.0	44.0	0.936170213	(a,organizationterminatedperson,b) <= (g,organizationhiredperson,b), (g,organizationterminatedperson,b), (b,topmemberoforganization,a)
47.0	44.0	0.936170213	(a,organizationhiredperson,b) <= (g,organizationhiredperson,b), (g,organizationterminatedperson,b), (b,topmemberoforganization,a)
31.0	29.0	0.935483871	(a,organizationterminatedperson,b) <= (g,mutualproxyfor,b), (a,organizationhiredperson,b), (g,organizationterminatedperson,b)
31.0	29.0	0.935483871	(a,agentcompeteswithagent,b) <= (a,agentcompeteswithagent,f), (f,organizationterminatedperson,j), (j,worksfor,b)
31.0	29.0	0.935483871	(a,agentcollaborateswithagent,b) <= (h,agentcollaborateswithagent,b), (b,personleadsorganization,h), (b,worksfor,a)
31.0	29.0	0.935483871	(a,subpartof,b) <= (b,agentcompeteswithagent,f), (a,subpartof,j), (f,teamalsoknownas,j)
61.0	57.0	0.93442623	(a,atlocation,b) <= (a,atlocation,f), (i,attractionofcity,f), (i,subpartof,b)
61.0	57.0	0.93442623	(a,agentbelongstoorganization,b) <= (a,agentcollaborateswithagent,h), (b,agentcontrols,a), (a,subpartof,h)
286.0	267.0	0.933566434	(a,teamplaysagainstteam,b) <= (i,athleteledsportsteam,b), (i,personbelongstoorganization,f), (a,teamplaysagainstteam,f)
75.0	70.0	0.933333333	(a,agentactsinlocation,b) <= (j,agentactsinlocation,b), (a,agentactsinlocation,f), (f,mutualproxyfor,j)
15.0	14.0	0.933333333	(a,agentcollaborateswithagent,b) <= (j,agentcollaborateswithagent,b), (a,agentcontrols,f), (f,mutualproxyfor,j)
15.0	14.0	0.933333333	(a,mutualproxyfor,b) <= (a,mutualproxyfor,h), (a,organizationhiredperson,b), (h,topmemberoforganization,a)
45.0	42.0	0.933333333	(a,cityliesonriver,b) <= (e,cityliesonriver,b), (i,organizationheadquarteredincity,e), (i,televisionstationincity,a)
30.0	28.0	0.933333333	(a,organizationhiredperson,b) <= (a,mutualproxyfor,h), (a,organizationhiredperson,h), (a,organizationterminatedperson,b)
15.0	14.0	0.933333333	(a,mutualproxyfor,b) <= (a,mutualproxyfor,f), (i,organizationheadquarteredincity,b), (i,televisionstationincity,f)
30.0	28.0	0.933333333	(a,subpartof,b) <= (a,organizationterminatedperson,f), (j,subpartof,b), (f,topmemberoforganization,j)
15.0	14.0	0.933333333	(a,organizationhiredperson,b) <= (h,ceoof,a), (a,organizationhiredperson,h), (b,topmemberoforganization,a)
15.0	14.0	0.933333333	(a,sportfansincountry,b) <= (i,proxyfor,f), (a,sportfansincountry,f), (i,subpartof,b)
15.0	14.0	0.933333333	(a,ceoof,b) <= (h,ceoof,b), (b,organizationhiredperson,h), (a,topmemberoforganization,b)
15.0	14.0	0.933333333	(a,organizationhiredperson,b) <= (b,ceoof,h), (h,organizationhiredperson,b), (b,topmemberoforganization,a)
15.0	14.0	0.933333333	(a,topmemberoforganization,b) <= (j,mutualproxyfor,f), (b,organizationhiredperson,f), (a,topmemberoforganization,j)
15.0	14.0	0.933333333	(a,companyalsoknownas,b) <= (i,companyalsoknownas,b), (a,companyalsoknownas,f), (i,organizationalsoknownas,f)
30.0	28.0	0.933333333	(a,mutualproxyfor,b) <= (a,mutualproxyfor,h), (a,organizationhiredperson,h), (a,organizationterminatedperson,b)
15.0	14.0	0.933333333	(a,countryalsoknownas,b) <= (b,countryalsoknownas,a), (b,countrylocatedingeopoliticallocation,h), (a,locationlocatedwithinlocation,h)
15.0	14.0	0.933333333	(a,citylocatedingeopoliticallocation,b) <= (e,citylocatedingeopoliticallocation,b), (i,headquarteredin,e), (i,organizationheadquarteredincity,a)
15.0	14.0	0.933333333	(a,atlocation,b) <= (f,agentcollaborateswithagent,j), (a,atlocation,f), (j,personbelongstoorganization,b)
30.0	28.0	0.933333333	(a,subpartof,b) <= (i,agentcompeteswithagent,b), (a,subpartof,f), (i,teamalsoknownas,f)
30.0	28.0	0.933333333	(a,subpartof,b) <= (e,organizationhiredperson,j), (e,subpartof,b), (j,topmemberoforganization,a)
15.0	14.0	0.933333333	(a,ceoof,b) <= (a,ceoof,h), (h,organizationhiredperson,a), (a,topmemberoforganization,b)
15.0	14.0	0.933333333	(a,organizationheadquarteredincity,b) <= (j,agentbelongstoorganization,b), (f,mutualproxyfor,j), (a,organizationheadquarteredincity,f)
15.0	14.0	0.933333333	(a,countrylocatedingeopoliticallocation,b) <= (f,citylocatedincountry,j), (a,countrylocatedingeopoliticallocation,j), (b,mutualproxyfor,f)
30.0	28.0	0.933333333	(a,cityalsoknownas,b) <= (i,airportincity,a), (i,buildinglocatedincity,e), (e,cityalsoknownas,b)
15.0	14.0	0.933333333	(a,topmemberoforganization,b) <= (b,mutualproxyfor,h), (b,organizationhiredperson,a), (h,topmemberoforganization,b)
30.0	28.0	0.933333333	(a,subpartof,b) <= (b,ceoof,f), (f,organizationterminatedperson,j), (a,subpartof,j)
15.0	14.0	0.933333333	(a,mutualproxyfor,b) <= (f,mutualproxyfor,j), (a,organizationhiredperson,j), (b,topmemberoforganization,f)
15.0	14.0	0.933333333	(a,citycapitalofcountry,b) <= (i,airportincity,e), (i,buildinglocatedincity,a), (e,citycapitalofcountry,b)
15.0	14.0	0.933333333	(a,worksfor,b) <= (b,organizationhiredperson,a), (h,subpartof,a), (a,worksfor,h)
15.0	14.0	0.933333333	(a,topmemberoforganization,b) <= (h,mutualproxyfor,a), (b,organizationhiredperson,a), (a,topmemberoforganization,h)
15.0	14.0	0.933333333	(a,mutualproxyfor,b) <= (h,mutualproxyfor,b), (a,organizationhiredperson,b), (b,topmemberoforganization,h)
299.0	279.0	0.933110368	(a,hotelincity,b) <= (i,airportincity,f), (i,buildinglocatedincity,b), (a,hotelincity,f)
164.0	153.0	0.932926829	(a,countrylocatedingeopoliticallocation,b) <= (i,citycapitalofcountry,a), (i,citylocatedincountry,e), (e,countrylocatedingeopoliticallocation,b)
178.0	166.0	0.93258427	(a,worksfor,b) <= (f,organizationterminatedperson,j), (j,worksfor,b), (a,worksfor,f)
89.0	83.0	0.93258427	(a,subpartoforganization,b) <= (i,personbelongstoorganization,b), (i,personleadsorganization,f), (a,subpartoforganization,f)
807.0	752.0	0.931846344	(a,subpartoforganization,b) <= (b,agentcontrols,f), (f,subpartof,j), (a,subpartoforganization,j)
44.0	41.0	0.931818182	(a,proxyfor,b) <= (f,organizationterminatedperson,j), (j,personbelongstoorganization,b), (a,proxyfor,f)
88.0	82.0	0.931818182	(a,televisionstationincity,b) <= (i,airportincity,f), (i,buildinglocatedincity,b), (a,televisionstationincity,f)
831.0	774.0	0.931407942	(a,subpartoforganization,b) <= (i,agentcollaborateswithagent,f), (i,subpartof,b), (a,subpartoforganization,f)
29.0	27.0	0.931034483	(a,organizationheadquarteredincity,b) <= (a,organizationheadquarteredincity,j), (b,organizationterminatedperson,f), (f,worksfor,j)
29.0	27.0	0.931034483	(a,organizationheadquarteredincity,b) <= (f,citylocatedingeopoliticallocation,j), (b,mutualproxyfor,f), (a,organizationheadquarteredincity,j)
29.0	27.0	0.931034483	(a,hasofficeincity,b) <= (f,attractionofcity,j), (a,hasofficeincity,j), (b,proxyfor,f)
43.0	40.0	0.930232558	(a,buildinglocatedincity,b) <= (a,buildinglocatedincity,f), (i,organizationheadquarteredincity,f), (i,televisionstationincity,b)
57.0	53.0	0.929824561	(a,topmemberoforganization,b) <= (j,ceoof,b), (f,organizationterminatedperson,j), (a,topmemberoforganization,f)
155.0	144.0	0.929032258	(a,athleteplaysforteam,b) <= (i,athleteledsportsteam,b), (a,athleteplaysforteam,f), (i,personbelongstoorganization,f)
14.0	13.0	0.928571429	(a,organizationheadquarteredincity,b) <= (i,ceoof,e), (e,organizationheadquarteredincity,b), (i,topmemberoforganization,a)
14.0	13.0	0.928571429	(a,subpartof,b) <= (a,mutualproxyfor,f), (j,subpartof,b), (f,topmemberoforganization,j)
14.0	13.0	0.928571429	(a,mutualproxyfor,b) <= (b,ceoof,h), (h,mutualproxyfor,b), (b,topmemberoforganization,a)
14.0	13.0	0.928571429	(a,headquarteredin,b) <= (i,headquarteredin,b), (a,organizationhiredperson,f), (i,organizationterminatedperson,f)
14.0	13.0	0.928571429	(a,personhascitizenship,b) <= (i,citylocatedingeopoliticallocation,b), (a,personhascitizenship,f), (i,proxyfor,f)
14.0	13.0	0.928571429	(a,subpartof,b) <= (i,headquarteredin,a), (i,organizationheadquarteredincity,e), (e,subpartof,b)
14.0	13.0	0.928571429	(a,citylocatedinstate,b) <= (e,citylocatedinstate,b), (i,organizationheadquarteredincity,a), (i,radiostationincity,e)
28.0	26.0	0.928571429	(a,automobilemakerdealersincity,b) <= (a,automobilemakerdealersincity,f), (i,headquarteredin,b), (i,organizationheadquarteredincity,f)
14.0	13.0	0.928571429	(a,citylocatedincountry,b) <= (e,citylocatedincountry,b), (i,headquarteredin,e), (i,organizationheadquarteredincity,a)
14.0	13.0	0.928571429	(a,televisionstationincity,b) <= (f,attractionofcity,j), (b,proxyfor,f), (a,televisionstationincity,j)
14.0	13.0	0.928571429	(a,locationlocatedwithinlocation,b) <= (e,locationlocatedwithinlocation,b), (i,organizationheadquarteredincity,e), (i,televisionstationincity,a)
14.0	13.0	0.928571429	(a,competeswith,b) <= (e,agentcollaborateswithagent,j), (e,competeswith,b), (j,topmemberoforganization,a)
14.0	13.0	0.928571429	(a,atdate,b) <= (j,atdate,b), (e,attractionofcity,j), (e,subpartof,a)
14.0	13.0	0.928571429	(a,subpartoforganization,b) <= (i,ceoof,a), (e,subpartoforganization,b), (i,topmemberoforganization,e)
28.0	26.0	0.928571429	(a,organizationterminatedperson,b) <= (a,organizationterminatedperson,h), (a,subpartof,b), (h,topmemberoforganization,a)
14.0	13.0	0.928571429	(a,cityliesonriver,b) <= (i,buildinglocatedincity,a), (e,cityliesonriver,b), (i,locationlocatedwithinlocation,e)
28.0	26.0	0.928571429	(a,subpartof,b) <= (i,personhasresidenceingeopoliticallocation,f), (i,personleadsorganization,b), (a,subpartof,f)
14.0	13.0	0.928571429	(a,subpartof,b) <= (i,airportincity,a), (i,buildinglocatedincity,e), (e,subpartof,b)
14.0	13.0	0.928571429	(a,subpartof,b) <= (e,organizationterminatedperson,b), (e,subpartof,j), (j,worksfor,a)
14.0	13.0	0.928571429	(a,worksfor,b) <= (i,organizationterminatedperson,a), (i,subpartof,e), (e,worksfor,b)
14.0	13.0	0.928571429	(a,mutualproxyfor,b) <= (j,mutualproxyfor,b), (f,personleadsorganization,j), (a,subpartof,f)
14.0	13.0	0.928571429	(a,mutualproxyfor,b) <= (a,mutualproxyfor,j), (b,personleadsorganization,f), (f,subpartof,j)
14.0	13.0	0.928571429	(a,citylocatedincountry,b) <= (e,citylocatedincountry,b), (i,headquarteredin,a), (i,organizationheadquarteredincity,e)
28.0	26.0	0.928571429	(a,hasspouse,b) <= (j,hasspouse,b), (a,hasspouse,f), (f,haswife,j)
28.0	26.0	0.928571429	(a,topmemberoforganization,b) <= (b,organizationterminatedperson,h), (b,subpartof,a), (h,topmemberoforganization,b)
14.0	13.0	0.928571429	(a,proxyfor,b) <= (h,atdate,a), (b,locationlocatedwithinlocation,h), (b,mutualproxyfor,a)
14.0	13.0	0.928571429	(a,mutualproxyfor,b) <= (a,mutualproxyfor,f), (j,subpartof,b), (f,topmemberoforganization,j)
14.0	13.0	0.928571429	(a,organizationheadquarteredincity,b) <= (i,ceoof,a), (e,organizationheadquarteredincity,b), (i,topmemberoforganization,e)
166.0	154.0	0.927710843	(a,atdate,b) <= (i,airportincity,e), (e,atdate,b), (i,buildinglocatedincity,a)
179.0	166.0	0.927374302	(a,teamplaysinleague,b) <= (i,agentbelongstoorganization,f), (i,subpartof,b), (a,teamplaysinleague,f)
41.0	38.0	0.926829268	(a,teamplaysagainstteam,b) <= (h,agentcompeteswithagent,b), (b,teamplaysagainstteam,a), (a,teamplaysagainstteam,h)
41.0	38.0	0.926829268	(a,teamplaysagainstteam,b) <= (g,agentcompeteswithagent,a), (b,teamplaysagainstteam,a), (g,teamplaysagainstteam,b)
68.0	63.0	0.926470588	(a,agentactsinlocation,b) <= (a,agentactsinlocation,f), (i,politicianrepresentslocation,f), (i,proxyfor,b)
27.0	25.0	0.925925926	(a,organizationhiredperson,b) <= (a,mutualproxyfor,b), (g,organizationhiredperson,b), (g,subpartof,b)
27.0	25.0	0.925925926	(a,agentcompeteswithagent,b) <= (a,agentcompeteswithagent,j), (b,organizationhiredperson,f), (f,personleadsorganization,j)
27.0	25.0	0.925925926	(a,buildinglocatedincity,b) <= (a,buildinglocatedincity,j), (b,mutualproxyfor,f), (j,organizationhiredperson,f)
40.0	37.0	0.925	(a,teamplayssport,b) <= (j,coachesteam,a), (e,organizationhiredperson,j), (e,teamplayssport,b)
40.0	37.0	0.925	(a,mutualproxyfor,b) <= (h,mutualproxyfor,b), (b,personleadsorganization,h), (b,worksfor,a)
40.0	37.0	0.925	(a,personleadsorganization,b) <= (h,mutualproxyfor,a), (a,personleadsorganization,h), (a,worksfor,b)
53.0	49.0	0.924528302	(a,mutualproxyfor,b) <= (a,mutualproxyfor,f), (j,organizationterminatedperson,b), (f,topmemberoforganization,j)
13.0	12.0	0.923076923	(a,proxyfor,b) <= (b,organizationhiredperson,f), (a,proxyfor,j), (f,subpartof,j)
13.0	12.0	0.923076923	(a,automobilemakerdealersincity,b) <= (f,acquired,j), (j,automobilemakerdealersincity,b), (a,subpartoforganization,f)
13.0	12.0	0.923076923	(a,countryalsoknownas,b) <= (i,citylocatedincountry,a), (i,citylocatedingeopoliticallocation,e), (e,countryalsoknownas,b)
13.0	12.0	0.923076923	(a,proxyfor,b) <= (i,hasofficeincountry,b), (i,organizationheadquarteredincountry,f), (a,proxyfor,f)
13.0	12.0	0.923076923	(a,mutualproxyfor,b) <= (h,mutualproxyfor,b), (a,subpartof,b), (b,worksfor,h)
13.0	12.0	0.923076923	(a,citylocatedincountry,b) <= (j,citylocatedincountry,b), (a,citylocatedincountry,f), (f,mutualproxyfor,j)
13.0	12.0	0.923076923	(a,organizationterminatedperson,b) <= (g,organizationterminatedperson,b), (g,subpartof,b), (b,worksfor,a)
26.0	24.0	0.923076923	(a,personbelongstoorganization,b) <= (i,locationlocatedwithinlocation,f), (a,personbelongstoorganization,f), (i,subpartof,b)
13.0	12.0	0.923076923	(a,worksfor,b) <= (b,organizationterminatedperson,f), (j,subpartof,f), (a,worksfor,j)
13.0	12.0	0.923076923	(a,organizationhiredperson,b) <= (a,organizationterminatedperson,j), (f,subpartof,j), (b,worksfor,f)
13.0	12.0	0.923076923	(a,teamplaysincity,b) <= (f,attractionofcity,j), (b,proxyfor,f), (a,teamplaysincity,j)
13.0	12.0	0.923076923	(a,agentcollaborateswithagent,b) <= (a,agentcollaborateswithagent,f), (i,agentcompeteswithagent,b), (i,teamalsoknownas,f)
13.0	12.0	0.923076923	(a,agentcompeteswithagent,b) <= (b,agentcompeteswithagent,a), (h,agentcompeteswithagent,b), (a,competeswith,h)
13.0	12.0	0.923076923	(a,subpartof,b) <= (j,organizationterminatedperson,b), (f,personleadsorganization,j), (a,subpartof,f)
13.0	12.0	0.923076923	(a,topmemberoforganization,b) <= (b,mutualproxyfor,h), (b,subpartof,a), (h,topmemberoforganization,b)
13.0	12.0	0.923076923	(a,subpartof,b) <= (a,mutualproxyfor,b), (h,subpartof,b), (b,topmemberoforganization,h)
13.0	12.0	0.923076923	(a,topmemberoforganization,b) <= (a,ceoof,b), (h,mutualproxyfor,a), (a,topmemberoforganization,h)
13.0	12.0	0.923076923	(a,personleadsorganization,b) <= (b,mutualproxyfor,h), (h,personleadsorganization,b), (b,subpartof,a)
13.0	12.0	0.923076923	(a,attractionofcity,b) <= (a,attractionofcity,f), (i,organizationheadquarteredincity,b), (i,televisionstationincity,f)
13.0	12.0	0.923076923	(a,worksfor,b) <= (b,organizationterminatedperson,a), (h,subpartof,a), (a,worksfor,h)
13.0	12.0	0.923076923	(a,mutualproxyfor,b) <= (j,mutualproxyfor,b), (a,subpartof,f), (f,worksfor,j)
13.0	12.0	0.923076923	(a,agentcollaborateswithagent,b) <= (a,agentcollaborateswithagent,j), (f,organizationhiredperson,j), (b,topmemberoforganization,f)
13.0	12.0	0.923076923	(a,topmemberoforganization,b) <= (b,mutualproxyfor,a), (h,subpartof,a), (a,topmemberoforganization,h)
13.0	12.0	0.923076923	(a,hashusband,b) <= (j,hashusband,b), (a,hashusband,f), (f,hasspouse,j)
13.0	12.0	0.923076923	(a,personleadsorganization,b) <= (i,mutualproxyfor,a), (e,personleadsorganization,b), (i,subpartof,e)
13.0	12.0	0.923076923	(a,organizationhiredperson,b) <= (a,organizationterminatedperson,b), (h,subpartof,b), (b,worksfor,h)
13.0	12.0	0.923076923	(a,hashusband,b) <= (j,hashusband,b), (a,hashusband,f), (f,haswife,j)
13.0	12.0	0.923076923	(a,citylocatedinstate,b) <= (e,citylocatedinstate,b), (i,organizationheadquarteredincity,a), (i,televisionstationincity,e)
26.0	24.0	0.923076923	(a,competeswith,b) <= (f,ceoof,j), (j,competeswith,b), (a,organizationhiredperson,f)
13.0	12.0	0.923076923	(a,mutualproxyfor,b) <= (a,mutualproxyfor,h), (a,subpartof,b), (h,topmemberoforganization,a)
13.0	12.0	0.923076923	(a,agentcontrols,b) <= (a,agentcollaborateswithagent,f), (j,agentcontrols,b), (f,topmemberoforganization,j)
13.0	12.0	0.923076923	(a,subpartof,b) <= (a,mutualproxyfor,b), (h,subpartof,b), (b,worksfor,h)
13.0	12.0	0.923076923	(a,personleadsorganization,b) <= (b,mutualproxyfor,a), (h,personleadsorganization,b), (b,subpartof,h)
13.0	12.0	0.923076923	(a,competeswith,b) <= (j,automakerproducesmodel,f), (a,competeswith,j), (b,producesproduct,f)
51.0	47.0	0.921568627	(a,topmemberoforganization,b) <= (i,organizationhiredperson,e), (i,organizationterminatedperson,a), (e,topmemberoforganization,b)
38.0	35.0	0.921052632	(a,personbelongstoorganization,b) <= (i,athleteledsportsteam,f), (i,personbelongstoorganization,b), (a,personbelongstoorganization,f)
50.0	46.0	0.92	(a,organizationterminatedperson,b) <= (i,ceoof,a), (e,organizationterminatedperson,b), (i,topmemberoforganization,e)
50.0	46.0	0.92	(a,arthropodcalledarthropod,b) <= (i,agentcompeteswithagent,b), (a,arthropodcalledarthropod,f), (i,arthropodcalledarthropod,f)
25.0	23.0	0.92	(a,newspaperincity,b) <= (j,locationlocatedwithinlocation,b), (f,mutualproxyfor,j), (a,newspaperincity,f)
25.0	23.0	0.92	(a,subpartoforganization,b) <= (b,agentcollaborateswithagent,f), (f,journalistwritesforpublication,j), (a,subpartoforganization,j)
25.0	23.0	0.92	(a,personleadsorganization,b) <= (i,ceoof,b), (a,personleadsorganization,f), (i,topmemberoforganization,f)
25.0	23.0	0.92	(a,animalsuchasinvertebrate,b) <= (i,agentcompeteswithagent,a), (e,animalsuchasinvertebrate,b), (i,arthropodcalledarthropod,e)
25.0	23.0	0.92	(a,personleadsorganization,b) <= (i,ceoof,f), (a,personleadsorganization,f), (i,topmemberoforganization,b)
25.0	23.0	0.92	(a,sportsgameteam,b) <= (e,athleteplaysforteam,b), (a,sportsgameteam,j), (e,worksfor,j)
37.0	34.0	0.918918919	(a,organizationterminatedperson,b) <= (b,ceoof,a), (h,organizationterminatedperson,b), (b,topmemberoforganization,h)
37.0	34.0	0.918918919	(a,animalthatfeedoninsect,b) <= (i,agentcompeteswithagent,a), (e,animalthatfeedoninsect,b), (i,arthropodandotherarthropod,e)
37.0	34.0	0.918918919	(a,topmemberoforganization,b) <= (a,ceoof,b), (h,organizationterminatedperson,a), (a,topmemberoforganization,h)
49.0	45.0	0.918367347	(a,sportsgamewinner,b) <= (i,athleteplaysforteam,b), (i,personbelongstoorganization,f), (a,sportsgamewinner,f)
1060.0	973.0	0.917924528	(a,bookwriter,b) <= (f,agentcreated,j), (j,bookwriter,b), (a,bookwriter,f)
12.0	11.0	0.916666667	(a,mutualproxyfor,b) <= (g,mutualproxyfor,b), (g,subpartof,b), (b,worksfor,a)
12.0	11.0	0.916666667	(a,teamalsoknownas,b) <= (j,coachesteam,a), (e,organizationhiredperson,j), (e,teamalsoknownas,b)
24.0	22.0	0.916666667	(a,organizationterminatedperson,b) <= (a,mutualproxyfor,h), (a,organizationterminatedperson,h), (b,topmemberoforganization,a)
12.0	11.0	0.916666667	(a,organizationhiredperson,b) <= (a,organizationterminatedperson,h), (a,subpartof,h), (b,worksfor,a)
12.0	11.0	0.916666667	(a,proxyfor,b) <= (f,attractionofcity,j), (j,proxyfor,b), (a,proxyfor,f)
12.0	11.0	0.916666667	(a,subpartof,b) <= (g,mutualproxyfor,b), (g,subpartof,b), (b,worksfor,a)
12.0	11.0	0.916666667	(a,mutualproxyfor,b) <= (h,mutualproxyfor,b), (b,personleadsorganization,h), (a,subpartof,b)
24.0	22.0	0.916666667	(a,personleadsorganization,b) <= (i,personhasresidenceingeopoliticallocation,f), (i,personleadsorganization,b), (a,personleadsorganization,f)
24.0	22.0	0.916666667	(a,mutualproxyfor,b) <= (a,mutualproxyfor,h), (a,organizationterminatedperson,h), (b,topmemberoforganization,a)
12.0	11.0	0.916666667	(a,agentcompeteswithagent,b) <= (b,agentcompeteswithagent,a), (g,agentcompeteswithagent,b), (g,competeswith,a)
12.0	11.0	0.916666667	(a,mutualproxyfor,b) <= (a,mutualproxyfor,h), (b,personleadsorganization,a), (a,subpartof,h)
12.0	11.0	0.916666667	(a,organizationheadquarteredincity,b) <= (i,organizationheadquarteredincity,b), (a,organizationhiredperson,f), (i,organizationterminatedperson,f)
12.0	11.0	0.916666667	(a,personleadsorganization,b) <= (h,mutualproxyfor,a), (a,personleadsorganization,h), (b,subpartof,a)
12.0	11.0	0.916666667	(a,mutualproxyfor,b) <= (e,mutualproxyfor,b), (e,subpartof,j), (j,worksfor,a)
12.0	11.0	0.916666667	(a,subpartof,b) <= (e,mutualproxyfor,b), (e,subpartof,j), (j,worksfor,a)
24.0	22.0	0.916666667	(a,countryalsoknownas,b) <= (j,countryalsoknownas,b), (a,organizationhiredperson,f), (f,personbelongstoorganization,j)
12.0	11.0	0.916666667	(a,transportationincity,b) <= (i,personbornincity,b), (i,personborninlocation,f), (a,transportationincity,f)
36.0	33.0	0.916666667	(a,mutualproxyfor,b) <= (a,mutualproxyfor,j), (b,organizationterminatedperson,f), (f,personbelongstoorganization,j)
12.0	11.0	0.916666667	(a,arthropodandotherarthropod,b) <= (i,agentcompeteswithagent,a), (e,arthropodandotherarthropod,b), (i,arthropodandotherarthropod,e)
12.0	11.0	0.916666667	(a,organizationhiredperson,b) <= (a,organizationterminatedperson,b), (a,subpartof,h), (h,worksfor,a)
24.0	22.0	0.916666667	(a,attractionofcity,b) <= (a,attractionofcity,j), (j,organizationhiredperson,f), (b,organizationterminatedperson,f)
12.0	11.0	0.916666667	(a,citylocatedincountry,b) <= (i,citylocatedincountry,b), (a,citylocatedincountry,f), (i,subpartof,f)
24.0	22.0	0.916666667	(a,journalistwritesforpublication,b) <= (i,agentbelongstoorganization,f), (i,agentcollaborateswithagent,b), (a,journalistwritesforpublication,f)
12.0	11.0	0.916666667	(a,agentcollaborateswithagent,b) <= (a,agentcollaborateswithagent,h), (a,mutualproxyfor,b), (h,personleadsorganization,a)
12.0	11.0	0.916666667	(a,cityalsoknownas,b) <= (e,cityalsoknownas,b), (i,headquarteredin,a), (i,organizationheadquarteredincity,e)
24.0	22.0	0.916666667	(a,organizationhiredperson,b) <= (f,ceoof,j), (j,mutualproxyfor,b), (a,organizationhiredperson,f)
36.0	33.0	0.916666667	(a,citylocatedincountry,b) <= (i,airportincity,e), (i,buildinglocatedincity,a), (e,citylocatedincountry,b)
12.0	11.0	0.916666667	(a,subpartof,b) <= (a,mutualproxyfor,h), (b,personleadsorganization,a), (a,subpartof,h)
24.0	22.0	0.916666667	(a,attractionofcity,b) <= (a,attractionofcity,j), (b,mutualproxyfor,f), (j,organizationhiredperson,f)
48.0	44.0	0.916666667	(a,locationlocatedwithinlocation,b) <= (i,airportincity,b), (i,buildinglocatedincity,f), (a,locationlocatedwithinlocation,f)
12.0	11.0	0.916666667	(a,personleadsorganization,b) <= (b,agentcollaborateswithagent,h), (b,mutualproxyfor,a), (h,personleadsorganization,b)
107.0	98.0	0.91588785	(a,teamplaysincity,b) <= (i,airportincity,f), (i,buildinglocatedincity,b), (a,teamplaysincity,f)
35.0	32.0	0.914285714	(a,sportfansincountry,b) <= (i,citylocatedincountry,b), (i,proxyfor,f), (a,sportfansincountry,f)
35.0	32.0	0.914285714	(a,mutualproxyfor,b) <= (a,mutualproxyfor,f), (i,personbelongstoorganization,f), (i,personleadsorganization,b)
35.0	32.0	0.914285714	(a,organizationhiredperson,b) <= (b,ceoof,h), (h,organizationhiredperson,b), (a,organizationterminatedperson,b)
58.0	53.0	0.913793103	(a,agentcompeteswithagent,b) <= (j,agentcompeteswithagent,b), (a,agentcompeteswithagent,f), (f,teamalsoknownas,j)
23.0	21.0	0.913043478	(a,worksfor,b) <= (i,buildinglocatedincity,b), (i,subpartof,f), (a,worksfor,f)
23.0	21.0	0.913043478	(a,subpartof,b) <= (b,ceoof,a), (g,organizationhiredperson,b), (g,subpartof,b)
23.0	21.0	0.913043478	(a,mutualproxyfor,b) <= (j,ceoof,a), (e,mutualproxyfor,b), (e,organizationhiredperson,j)
23.0	21.0	0.913043478	(a,subpartof,b) <= (j,ceoof,a), (e,organizationhiredperson,b), (e,subpartof,j)
23.0	21.0	0.913043478	(a,ceoof,b) <= (e,ceoof,b), (i,mutualproxyfor,a), (i,organizationhiredperson,e)
23.0	21.0	0.913043478	(a,organizationhiredperson,b) <= (j,ceoof,a), (e,organizationhiredperson,j), (e,subpartof,b)
23.0	21.0	0.913043478	(a,worksfor,b) <= (i,citylocatedingeopoliticallocation,b), (i,subpartof,f), (a,worksfor,f)
23.0	21.0	0.913043478	(a,organizationhiredperson,b) <= (j,ceoof,a), (e,organizationhiredperson,b), (e,subpartof,j)
23.0	21.0	0.913043478	(a,ceoof,b) <= (e,ceoof,b), (i,mutualproxyfor,e), (i,organizationhiredperson,a)
23.0	21.0	0.913043478	(a,worksfor,b) <= (b,locationlocatedwithinlocation,f), (f,organizationheadquarteredincity,j), (a,worksfor,j)
23.0	21.0	0.913043478	(a,subpartof,b) <= (j,ceoof,a), (e,organizationhiredperson,j), (e,subpartof,b)
23.0	21.0	0.913043478	(a,organizationhiredperson,b) <= (b,ceoof,a), (g,organizationhiredperson,b), (g,subpartof,b)
57.0	52.0	0.912280702	(a,stateorprovinceisborderedbystateorprovince,b) <= (f,locationlocatedwithinlocation,j), (a,statelocatedingeopoliticallocation,f), (j,stateorprovinceisborderedbystateorprovince,b)
34.0	31.0	0.911764706	(a,mutualproxyfor,b) <= (a,mutualproxyfor,f), (j,organizationhiredperson,b), (f,topmemberoforganization,j)
34.0	31.0	0.911764706	(a,organizationterminatedperson,b) <= (j,ceoof,a), (e,organizationhiredperson,j), (e,organizationterminatedperson,b)
34.0	31.0	0.911764706	(a,mutualproxyfor,b) <= (b,ceoof,h), (h,mutualproxyfor,b), (a,organizationterminatedperson,b)
34.0	31.0	0.911764706	(a,organizationterminatedperson,b) <= (b,ceoof,a), (g,organizationhiredperson,b), (g,organizationterminatedperson,b)
519.0	473.0	0.911368015	(a,agentcontributedtocreativework,b) <= (i,agentcontributedtocreativework,b), (a,agentcontributedtocreativework,f), (i,agentcreated,f)
45.0	41.0	0.911111111	(a,competeswith,b) <= (i,ceoof,b), (a,competeswith,f), (i,topmemberoforganization,f)
45.0	41.0	0.911111111	(a,weaponmadeincountry,b) <= (i,hasofficeincountry,b), (i,organizationheadquarteredincountry,f), (a,weaponmadeincountry,f)
56.0	51.0	0.910714286	(a,agentcompeteswithagent,b) <= (i,agentcompeteswithagent,a), (e,agentcompeteswithagent,b), (i,teamalsoknownas,e)
11.0	10.0	0.909090909	(a,locationlocatedwithinlocation,b) <= (i,buildinglocatedincity,a), (e,locationlocatedwithinlocation,b), (i,subpartof,e)
11.0	10.0	0.909090909	(a,buildinglocatedincity,b) <= (a,buildinglocatedincity,f), (f,organizationhiredperson,j), (j,personhasresidenceingeopoliticallocation,b)
22.0	20.0	0.909090909	(a,hasofficeincity,b) <= (j,hasofficeincity,b), (a,mutualproxyfor,f), (f,topmemberoforganization,j)
33.0	30.0	0.909090909	(a,agentcollaborateswithagent,b) <= (j,agentcollaborateswithagent,b), (a,agentcollaborateswithagent,f), (f,topmemberoforganization,j)
11.0	10.0	0.909090909	(a,agentcollaborateswithagent,b) <= (a,agentcollaborateswithagent,f), (f,ceoof,j), (j,organizationterminatedperson,b)
44.0	40.0	0.909090909	(a,hasofficeincountry,b) <= (a,hasofficeincountry,f), (i,hasofficeincountry,f), (i,organizationheadquarteredincountry,b)
11.0	10.0	0.909090909	(a,organizationheadquarteredinstateorprovince,b) <= (j,coachesteam,a), (e,organizationheadquarteredinstateorprovince,b), (e,organizationhiredperson,j)
22.0	20.0	0.909090909	(a,agentcreated,b) <= (j,agentcreated,b), (a,organizationterminatedperson,f), (f,topmemberoforganization,j)
11.0	10.0	0.909090909	(a,competeswith,b) <= (b,competeswith,a), (b,hasofficeincity,h), (a,headquarteredin,h)
11.0	10.0	0.909090909	(a,atdate,b) <= (j,atdate,b), (a,organizationterminatedperson,f), (f,topmemberoforganization,j)
11.0	10.0	0.909090909	(a,drugworkedonbyagent,b) <= (a,drugworkedonbyagent,f), (f,mutualproxyfor,j), (j,worksfor,b)
11.0	10.0	0.909090909	(a,attractionofcity,b) <= (a,attractionofcity,f), (i,organizationheadquarteredincity,b), (i,radiostationincity,f)
11.0	10.0	0.909090909	(a,personleadsorganization,b) <= (a,personleadsorganization,h), (a,proxyfor,h), (a,worksfor,b)
11.0	10.0	0.909090909	(a,proxyfor,b) <= (f,organizationhiredperson,j), (a,personleadsorganization,f), (j,proxyfor,b)
11.0	10.0	0.909090909	(a,subpartof,b) <= (f,agentcollaborateswithagent,j), (a,subpartof,f), (j,teamplaysinleague,b)
11.0	10.0	0.909090909	(a,subpartof,b) <= (i,buildinglocatedincity,a), (e,subpartof,b), (i,subpartof,e)
11.0	10.0	0.909090909	(a,citylocatedincountry,b) <= (e,citylocatedincountry,b), (i,organizationheadquarteredincity,a), (i,radiostationincity,e)
11.0	10.0	0.909090909	(a,atdate,b) <= (j,atdate,b), (f,ceoof,j), (a,organizationterminatedperson,f)
11.0	10.0	0.909090909	(a,citylocatedingeopoliticallocation,b) <= (e,citylocatedingeopoliticallocation,b), (i,organizationheadquarteredincity,e), (i,televisionstationincity,a)
11.0	10.0	0.909090909	(a,citylocatedingeopoliticallocation,b) <= (e,citylocatedingeopoliticallocation,b), (i,organizationheadquarteredincity,a), (i,televisionstationincity,e)
44.0	40.0	0.909090909	(a,teamplaysagainstteam,b) <= (a,agentcompeteswithagent,h), (b,teamplaysagainstteam,a), (h,teamplaysagainstteam,b)
55.0	50.0	0.909090909	(a,athleteflyouttosportsteamposition,b) <= (i,athleteflyouttosportsteamposition,b), (a,athleteledsportsteam,f), (i,personbelongstoorganization,f)
11.0	10.0	0.909090909	(a,transportationincity,b) <= (i,organizationheadquarteredincity,f), (i,televisionstationincity,b), (a,transportationincity,f)
11.0	10.0	0.909090909	(a,organizationalsoknownas,b) <= (e,organizationalsoknownas,b), (e,organizationterminatedperson,j), (j,topmemberoforganization,a)
11.0	10.0	0.909090909	(a,citylocatedingeopoliticallocation,b) <= (a,citylocatedingeopoliticallocation,f), (i,hasofficeincountry,f), (i,organizationheadquarteredincountry,b)
11.0	10.0	0.909090909	(a,locationlocatedwithinlocation,b) <= (i,buildinglocatedincity,e), (e,locationlocatedwithinlocation,b), (i,subpartof,a)
11.0	10.0	0.909090909	(a,locationlocatedwithinlocation,b) <= (a,locationlocatedwithinlocation,f), (i,organizationheadquarteredincity,f), (i,televisionstationincity,b)
11.0	10.0	0.909090909	(a,personleadsorganization,b) <= (f,agentcollaborateswithagent,j), (a,personleadsgeopoliticalorganization,f), (j,personleadsorganization,b)
11.0	10.0	0.909090909	(a,teamplaysagainstteam,b) <= (e,athleteledsportsteam,b), (i,organizationhiredperson,e), (i,teamplaysagainstteam,a)
11.0	10.0	0.909090909	(a,sportschoolincountry,b) <= (i,proxyfor,f), (a,sportschoolincountry,f), (i,subpartof,b)
11.0	10.0	0.909090909	(a,agentactsinlocation,b) <= (a,agentactsinlocation,f), (i,buildinglocatedincity,f), (i,subpartof,b)
33.0	30.0	0.909090909	(a,sportschoolincountry,b) <= (i,citylocatedincountry,b), (i,proxyfor,f), (a,sportschoolincountry,f)
11.0	10.0	0.909090909	(a,proxyfor,b) <= (g,atdate,a), (g,atlocation,b), (b,mutualproxyfor,a)
22.0	20.0	0.909090909	(a,agriculturalproductcamefromcountry,b) <= (a,agriculturalproductcamefromcountry,f), (i,citylocatedingeopoliticallocation,b), (i,proxyfor,f)
11.0	10.0	0.909090909	(a,acquired,b) <= (i,acquired,b), (i,mutualproxyfor,f), (a,organizationhiredperson,f)
11.0	10.0	0.909090909	(a,statelocatedingeopoliticallocation,b) <= (i,airportincity,f), (i,buildinglocatedincity,b), (a,statelocatedingeopoliticallocation,f)
11.0	10.0	0.909090909	(a,companyalsoknownas,b) <= (i,ceoof,e), (e,companyalsoknownas,b), (i,topmemberoforganization,a)
11.0	10.0	0.909090909	(a,hasofficeincountry,b) <= (i,hasofficeincountry,b), (i,mutualproxyfor,f), (a,organizationterminatedperson,f)
11.0	10.0	0.909090909	(a,agriculturalproductcamefromcountry,b) <= (a,agriculturalproductcamefromcountry,j), (b,organizationhiredperson,f), (f,personbelongstoorganization,j)
11.0	10.0	0.909090909	(a,competeswith,b) <= (b,competeswith,a), (b,hasofficeincity,h), (a,organizationheadquarteredincity,h)
11.0	10.0	0.909090909	(a,mutualproxyfor,b) <= (b,ceoof,h), (h,mutualproxyfor,b), (b,worksfor,a)
11.0	10.0	0.909090909	(a,teamplaysagainstteam,b) <= (h,athleteledsportsteam,b), (b,organizationhiredperson,h), (b,teamplaysagainstteam,a)
11.0	10.0	0.909090909	(a,arthropodandotherarthropod,b) <= (j,agentcompeteswithagent,a), (e,animalsuchasinvertebrate,j), (e,arthropodandotherarthropod,b)
11.0	10.0	0.909090909	(a,atdate,b) <= (e,atdate,b), (j,ceoof,a), (e,organizationterminatedperson,j)
11.0	10.0	0.909090909	(a,sportfansincountry,b) <= (i,citylocatedincountry,b), (i,locationlocatedwithinlocation,f), (a,sportfansincountry,f)
33.0	30.0	0.909090909	(a,agentcompeteswithagent,b) <= (a,agentcompeteswithagent,j), (b,organizationhiredperson,f), (j,organizationterminatedperson,f)
11.0	10.0	0.909090909	(a,topmemberoforganization,b) <= (f,mutualproxyfor,j), (j,topmemberoforganization,b), (a,worksfor,f)
11.0	10.0	0.909090909	(a,personleadsgeopoliticalorganization,b) <= (j,mutualproxyfor,a), (e,personleadsgeopoliticalorganization,b), (e,personleadsorganization,j)
22.0	20.0	0.909090909	(a,proxyfor,b) <= (a,citylocatedinstate,h), (b,mutualproxyfor,a), (a,proxyfor,h)
11.0	10.0	0.909090909	(a,hotelincity,b) <= (a,hotelincity,f), (j,locationlocatedwithinlocation,b), (f,mutualproxyfor,j)
11.0	10.0	0.909090909	(a,companyeconomicsector,b) <= (e,companyeconomicsector,b), (e,organizationhiredperson,j), (j,topmemberoforganization,a)
33.0	30.0	0.909090909	(a,subpartof,b) <= (a,mutualproxyfor,f), (i,organizationhiredperson,f), (i,subpartof,b)
33.0	30.0	0.909090909	(a,headquarteredin,b) <= (a,headquarteredin,f), (j,locationlocatedwithinlocation,b), (f,mutualproxyfor,j)
76.0	69.0	0.907894737	(a,agentcollaborateswithagent,b) <= (j,agentcollaborateswithagent,b), (a,agentcollaborateswithagent,f), (f,personbelongstoorganization,j)
410.0	372.0	0.907317073	(a,agentbelongstoorganization,b) <= (j,agentbelongstoorganization,b), (a,agentbelongstoorganization,f), (f,agentcontrols,j)
97.0	88.0	0.907216495	(a,languageofcountry,b) <= (i,citycapitalofcountry,b), (i,citylocatedincountry,f), (a,languageofcountry,f)
129.0	117.0	0.906976744	(a,cityliesonriver,b) <= (i,airportincity,a), (i,buildinglocatedincity,e), (e,cityliesonriver,b)
32.0	29.0	0.90625	(a,cityalsoknownas,b) <= (i,airportincity,e), (i,buildinglocatedincity,a), (e,cityalsoknownas,b)
32.0	29.0	0.90625	(a,mutualproxyfor,b) <= (f,ceoof,j), (a,mutualproxyfor,f), (j,organizationhiredperson,b)
32.0	29.0	0.90625	(a,parentofperson,b) <= (i,fatherofperson,f), (i,parentofperson,b), (a,parentofperson,f)
32.0	29.0	0.90625	(a,locationlocatedwithinlocation,b) <= (a,locationlocatedwithinlocation,h), (h,mutualproxyfor,a), (a,subpartof,b)
158.0	143.0	0.905063291	(a,stadiumlocatedincity,b) <= (i,airportincity,f), (i,buildinglocatedincity,b), (a,stadiumlocatedincity,f)
21.0	19.0	0.904761905	(a,languageofcountry,b) <= (i,citylocatedingeopoliticallocation,b), (a,languageofcountry,f), (i,proxyfor,f)
21.0	19.0	0.904761905	(a,agentcompeteswithagent,b) <= (e,agentcompeteswithagent,b), (e,organizationterminatedperson,j), (j,worksfor,a)
21.0	19.0	0.904761905	(a,hasofficeincity,b) <= (a,hasofficeincity,j), (b,organizationterminatedperson,f), (f,worksfor,j)
42.0	38.0	0.904761905	(a,mutualproxyfor,b) <= (f,ceoof,j), (j,mutualproxyfor,b), (a,organizationterminatedperson,f)
21.0	19.0	0.904761905	(a,mutualproxyfor,b) <= (b,ceoof,a), (g,mutualproxyfor,b), (g,organizationhiredperson,b)
21.0	19.0	0.904761905	(a,arthropodandotherarthropod,b) <= (f,agentcompeteswithagent,j), (j,arthropodandotherarthropod,b), (a,arthropodcalledarthropod,f)
21.0	19.0	0.904761905	(a,personbelongstoorganization,b) <= (i,citylocatedingeopoliticallocation,f), (i,locationlocatedwithinlocation,b), (a,personbelongstoorganization,f)
21.0	19.0	0.904761905	(a,bankbankincountry,b) <= (a,bankbankincountry,j), (b,organizationhiredperson,f), (f,personbelongstoorganization,j)
73.0	66.0	0.904109589	(a,atlocation,b) <= (a,atlocation,f), (i,politicianrepresentslocation,f), (i,proxyfor,b)
52.0	47.0	0.903846154	(a,teamwontrophy,b) <= (i,athleteledsportsteam,a), (i,personbelongstoorganization,e), (e,teamwontrophy,b)
52.0	47.0	0.903846154	(a,transportationincity,b) <= (i,airportincity,f), (i,buildinglocatedincity,b), (a,transportationincity,f)
186.0	168.0	0.903225806	(a,citylocatedincountry,b) <= (i,citycapitalofcountry,b), (a,citylocatedincountry,f), (i,citylocatedincountry,f)
31.0	28.0	0.903225806	(a,subpartof,b) <= (i,agentcompeteswithagent,f), (a,subpartof,f), (i,teamalsoknownas,b)
31.0	28.0	0.903225806	(a,subpartof,b) <= (a,organizationhiredperson,f), (j,subpartof,b), (f,topmemberoforganization,j)
31.0	28.0	0.903225806	(a,mutualproxyfor,b) <= (g,mutualproxyfor,b), (a,organizationhiredperson,b), (g,organizationterminatedperson,b)
31.0	28.0	0.903225806	(a,personleadsorganization,b) <= (h,agentcollaborateswithagent,a), (a,personleadsorganization,h), (a,worksfor,b)
41.0	37.0	0.902439024	(a,organizationhiredperson,b) <= (f,ceoof,j), (a,organizationhiredperson,f), (j,organizationterminatedperson,b)
51.0	46.0	0.901960784	(a,mutualproxyfor,b) <= (j,mutualproxyfor,b), (a,organizationterminatedperson,f), (f,personbelongstoorganization,j)
71.0	64.0	0.901408451	(a,agentactsinlocation,b) <= (e,agentactsinlocation,b), (j,agentbelongstoorganization,a), (e,agentcontrols,j)
20.0	18.0	0.9	(a,personhasjobposition,b) <= (i,personhasjobposition,b), (a,personhasjobposition,f), (i,politicianusholdsoffice,f)
10.0	9.0	0.9	(a,companyeconomicsector,b) <= (i,automakerproducesmodel,f), (i,companyeconomicsector,b), (a,producesproduct,f)
10.0	9.0	0.9	(a,companyalsoknownas,b) <= (j,ceoof,b), (a,companyalsoknownas,f), (f,organizationterminatedperson,j)
10.0	9.0	0.9	(a,subpartof,b) <= (i,citylocatedingeopoliticallocation,a), (i,locationlocatedwithinlocation,e), (e,subpartof,b)
10.0	9.0	0.9	(a,athleteinjuredhisbodypart,b) <= (i,athleteinjuredhisbodypart,b), (i,athleteledsportsteam,f), (a,subpartof,f)
10.0	9.0	0.9	(a,worksfor,b) <= (b,organizationhiredperson,a), (g,topmemberoforganization,b), (g,worksfor,b)
10.0	9.0	0.9	(a,agentcontrols,b) <= (a,agentcompeteswithagent,h), (h,agentcontrols,b), (b,subpartof,a)
30.0	27.0	0.9	(a,agentcompeteswithagent,b) <= (a,agentcompeteswithagent,j), (b,organizationterminatedperson,f), (f,personleadsorganization,j)
10.0	9.0	0.9	(a,subpartof,b) <= (b,agentcompeteswithagent,h), (b,agentcontrols,a), (a,subpartof,h)
10.0	9.0	0.9	(a,subpartof,b) <= (h,agentcompeteswithagent,b), (b,agentcontrols,a), (a,subpartof,h)
20.0	18.0	0.9	(a,subpartof,b) <= (i,airportincity,b), (i,buildinglocatedincity,f), (a,subpartof,f)
10.0	9.0	0.9	(a,athleteinjuredhisbodypart,b) <= (i,athleteinjuredhisbodypart,b), (i,athleteplaysforteam,f), (a,subpartof,f)
10.0	9.0	0.9	(a,athleteinjuredhisbodypart,b) <= (i,athleteinjuredhisbodypart,b), (i,personbelongstoorganization,f), (a,subpartof,f)
10.0	9.0	0.9	(a,personleadsorganization,b) <= (a,ceoof,h), (b,organizationterminatedperson,a), (a,personleadsorganization,h)
20.0	18.0	0.9	(a,organizationhiredperson,b) <= (h,ceoof,a), (a,mutualproxyfor,b), (a,organizationhiredperson,h)
10.0	9.0	0.9	(a,agentcontrols,b) <= (g,agentcompeteswithagent,a), (g,agentcontrols,b), (b,subpartof,a)
10.0	9.0	0.9	(a,atlocation,b) <= (i,agentbelongstoorganization,f), (i,atlocation,b), (a,atlocation,f)
10.0	9.0	0.9	(a,atlocation,b) <= (e,atlocation,b), (i,organizationheadquarteredincity,a), (i,televisionstationincity,e)
10.0	9.0	0.9	(a,organizationheadquarteredincity,b) <= (j,organizationheadquarteredincity,b), (a,organizationhiredperson,f), (f,topmemberoforganization,j)
20.0	18.0	0.9	(a,ceoof,b) <= (h,ceoof,b), (b,mutualproxyfor,a), (b,organizationhiredperson,h)
10.0	9.0	0.9	(a,topmemberoforganization,b) <= (j,agentcollaborateswithagent,b), (f,agentcontrols,j), (a,topmemberoforganization,f)
20.0	18.0	0.9	(a,personbelongstoorganization,b) <= (f,agentcollaborateswithagent,j), (j,athleteledsportsteam,b), (a,personbelongstoorganization,f)
10.0	9.0	0.9	(a,organizationheadquarteredincountry,b) <= (j,organizationheadquarteredincountry,b), (a,organizationhiredperson,f), (f,topmemberoforganization,j)
10.0	9.0	0.9	(a,locationlocatedwithinlocation,b) <= (i,citycapitalofcountry,a), (i,citylocatedincountry,e), (e,locationlocatedwithinlocation,b)
40.0	36.0	0.9	(a,organizationhiredperson,b) <= (i,organizationhiredperson,b), (a,organizationterminatedperson,f), (i,subpartof,f)
20.0	18.0	0.9	(a,agentcollaborateswithagent,b) <= (b,agentcollaborateswithagent,a), (a,agentcollaborateswithagent,h), (h,agentcontrols,a)
10.0	9.0	0.9	(a,hasofficeincity,b) <= (i,automakerproducesmodel,f), (i,hasofficeincity,b), (a,producesproduct,f)
20.0	18.0	0.9	(a,personbelongstoorganization,b) <= (b,agentcollaborateswithagent,f), (f,athleteledsportsteam,j), (a,personbelongstoorganization,j)
60.0	54.0	0.9	(a,sportfansincountry,b) <= (b,organizationhiredperson,f), (f,personbelongstoorganization,j), (a,sportfansincountry,j)
40.0	36.0	0.9	(a,subpartof,b) <= (g,organizationhiredperson,b), (a,organizationterminatedperson,b), (g,subpartof,b)
10.0	9.0	0.9	(a,agentbelongstoorganization,b) <= (a,agentbelongstoorganization,j), (b,agentcollaborateswithagent,f), (f,proxyfor,j)
20.0	18.0	0.9	(a,ceoof,b) <= (h,ceoof,b), (b,mutualproxyfor,h), (b,organizationhiredperson,a)
20.0	18.0	0.9	(a,citylocatedincountry,b) <= (a,citylocatedincountry,j), (b,organizationhiredperson,f), (f,worksfor,j)
10.0	9.0	0.9	(a,bankbankincountry,b) <= (a,bankbankincountry,f), (i,citycapitalofcountry,b), (i,locationlocatedwithinlocation,f)
20.0	18.0	0.9	(a,mutualproxyfor,b) <= (h,ceoof,a), (a,mutualproxyfor,h), (a,organizationhiredperson,b)
40.0	36.0	0.9	(a,organizationhiredperson,b) <= (g,organizationhiredperson,b), (a,organizationterminatedperson,b), (g,subpartof,b)
10.0	9.0	0.9	(a,sportfansincountry,b) <= (i,citycapitalofcountry,b), (i,locationlocatedwithinlocation,f), (a,sportfansincountry,f)
40.0	36.0	0.9	(a,subpartof,b) <= (i,organizationhiredperson,b), (a,organizationterminatedperson,f), (i,subpartof,f)
10.0	9.0	0.9	(a,headquarteredin,b) <= (j,organizationheadquarteredincity,b), (a,organizationhiredperson,f), (f,topmemberoforganization,j)
10.0	9.0	0.9	(a,agentbelongstoorganization,b) <= (a,agentcollaborateswithagent,b), (b,organizationhiredperson,h), (h,personbelongstoorganization,b)
10.0	9.0	0.9	(a,agentcontrols,b) <= (e,agentcontrols,b), (i,athleteledsportsteam,e), (i,athleteplaysforteam,a)
10.0	9.0	0.9	(a,organizationheadquarteredincountry,b) <= (j,organizationheadquarteredincountry,b), (a,organizationterminatedperson,f), (f,topmemberoforganization,j)
10.0	9.0	0.9	(a,topmemberoforganization,b) <= (j,agentcollaborateswithagent,a), (e,proxyfor,j), (e,topmemberoforganization,b)
20.0	18.0	0.9	(a,mutualproxyfor,b) <= (e,mutualproxyfor,b), (e,organizationhiredperson,j), (j,topmemberoforganization,a)
89.0	80.0	0.898876404	(a,agentcollaborateswithagent,b) <= (a,agentbelongstoorganization,b), (a,agentcollaborateswithagent,h), (h,agentcontrols,a)
356.0	320.0	0.898876404	(a,hasofficeincity,b) <= (i,airportincity,f), (i,buildinglocatedincity,b), (a,hasofficeincity,f)
69.0	62.0	0.898550725	(a,parkincity,b) <= (i,headquarteredin,f), (i,organizationheadquarteredincity,b), (a,parkincity,f)
49.0	44.0	0.897959184	(a,companyeconomicsector,b) <= (j,ceoof,a), (e,companyeconomicsector,b), (e,organizationterminatedperson,j)
49.0	44.0	0.897959184	(a,organizationhiredperson,b) <= (a,organizationhiredperson,h), (a,organizationterminatedperson,h), (b,topmemberoforganization,a)
430.0	386.0	0.897674419	(a,organizationheadquarteredincity,b) <= (i,airportincity,f), (i,buildinglocatedincity,b), (a,organizationheadquarteredincity,f)
39.0	35.0	0.897435897	(a,mutualproxyfor,b) <= (j,mutualproxyfor,b), (a,organizationterminatedperson,f), (f,topmemberoforganization,j)
107.0	96.0	0.897196262	(a,sportsgameteam,b) <= (j,coachesteam,b), (f,organizationhiredperson,j), (a,sportsgameteam,f)
155.0	139.0	0.896774194	(a,organizationterminatedperson,b) <= (i,organizationhiredperson,f), (i,organizationterminatedperson,b), (a,organizationterminatedperson,f)
29.0	26.0	0.896551724	(a,automobilemakerdealersincity,b) <= (a,automobilemakerdealersincity,f), (i,headquarteredin,f), (i,organizationheadquarteredincity,b)
29.0	26.0	0.896551724	(a,mutualproxyfor,b) <= (i,ceoof,e), (e,mutualproxyfor,b), (i,topmemberoforganization,a)
58.0	52.0	0.896551724	(a,companyeconomicsector,b) <= (i,ceoof,a), (e,companyeconomicsector,b), (i,topmemberoforganization,e)
48.0	43.0	0.895833333	(a,agentcollaborateswithagent,b) <= (a,agentcollaborateswithagent,f), (i,journalistwritesforpublication,f), (i,worksfor,b)
67.0	60.0	0.895522388	(a,personhascitizenship,b) <= (i,citycapitalofcountry,b), (i,citylocatedincountry,f), (a,personhascitizenship,f)
19.0	17.0	0.894736842	(a,sportsgameteam,b) <= (e,athleteplaysforteam,b), (j,organizationhiredperson,e), (a,sportsgameteam,j)
19.0	17.0	0.894736842	(a,teamplaysagainstteam,b) <= (a,agentcollaborateswithagent,f), (f,subpartof,j), (j,teamplaysagainstteam,b)
19.0	17.0	0.894736842	(a,subpartof,b) <= (f,ceoof,j), (a,organizationterminatedperson,f), (j,subpartof,b)
19.0	17.0	0.894736842	(a,countryalsoknownas,b) <= (b,countryalsoknownas,a), (a,countrylocatedingeopoliticallocation,h), (a,locationlocatedwithinlocation,h)
19.0	17.0	0.894736842	(a,competeswith,b) <= (f,agentcollaborateswithagent,j), (a,competeswith,f), (j,topmemberoforganization,b)
19.0	17.0	0.894736842	(a,agentcollaborateswithagent,b) <= (e,agentcollaborateswithagent,b), (i,personbelongstoorganization,a), (i,personleadsorganization,e)
283.0	253.0	0.893992933	(a,teamplaysagainstteam,b) <= (i,athleteledsportsteam,a), (i,personbelongstoorganization,e), (e,teamplaysagainstteam,b)
47.0	42.0	0.893617021	(a,sportsgameteam,b) <= (i,coachesteam,b), (a,sportsgameteam,f), (i,worksfor,f)
47.0	42.0	0.893617021	(a,competeswith,b) <= (j,competeswith,b), (a,organizationhiredperson,f), (f,worksfor,j)
47.0	42.0	0.893617021	(a,sportschoolincountry,b) <= (b,organizationhiredperson,f), (f,personbelongstoorganization,j), (a,sportschoolincountry,j)
290.0	259.0	0.893103448	(a,agentbelongstoorganization,b) <= (a,agentbelongstoorganization,f), (i,personleadsorganization,f), (i,worksfor,b)
28.0	25.0	0.892857143	(a,topmemberoforganization,b) <= (b,organizationhiredperson,h), (b,subpartof,a), (h,topmemberoforganization,b)
28.0	25.0	0.892857143	(a,mutualproxyfor,b) <= (h,mutualproxyfor,b), (a,organizationterminatedperson,b), (b,topmemberoforganization,h)
28.0	25.0	0.892857143	(a,organizationhiredperson,b) <= (a,organizationhiredperson,h), (a,subpartof,b), (h,topmemberoforganization,a)
102.0	91.0	0.892156863	(a,proxyfor,b) <= (f,mutualproxyfor,j), (j,personleadsorganization,b), (a,proxyfor,f)
74.0	66.0	0.891891892	(a,radiostationincity,b) <= (i,airportincity,f), (i,buildinglocatedincity,b), (a,radiostationincity,f)
37.0	33.0	0.891891892	(a,agentbelongstoorganization,b) <= (a,agentbelongstoorganization,f), (i,athleteplaysinleague,b), (i,personbelongstoorganization,f)
37.0	33.0	0.891891892	(a,organizationterminatedperson,b) <= (b,ceoof,h), (a,organizationhiredperson,b), (h,organizationterminatedperson,b)
212.0	189.0	0.891509434	(a,agentcollaborateswithagent,b) <= (f,agentbelongstoorganization,j), (a,agentcollaborateswithagent,j), (b,agentcontrols,f)
46.0	41.0	0.891304348	(a,organizationhiredperson,b) <= (f,ceoof,j), (j,organizationhiredperson,b), (a,organizationterminatedperson,f)
64.0	57.0	0.890625	(a,agentbelongstoorganization,b) <= (a,agentcollaborateswithagent,b), (h,agentcontrols,a), (a,subpartof,h)
64.0	57.0	0.890625	(a,coachesteam,b) <= (j,coachesteam,b), (a,coachesteam,f), (f,organizationhiredperson,j)
235.0	209.0	0.889361702	(a,atlocation,b) <= (a,atlocation,j), (b,mutualproxyfor,f), (f,personhasresidenceingeopoliticallocation,j)
9.0	8.0	0.888888889	(a,athleteplaysforteam,b) <= (a,athleteledsportsteam,f), (i,personleadsorganization,b), (i,worksfor,f)
27.0	24.0	0.888888889	(a,automakerproducesmodel,b) <= (f,acquired,j), (j,automakerproducesmodel,b), (a,subpartoforganization,f)
9.0	8.0	0.888888889	(a,statehascapital,b) <= (i,airportincity,f), (i,buildinglocatedincity,b), (a,statehascapital,f)
9.0	8.0	0.888888889	(a,organizationheadquarteredincity,b) <= (i,atlocation,f), (a,organizationheadquarteredincity,f), (i,personleadsgeopoliticalorganization,b)
9.0	8.0	0.888888889	(a,organizationalsoknownas,b) <= (f,companyalsoknownas,j), (j,organizationalsoknownas,b), (a,organizationalsoknownas,f)
9.0	8.0	0.888888889	(a,countryalsoknownas,b) <= (a,countryalsoknownas,f), (i,proxyfor,f), (i,subpartof,b)
9.0	8.0	0.888888889	(a,athleteplaysforteam,b) <= (a,athleteledsportsteam,f), (i,personleadsorganization,f), (i,worksfor,b)
9.0	8.0	0.888888889	(a,subpartof,b) <= (f,citylocatedingeopoliticallocation,j), (a,mutualproxyfor,f), (j,subpartof,b)
9.0	8.0	0.888888889	(a,athleteplaysforteam,b) <= (a,athleteledsportsteam,b), (g,personleadsorganization,b), (g,worksfor,b)
9.0	8.0	0.888888889	(a,coachesteam,b) <= (i,athleteledsportsteam,b), (a,coachesteam,f), (i,personbelongstoorganization,f)
18.0	16.0	0.888888889	(a,personleadsorganization,b) <= (b,organizationhiredperson,f), (f,personleadsorganization,j), (j,subpartof,a)
9.0	8.0	0.888888889	(a,acquired,b) <= (a,acquired,f), (i,ceoof,b), (i,topmemberoforganization,f)
9.0	8.0	0.888888889	(a,subpartof,b) <= (a,agentbelongstoorganization,b), (b,agentcompeteswithagent,h), (a,subpartof,h)
9.0	8.0	0.888888889	(a,sportschoolincountry,b) <= (i,citycapitalofcountry,b), (i,locationlocatedwithinlocation,f), (a,sportschoolincountry,f)
9.0	8.0	0.888888889	(a,proxyfor,b) <= (i,museumincity,a), (i,museumincity,f), (b,mutualproxyfor,f)
9.0	8.0	0.888888889	(a,subpartof,b) <= (a,agentbelongstoorganization,b), (h,agentcompeteswithagent,b), (a,subpartof,h)
9.0	8.0	0.888888889	(a,organizationterminatedperson,b) <= (g,organizationterminatedperson,b), (b,personleadsorganization,a), (g,subpartof,b)
9.0	8.0	0.888888889	(a,competeswith,b) <= (b,acquired,f), (j,agentcollaborateswithagent,f), (a,competeswith,j)
9.0	8.0	0.888888889	(a,cityliesonriver,b) <= (e,cityliesonriver,b), (e,mutualproxyfor,j), (j,worksfor,a)
9.0	8.0	0.888888889	(a,personbelongstoorganization,b) <= (a,athleteledsportsteam,h), (a,athleteplaysforteam,b), (a,personbelongstoorganization,h)
9.0	8.0	0.888888889	(a,personleadsorganization,b) <= (b,organizationhiredperson,a), (g,personleadsorganization,b), (g,proxyfor,b)
9.0	8.0	0.888888889	(a,athleteledsportsteam,b) <= (a,athleteledsportsteam,h), (a,athleteplaysforteam,b), (a,personbelongstoorganization,h)
72.0	64.0	0.888888889	(a,agentactsinlocation,b) <= (e,agentactsinlocation,b), (i,agentcollaborateswithagent,e), (i,subpartof,a)
9.0	8.0	0.888888889	(a,hasofficeincountry,b) <= (j,ceoof,a), (e,hasofficeincountry,b), (e,mutualproxyfor,j)
9.0	8.0	0.888888889	(a,subpartof,b) <= (a,organizationterminatedperson,b), (h,personleadsorganization,a), (a,subpartof,h)
9.0	8.0	0.888888889	(a,citylocatedincountry,b) <= (e,citylocatedincountry,b), (i,organizationheadquarteredincity,a), (i,televisionstationincity,e)
27.0	24.0	0.888888889	(a,hasofficeincountry,b) <= (i,citylocatedingeopoliticallocation,b), (a,hasofficeincountry,f), (i,proxyfor,f)
45.0	40.0	0.888888889	(a,buildinglocatedincity,b) <= (a,buildinglocatedincity,f), (i,organizationheadquarteredincity,b), (i,televisionstationincity,f)
9.0	8.0	0.888888889	(a,teamwontrophy,b) <= (i,agentcollaborateswithagent,e), (e,coachwontrophy,b), (i,teamplaysagainstteam,a)
54.0	48.0	0.888888889	(a,mutualproxyfor,b) <= (a,mutualproxyfor,f), (i,organizationhiredperson,f), (i,organizationterminatedperson,b)
9.0	8.0	0.888888889	(a,proxyfor,b) <= (b,locationlocatedwithinlocation,h), (b,mutualproxyfor,a), (a,proxyfor,h)
9.0	8.0	0.888888889	(a,personleadsorganization,b) <= (b,organizationterminatedperson,a), (h,personleadsorganization,b), (b,subpartof,h)
9.0	8.0	0.888888889	(a,teamwontrophy,b) <= (i,agentcontrols,e), (e,coachwontrophy,b), (i,teamplaysagainstteam,a)
18.0	16.0	0.888888889	(a,subpartof,b) <= (f,organizationterminatedperson,j), (j,personleadsorganization,b), (a,subpartof,f)
9.0	8.0	0.888888889	(a,agentcontrols,b) <= (j,agentcontrols,b), (f,ceoof,j), (a,organizationterminatedperson,f)
9.0	8.0	0.888888889	(a,agentcollaborateswithagent,b) <= (b,agentcollaborateswithagent,a), (b,personbelongstoorganization,h), (a,politicianusmemberofpoliticalgroup,h)
18.0	16.0	0.888888889	(a,animalthatfeedoninsect,b) <= (i,agentcompeteswithagent,b), (a,animalthatfeedoninsect,f), (i,arthropodcalledarthropod,f)
9.0	8.0	0.888888889	(a,politicianrepresentslocation,b) <= (b,organizationterminatedperson,f), (a,politicianrepresentslocation,j), (f,worksfor,j)
9.0	8.0	0.888888889	(a,agriculturalproductcookedwithagriculturalproduct,b) <= (b,agriculturalproductcookedwithagriculturalproduct,a), (h,agriculturalproductcookedwithagriculturalproduct,b), (a,beveragemadefrombeverage,h)
9.0	8.0	0.888888889	(a,proxyfor,b) <= (i,citycapitalofcountry,f), (i,proxyfor,b), (a,proxyfor,f)
9.0	8.0	0.888888889	(a,teamplaysinleague,b) <= (e,athleteplaysforteam,a), (e,athleteplaysinleague,b), (e,personbelongstoorganization,a)
27.0	24.0	0.888888889	(a,animalsuchasinvertebrate,b) <= (j,agentcompeteswithagent,a), (e,animalsuchasinvertebrate,b), (e,arthropodcalledarthropod,j)
18.0	16.0	0.888888889	(a,politicianrepresentslocation,b) <= (j,organizationhiredperson,f), (b,organizationterminatedperson,f), (a,politicianrepresentslocation,j)
9.0	8.0	0.888888889	(a,organizationterminatedperson,b) <= (a,organizationterminatedperson,j), (j,personbelongstoorganization,f), (b,personleadsorganization,f)
9.0	8.0	0.888888889	(a,organizationheadquarteredincity,b) <= (a,organizationheadquarteredincity,j), (b,organizationhiredperson,f), (f,personleadsgeopoliticalorganization,j)
9.0	8.0	0.888888889	(a,proxyfor,b) <= (i,atdate,a), (b,locationlocatedwithinlocation,f), (i,organizationacronymhasname,f)
9.0	8.0	0.888888889	(a,languageofcountry,b) <= (i,citylocatedincountry,b), (a,languageofcountry,f), (i,locationlocatedwithinlocation,f)
9.0	8.0	0.888888889	(a,citylocatedincountry,b) <= (e,citylocatedincountry,b), (i,organizationheadquarteredincity,e), (i,televisionstationincity,a)
89.0	79.0	0.887640449	(a,agentcontrols,b) <= (b,agentbelongstoorganization,a), (b,agentcollaborateswithagent,h), (h,agentcontrols,b)
80.0	71.0	0.8875	(a,ceoof,b) <= (a,ceoof,f), (i,ceoof,f), (i,topmemberoforganization,b)
124.0	110.0	0.887096774	(a,teamplaysagainstteam,b) <= (f,agentcollaborateswithagent,j), (j,athleteledsportsteam,b), (a,teamplaysagainstteam,f)
124.0	110.0	0.887096774	(a,hasofficeincity,b) <= (a,hasofficeincity,f), (i,organizationheadquarteredincity,f), (i,televisionstationincity,b)
88.0	78.0	0.886363636	(a,athleteplaysforteam,b) <= (f,agentcollaborateswithagent,j), (a,athleteplaysforteam,f), (j,personbelongstoorganization,b)
44.0	39.0	0.886363636	(a,atlocation,b) <= (a,atlocation,f), (f,organizationhiredperson,j), (j,personhasresidenceingeopoliticallocation,b)
44.0	39.0	0.886363636	(a,personleadsorganization,b) <= (f,mutualproxyfor,j), (a,personleadsorganization,f), (j,worksfor,b)
44.0	39.0	0.886363636	(a,atlocation,b) <= (a,atlocation,j), (b,organizationterminatedperson,f), (f,personleadsorganization,j)
35.0	31.0	0.885714286	(a,countrylocatedingeopoliticallocation,b) <= (i,citylocatedingeopoliticallocation,a), (e,countrylocatedingeopoliticallocation,b), (i,proxyfor,e)
35.0	31.0	0.885714286	(a,organizationhiredperson,b) <= (h,organizationhiredperson,b), (a,organizationterminatedperson,b), (b,worksfor,h)
35.0	31.0	0.885714286	(a,mutualproxyfor,b) <= (a,mutualproxyfor,j), (f,organizationhiredperson,j), (b,topmemberoforganization,f)
157.0	139.0	0.885350318	(a,agentbelongstoorganization,b) <= (b,acquired,f), (j,acquired,f), (a,subpartof,j)
87.0	77.0	0.885057471	(a,personleadsorganization,b) <= (f,agentcollaborateswithagent,j), (j,personleadsorganization,b), (a,personleadsorganization,f)
26.0	23.0	0.884615385	(a,organizationterminatedperson,b) <= (g,mutualproxyfor,b), (g,organizationterminatedperson,b), (b,personleadsorganization,a)
26.0	23.0	0.884615385	(a,topmemberoforganization,b) <= (i,mutualproxyfor,e), (i,subpartof,a), (e,topmemberoforganization,b)
130.0	115.0	0.884615385	(a,hotelincity,b) <= (a,hotelincity,f), (i,organizationheadquarteredincity,b), (i,televisionstationincity,f)
43.0	38.0	0.88372093	(a,organizationhiredperson,b) <= (i,airportincity,a), (i,buildinglocatedincity,e), (e,organizationhiredperson,b)
189.0	167.0	0.883597884	(a,airportincity,b) <= (a,airportincity,f), (i,airportincity,f), (i,buildinglocatedincity,b)
120.0	106.0	0.883333333	(a,proxyfor,b) <= (i,airportincity,e), (i,buildinglocatedincity,a), (e,proxyfor,b)
94.0	83.0	0.882978723	(a,agentcollaborateswithagent,b) <= (a,agentbelongstoorganization,h), (a,agentcollaborateswithagent,h), (a,subpartof,b)
94.0	83.0	0.882978723	(a,agentbelongstoorganization,b) <= (a,agentbelongstoorganization,h), (a,agentcollaborateswithagent,h), (a,subpartof,b)
51.0	45.0	0.882352941	(a,organizationterminatedperson,b) <= (a,organizationhiredperson,b), (h,organizationterminatedperson,b), (b,topmemberoforganization,h)
17.0	15.0	0.882352941	(a,companyalsoknownas,b) <= (j,ceoof,a), (e,companyalsoknownas,b), (e,organizationterminatedperson,j)
51.0	45.0	0.882352941	(a,organizationterminatedperson,b) <= (e,organizationhiredperson,j), (e,organizationterminatedperson,b), (j,topmemberoforganization,a)
34.0	30.0	0.882352941	(a,subpartof,b) <= (i,statelocatedingeopoliticallocation,f), (i,subpartof,b), (a,subpartof,f)
34.0	30.0	0.882352941	(a,organizationhiredperson,b) <= (j,ceoof,a), (e,organizationhiredperson,j), (e,organizationterminatedperson,b)
17.0	15.0	0.882352941	(a,lakeinstate,b) <= (a,lakeinstate,j), (b,organizationhiredperson,f), (j,organizationterminatedperson,f)
17.0	15.0	0.882352941	(a,personleadsorganization,b) <= (b,organizationhiredperson,a), (a,personleadsorganization,h), (h,subpartof,a)
17.0	15.0	0.882352941	(a,hasofficeincountry,b) <= (e,hasofficeincountry,b), (e,organizationterminatedperson,j), (j,topmemberoforganization,a)
51.0	45.0	0.882352941	(a,locationlocatedwithinlocation,b) <= (i,hasofficeincountry,b), (a,locationlocatedwithinlocation,f), (i,organizationheadquarteredincountry,f)
17.0	15.0	0.882352941	(a,animalthatfeedoninsect,b) <= (j,agentcompeteswithagent,b), (a,animalthatfeedoninsect,f), (f,animalthatfeedoninsect,j)
17.0	15.0	0.882352941	(a,personleadsorganization,b) <= (h,organizationhiredperson,a), (a,personleadsorganization,h), (b,subpartof,a)
17.0	15.0	0.882352941	(a,hasspouse,b) <= (f,hashusband,j), (j,hasspouse,b), (a,hasspouse,f)
34.0	30.0	0.882352941	(a,organizationhiredperson,b) <= (b,ceoof,a), (g,organizationhiredperson,b), (g,organizationterminatedperson,b)
34.0	30.0	0.882352941	(a,politicianrepresentslocation,b) <= (i,citycapitalofcountry,b), (i,citylocatedincountry,f), (a,politicianrepresentslocation,f)
17.0	15.0	0.882352941	(a,organizationhiredperson,b) <= (e,mutualproxyfor,j), (e,organizationhiredperson,b), (j,topmemberoforganization,a)
17.0	15.0	0.882352941	(a,personleadsorganization,b) <= (b,organizationhiredperson,f), (a,personleadsorganization,j), (j,subpartof,f)
17.0	15.0	0.882352941	(a,organizationhiredperson,b) <= (h,organizationhiredperson,b), (b,personleadsorganization,h), (a,subpartof,b)
17.0	15.0	0.882352941	(a,hasofficeincountry,b) <= (f,ceoof,j), (j,hasofficeincountry,b), (a,organizationterminatedperson,f)
42.0	37.0	0.880952381	(a,sportfansincountry,b) <= (i,hasofficeincountry,b), (i,organizationheadquarteredincountry,f), (a,sportfansincountry,f)
67.0	59.0	0.880597015	(a,athleteplaysforteam,b) <= (i,athleteplaysforteam,b), (a,athleteplaysforteam,f), (i,worksfor,f)
92.0	81.0	0.880434783	(a,subpartoforganization,b) <= (b,agentcollaborateswithagent,f), (a,subpartoforganization,j), (f,topmemberoforganization,j)
25.0	22.0	0.88	(a,subpartof,b) <= (f,organizationterminatedperson,j), (j,personbelongstoorganization,b), (a,subpartof,f)
25.0	22.0	0.88	(a,animalsuchasinvertebrate,b) <= (i,agentcompeteswithagent,b), (a,animalsuchasinvertebrate,f), (i,arthropodandotherarthropod,f)
25.0	22.0	0.88	(a,locationlocatedwithinlocation,b) <= (a,locationlocatedwithinlocation,f), (f,locationlocatedwithinlocation,j), (j,newspaperincity,b)
25.0	22.0	0.88	(a,worksfor,b) <= (i,athleteledsportsteam,b), (i,personbelongstoorganization,f), (a,worksfor,f)
25.0	22.0	0.88	(a,athleteledsportsteam,b) <= (a,athleteledsportsteam,f), (i,athleteplaysforteam,b), (i,worksfor,f)
141.0	124.0	0.879432624	(a,organizationterminatedperson,b) <= (j,organizationterminatedperson,b), (a,organizationterminatedperson,f), (f,personleadsorganization,j)
99.0	87.0	0.878787879	(a,topmemberoforganization,b) <= (i,ceoof,b), (a,topmemberoforganization,f), (i,topmemberoforganization,f)
33.0	29.0	0.878787879	(a,personbelongstoorganization,b) <= (b,agentcontrols,f), (a,personbelongstoorganization,j), (f,subpartof,j)
33.0	29.0	0.878787879	(a,automobilemakerdealersincity,b) <= (a,automobilemakerdealersincity,f), (i,organizationheadquarteredincity,f), (i,televisionstationincity,b)
41.0	36.0	0.87804878	(a,organizationterminatedperson,b) <= (i,mutualproxyfor,f), (i,organizationhiredperson,b), (a,organizationterminatedperson,f)
41.0	36.0	0.87804878	(a,organizationhiredperson,b) <= (i,athleteledsportsteam,e), (e,organizationhiredperson,b), (i,personbelongstoorganization,a)
818.0	718.0	0.877750611	(a,subpartoforganization,b) <= (j,agentbelongstoorganization,b), (f,agentcontrols,j), (a,subpartoforganization,f)
98.0	86.0	0.87755102	(a,teamplaysagainstteam,b) <= (i,athleteplaysforteam,b), (a,teamplaysagainstteam,f), (i,worksfor,f)
57.0	50.0	0.877192982	(a,mutualproxyfor,b) <= (f,ceoof,j), (a,mutualproxyfor,f), (j,organizationterminatedperson,b)
121.0	106.0	0.876033058	(a,proxyfor,b) <= (i,airportincity,a), (i,buildinglocatedincity,e), (e,proxyfor,b)
8.0	7.0	0.875	(a,personleadsorganization,b) <= (a,ceoof,h), (a,personleadsorganization,h), (a,worksfor,b)
8.0	7.0	0.875	(a,mutualproxyfor,b) <= (g,agentcollaborateswithagent,b), (g,mutualproxyfor,b), (a,subpartof,b)
8.0	7.0	0.875	(a,organizationhiredperson,b) <= (a,agentcollaborateswithagent,f), (f,athleteledsportsteam,j), (j,organizationhiredperson,b)
16.0	14.0	0.875	(a,topmemberoforganization,b) <= (b,organizationterminatedperson,a), (g,topmemberoforganization,b), (g,worksfor,b)
40.0	35.0	0.875	(a,locationlocatedwithinlocation,b) <= (i,airportincity,a), (i,buildinglocatedincity,e), (e,locationlocatedwithinlocation,b)
16.0	14.0	0.875	(a,agentcontrols,b) <= (i,agentcontrols,b), (a,agentcontrols,f), (i,atlocation,f)
8.0	7.0	0.875	(a,agentcontrols,b) <= (e,agentcollaborateswithagent,j), (e,agentcontrols,b), (j,athleteledsportsteam,a)
24.0	21.0	0.875	(a,athleteledsportsteam,b) <= (f,agentcollaborateswithagent,j), (j,athleteledsportsteam,b), (a,athleteledsportsteam,f)
8.0	7.0	0.875	(a,organizationheadquarteredinstateorprovince,b) <= (e,organizationheadquarteredinstateorprovince,b), (e,organizationterminatedperson,j), (j,topmemberoforganization,a)
24.0	21.0	0.875	(a,mutualproxyfor,b) <= (f,ceoof,j), (j,mutualproxyfor,b), (a,organizationhiredperson,f)
16.0	14.0	0.875	(a,organizationhiredperson,b) <= (e,organizationhiredperson,b), (e,subpartof,j), (j,worksfor,a)
16.0	14.0	0.875	(a,organizationhiredperson,b) <= (j,ceoof,a), (f,organizationhiredperson,j), (b,topmemberoforganization,f)
8.0	7.0	0.875	(a,persongraduatedfromuniversity,b) <= (i,agentactsinlocation,f), (a,personmovedtostateorprovince,f), (i,synonymfor,b)
8.0	7.0	0.875	(a,organizationhiredperson,b) <= (f,atlocation,j), (j,organizationhiredperson,b), (a,organizationhiredperson,f)
8.0	7.0	0.875	(a,proxyfor,b) <= (b,organizationhiredperson,f), (a,personleadsorganization,j), (f,proxyfor,j)
8.0	7.0	0.875	(a,agentcollaborateswithagent,b) <= (e,agentcollaborateswithagent,b), (i,athleteplaysforteam,e), (i,personbelongstoorganization,a)
8.0	7.0	0.875	(a,mutualproxyfor,b) <= (a,mutualproxyfor,j), (j,personbelongstoorganization,f), (b,personleadsorganization,f)
16.0	14.0	0.875	(a,hasofficeincountry,b) <= (i,automakerproducesmodel,f), (i,hasofficeincountry,b), (a,producesproduct,f)
8.0	7.0	0.875	(a,cityliesonriver,b) <= (i,cityliesonriver,b), (a,mutualproxyfor,f), (i,organizationhiredperson,f)
8.0	7.0	0.875	(a,organizationheadquarteredinstateorprovince,b) <= (i,coachesteam,a), (e,organizationheadquarteredinstateorprovince,b), (i,worksfor,e)
8.0	7.0	0.875	(a,personleadsgeopoliticalorganization,b) <= (i,headquarteredin,f), (i,organizationheadquarteredincity,b), (a,personleadsgeopoliticalorganization,f)
8.0	7.0	0.875	(a,animalthatfeedoninsect,b) <= (b,animalsuchasinvertebrate,a), (g,animalthatfeedoninsect,b), (g,arthropodcalledarthropod,a)
16.0	14.0	0.875	(a,organizationheadquarteredinstateorprovince,b) <= (i,athleteledsportsteam,e), (i,athleteplaysforteam,a), (e,organizationheadquarteredinstateorprovince,b)
24.0	21.0	0.875	(a,personleadsorganization,b) <= (j,mutualproxyfor,f), (b,organizationhiredperson,f), (a,personleadsorganization,j)
16.0	14.0	0.875	(a,teamalsoknownas,b) <= (j,coachesteam,b), (f,organizationhiredperson,j), (a,teamalsoknownas,f)
8.0	7.0	0.875	(a,teamplaysincity,b) <= (j,agentbelongstoorganization,b), (f,mutualproxyfor,j), (a,teamplaysincity,f)
32.0	28.0	0.875	(a,mutualproxyfor,b) <= (j,ceoof,f), (a,mutualproxyfor,j), (b,topmemberoforganization,f)
16.0	14.0	0.875	(a,ceoof,b) <= (j,ceoof,b), (f,organizationhiredperson,j), (a,topmemberoforganization,f)
8.0	7.0	0.875	(a,ceoof,b) <= (j,ceoof,b), (f,organizationhiredperson,j), (a,worksfor,f)
8.0	7.0	0.875	(a,organizationheadquarteredinstateorprovince,b) <= (j,organizationheadquarteredinstateorprovince,b), (a,organizationterminatedperson,f), (f,topmemberoforganization,j)
8.0	7.0	0.875	(a,mutualproxyfor,b) <= (g,agentactsinlocation,b), (g,atlocation,a), (b,subpartof,a)
8.0	7.0	0.875	(a,acquired,b) <= (a,acquired,f), (j,ceoof,b), (f,organizationterminatedperson,j)
8.0	7.0	0.875	(a,proxyfor,b) <= (f,organizationhiredperson,j), (j,proxyfor,b), (a,proxyfor,f)
8.0	7.0	0.875	(a,proxyfor,b) <= (h,organizationhiredperson,a), (a,personleadsorganization,b), (a,proxyfor,h)
8.0	7.0	0.875	(a,personleadsorganization,b) <= (f,organizationhiredperson,j), (j,proxyfor,b), (a,proxyfor,f)
8.0	7.0	0.875	(a,organizationhiredperson,b) <= (a,organizationterminatedperson,h), (b,personleadsorganization,a), (a,subpartof,h)
16.0	14.0	0.875	(a,citylocatedincountry,b) <= (i,citylocatedincountry,b), (a,citylocatedincountry,f), (i,locationlocatedwithinlocation,f)
8.0	7.0	0.875	(a,weaponmadeincountry,b) <= (f,organizationhiredperson,j), (j,personbelongstoorganization,b), (a,weaponmadeincountry,f)
16.0	14.0	0.875	(a,atdate,b) <= (j,atdate,b), (e,buildinglocatedincity,j), (e,subpartof,a)
8.0	7.0	0.875	(a,mutualproxyfor,b) <= (e,mutualproxyfor,b), (i,personleadsorganization,e), (i,proxyfor,a)
8.0	7.0	0.875	(a,agentcollaborateswithagent,b) <= (g,agentcollaborateswithagent,b), (g,mutualproxyfor,b), (a,subpartof,b)
8.0	7.0	0.875	(a,topmemberoforganization,b) <= (b,agentcollaborateswithagent,f), (f,personbelongstoorganization,j), (a,topmemberoforganization,j)
8.0	7.0	0.875	(a,agentcollaborateswithagent,b) <= (b,agentcollaborateswithagent,a), (h,agentcollaborateswithagent,b), (b,subpartof,h)
8.0	7.0	0.875	(a,mutualproxyfor,b) <= (a,agentcollaborateswithagent,b), (g,agentcontrols,b), (g,mutualproxyfor,b)
16.0	14.0	0.875	(a,subpartof,b) <= (b,ceoof,f), (a,subpartof,j), (j,topmemberoforganization,f)
16.0	14.0	0.875	(a,topmemberoforganization,b) <= (b,mutualproxyfor,f), (j,subpartof,f), (a,topmemberoforganization,j)
8.0	7.0	0.875	(a,persongraduatedfromuniversity,b) <= (f,agentactsinlocation,j), (a,personmovedtostateorprovince,j), (b,synonymfor,f)
8.0	7.0	0.875	(a,topmemberoforganization,b) <= (b,hasofficeincountry,h), (b,organizationheadquarteredincountry,h), (b,organizationterminatedperson,a)
8.0	7.0	0.875	(a,teamplaysinleague,b) <= (e,athleteledsportsteam,a), (e,athleteplaysinleague,b), (e,personbelongstoorganization,a)
32.0	28.0	0.875	(a,atlocation,b) <= (e,atlocation,b), (i,headquarteredin,a), (i,organizationheadquarteredincity,e)
8.0	7.0	0.875	(a,companyalsoknownas,b) <= (j,companyalsoknownas,a), (e,companyalsoknownas,b), (e,organizationalsoknownas,j)
8.0	7.0	0.875	(a,proxyfor,b) <= (b,organizationhiredperson,a), (a,personleadsorganization,h), (a,proxyfor,h)
16.0	14.0	0.875	(a,organizationhiredperson,b) <= (b,ceoof,a), (a,organizationhiredperson,h), (h,topmemberoforganization,a)
8.0	7.0	0.875	(a,animalistypeofanimal,b) <= (j,agentcompeteswithagent,a), (e,animalistypeofanimal,b), (e,arthropodcalledarthropod,j)
8.0	7.0	0.875	(a,subpartoforganization,b) <= (j,countrylocatedingeopoliticallocation,f), (b,organizationalsoknownas,f), (a,subpartoforganization,j)
8.0	7.0	0.875	(a,agentactsinlocation,b) <= (a,agentactsinlocation,f), (i,citycapitalofcountry,b), (i,citylocatedincountry,f)
16.0	14.0	0.875	(a,worksfor,b) <= (b,organizationhiredperson,f), (j,subpartof,f), (a,worksfor,j)
8.0	7.0	0.875	(a,airportincity,b) <= (a,airportincity,f), (f,organizationhiredperson,j), (j,personhasresidenceingeopoliticallocation,b)
8.0	7.0	0.875	(a,atdate,b) <= (e,atdate,b), (i,personleadsgeopoliticalorganization,a), (i,worksfor,e)
8.0	7.0	0.875	(a,stateorprovinceisborderedbystateorprovince,b) <= (a,organizationhiredperson,f), (f,personbelongstoorganization,j), (j,stateorprovinceisborderedbystateorprovince,b)
8.0	7.0	0.875	(a,worksfor,b) <= (a,ceoof,h), (b,mutualproxyfor,a), (a,worksfor,h)
16.0	14.0	0.875	(a,topmemberoforganization,b) <= (a,ceoof,b), (b,organizationhiredperson,h), (h,topmemberoforganization,b)
16.0	14.0	0.875	(a,organizationhiredperson,b) <= (g,organizationhiredperson,b), (g,subpartof,b), (b,worksfor,a)
8.0	7.0	0.875	(a,sportschoolincountry,b) <= (i,citylocatedincountry,b), (i,locationlocatedwithinlocation,f), (a,sportschoolincountry,f)
8.0	7.0	0.875	(a,agentcontrols,b) <= (a,agentcontrols,h), (h,mutualproxyfor,a), (a,proxyfor,b)
16.0	14.0	0.875	(a,organizationhiredperson,b) <= (g,mutualproxyfor,b), (g,organizationhiredperson,b), (b,topmemberoforganization,a)
16.0	14.0	0.875	(a,mutualproxyfor,b) <= (g,mutualproxyfor,b), (g,organizationhiredperson,b), (b,topmemberoforganization,a)
8.0	7.0	0.875	(a,fatherofperson,b) <= (e,fatherofperson,b), (i,hashusband,e), (i,hasspouse,a)
8.0	7.0	0.875	(a,producesproduct,b) <= (e,agentcreated,j), (j,mutualproxyfor,a), (e,producesproduct,b)
8.0	7.0	0.875	(a,politicianrepresentslocation,b) <= (a,politicianrepresentslocation,f), (i,statelocatedingeopoliticallocation,b), (i,subpartof,f)
32.0	28.0	0.875	(a,organizationterminatedperson,b) <= (f,mutualproxyfor,j), (a,organizationterminatedperson,j), (b,topmemberoforganization,f)
8.0	7.0	0.875	(a,subpartoforganization,b) <= (b,countryalsoknownas,f), (j,countrylocatedingeopoliticallocation,f), (a,subpartoforganization,j)
374.0	327.0	0.874331551	(a,agentbelongstoorganization,b) <= (a,agentbelongstoorganization,j), (b,agentcontrols,f), (f,subpartof,j)
79.0	69.0	0.873417722	(a,statelocatedincountry,b) <= (a,statelocatedincountry,f), (i,statelocatedincountry,f), (i,subpartof,b)
71.0	62.0	0.873239437	(a,arthropodcalledarthropod,b) <= (i,agentcompeteswithagent,a), (e,arthropodcalledarthropod,b), (i,arthropodcalledarthropod,e)
189.0	165.0	0.873015873	(a,subpartof,b) <= (i,personleadsorganization,b), (a,subpartof,f), (i,worksfor,f)
149.0	130.0	0.872483221	(a,agentbelongstoorganization,b) <= (i,agentbelongstoorganization,b), (a,agentcollaborateswithagent,f), (i,subpartof,f)
149.0	130.0	0.872483221	(a,agentbelongstoorganization,b) <= (g,agentbelongstoorganization,b), (a,agentcollaborateswithagent,b), (g,subpartof,b)
39.0	34.0	0.871794872	(a,teamplaysinleague,b) <= (j,coachesteam,a), (e,organizationhiredperson,j), (e,teamplaysinleague,b)
31.0	27.0	0.870967742	(a,arthropodcalledarthropod,b) <= (j,agentcompeteswithagent,b), (f,animalsuchasinvertebrate,j), (a,arthropodcalledarthropod,f)
31.0	27.0	0.870967742	(a,mutualproxyfor,b) <= (g,mutualproxyfor,b), (g,organizationhiredperson,b), (a,subpartof,b)
23.0	20.0	0.869565217	(a,organizationhiredperson,b) <= (j,ceoof,a), (e,mutualproxyfor,j), (e,organizationhiredperson,b)
23.0	20.0	0.869565217	(a,headquarteredin,b) <= (j,headquarteredin,b), (a,organizationterminatedperson,f), (f,personleadsorganization,j)
160.0	139.0	0.86875	(a,agentbelongstoorganization,b) <= (a,subpartof,f), (i,topmemberoforganization,b), (i,topmemberoforganization,f)
76.0	66.0	0.868421053	(a,radiostationincity,b) <= (i,airportincity,b), (i,buildinglocatedincity,f), (a,radiostationincity,f)
205.0	178.0	0.868292683	(a,atlocation,b) <= (i,airportincity,b), (a,atlocation,f), (i,buildinglocatedincity,f)
182.0	158.0	0.868131868	(a,parkincity,b) <= (i,airportincity,f), (i,buildinglocatedincity,b), (a,parkincity,f)
53.0	46.0	0.867924528	(a,mutualproxyfor,b) <= (e,mutualproxyfor,b), (e,organizationterminatedperson,j), (j,personbelongstoorganization,a)
53.0	46.0	0.867924528	(a,agentcollaborateswithagent,b) <= (i,agentcollaborateswithagent,b), (a,agentcollaborateswithagent,f), (i,mutualproxyfor,f)
53.0	46.0	0.867924528	(a,organizationterminatedperson,b) <= (a,organizationhiredperson,f), (j,organizationterminatedperson,b), (f,topmemberoforganization,j)
68.0	59.0	0.867647059	(a,citylocatedincountry,b) <= (a,citylocatedincountry,f), (i,hasofficeincountry,b), (i,organizationheadquarteredincountry,f)
83.0	72.0	0.86746988	(a,organizationhiredperson,b) <= (e,organizationhiredperson,b), (e,organizationhiredperson,j), (j,topmemberoforganization,a)
113.0	98.0	0.867256637	(a,teamplaysincity,b) <= (i,airportincity,b), (i,buildinglocatedincity,f), (a,teamplaysincity,f)
30.0	26.0	0.866666667	(a,topmemberoforganization,b) <= (b,organizationterminatedperson,f), (j,subpartof,a), (f,topmemberoforganization,j)
45.0	39.0	0.866666667	(a,animalpreyson,b) <= (j,agentcompeteswithagent,b), (a,animalpreyson,f), (f,arthropodcalledarthropod,j)
30.0	26.0	0.866666667	(a,topmemberoforganization,b) <= (i,organizationhiredperson,e), (i,subpartof,a), (e,topmemberoforganization,b)
15.0	13.0	0.866666667	(a,hasofficeincountry,b) <= (j,hasofficeincountry,b), (a,organizationhiredperson,f), (f,topmemberoforganization,j)
15.0	13.0	0.866666667	(a,mutualproxyfor,b) <= (a,mutualproxyfor,f), (f,personleadsorganization,j), (j,subpartof,b)
30.0	26.0	0.866666667	(a,organizationterminatedperson,b) <= (a,organizationterminatedperson,f), (j,subpartof,b), (f,topmemberoforganization,j)
15.0	13.0	0.866666667	(a,proxyfor,b) <= (i,personbelongstoorganization,f), (i,personleadsorganization,b), (a,proxyfor,f)
15.0	13.0	0.866666667	(a,subpartof,b) <= (a,mutualproxyfor,f), (f,personleadsorganization,j), (j,subpartof,b)
15.0	13.0	0.866666667	(a,subpartof,b) <= (j,agentcollaborateswithagent,f), (b,agentcontrols,f), (a,subpartof,j)
30.0	26.0	0.866666667	(a,athleteplaysforteam,b) <= (a,athleteplaysforteam,j), (b,organizationhiredperson,f), (j,organizationterminatedperson,f)
30.0	26.0	0.866666667	(a,athleteplaysforteam,b) <= (a,athleteplaysforteam,f), (f,organizationterminatedperson,j), (j,worksfor,b)
90.0	78.0	0.866666667	(a,mutualproxyfor,b) <= (a,mutualproxyfor,j), (b,organizationhiredperson,f), (j,organizationterminatedperson,f)
127.0	110.0	0.866141732	(a,organizationterminatedperson,b) <= (j,organizationterminatedperson,b), (a,organizationterminatedperson,f), (f,worksfor,j)
112.0	97.0	0.866071429	(a,hotelincity,b) <= (a,hotelincity,f), (i,organizationheadquarteredincity,b), (i,radiostationincity,f)
67.0	58.0	0.865671642	(a,ceoof,b) <= (a,ceoof,f), (f,organizationterminatedperson,j), (j,topmemberoforganization,b)
37.0	32.0	0.864864865	(a,buildinglocatedincity,b) <= (a,buildinglocatedincity,f), (i,organizationheadquarteredincity,b), (i,radiostationincity,f)
37.0	32.0	0.864864865	(a,mutualproxyfor,b) <= (i,airportincity,b), (i,buildinglocatedincity,f), (a,mutualproxyfor,f)
392.0	339.0	0.864795918	(a,agentbelongstoorganization,b) <= (i,agentbelongstoorganization,b), (a,agentbelongstoorganization,f), (i,agentcollaborateswithagent,f)
59.0	51.0	0.86440678	(a,companyeconomicsector,b) <= (e,companyeconomicsector,b), (e,organizationterminatedperson,j), (j,topmemberoforganization,a)
884.0	764.0	0.864253394	(a,agentcreated,b) <= (j,agentcreated,b), (a,agentcreated,f), (f,bookwriter,j)
22.0	19.0	0.863636364	(a,arthropodandotherarthropod,b) <= (j,agentcompeteswithagent,a), (e,arthropodandotherarthropod,b), (e,arthropodcalledarthropod,j)
22.0	19.0	0.863636364	(a,mutualproxyfor,b) <= (g,mutualproxyfor,b), (g,organizationhiredperson,b), (b,worksfor,a)
22.0	19.0	0.863636364	(a,mutualproxyfor,b) <= (a,mutualproxyfor,j), (j,personhasresidenceingeopoliticallocation,f), (b,personleadsorganization,f)
22.0	19.0	0.863636364	(a,organizationhiredperson,b) <= (j,organizationhiredperson,b), (f,personleadsorganization,j), (a,subpartof,f)
22.0	19.0	0.863636364	(a,organizationhiredperson,b) <= (a,mutualproxyfor,h), (a,organizationhiredperson,h), (b,worksfor,a)
22.0	19.0	0.863636364	(a,teamalsoknownas,b) <= (i,athleteledsportsteam,b), (i,athleteplaysforteam,f), (a,teamalsoknownas,f)
22.0	19.0	0.863636364	(a,teamalsoknownas,b) <= (i,athleteledsportsteam,f), (i,athleteplaysforteam,b), (a,teamalsoknownas,f)
22.0	19.0	0.863636364	(a,mutualproxyfor,b) <= (b,ceoof,h), (h,mutualproxyfor,b), (a,organizationhiredperson,b)
44.0	38.0	0.863636364	(a,agentbelongstoorganization,b) <= (i,agentbelongstoorganization,b), (a,agentbelongstoorganization,f), (i,agentcontrols,f)
22.0	19.0	0.863636364	(a,haswife,b) <= (f,hasspouse,j), (j,haswife,b), (a,haswife,f)
51.0	44.0	0.862745098	(a,organizationhiredperson,b) <= (e,organizationhiredperson,j), (e,organizationterminatedperson,b), (j,topmemberoforganization,a)
51.0	44.0	0.862745098	(a,topmemberoforganization,b) <= (b,organizationhiredperson,a), (h,organizationterminatedperson,a), (a,topmemberoforganization,h)
80.0	69.0	0.8625	(a,athleteledsportsteam,b) <= (a,athleteledsportsteam,f), (j,coachesteam,b), (f,organizationhiredperson,j)
29.0	25.0	0.862068966	(a,organizationhiredperson,b) <= (a,mutualproxyfor,h), (a,organizationhiredperson,h), (a,subpartof,b)
29.0	25.0	0.862068966	(a,citylocatedingeopoliticallocation,b) <= (i,citycapitalofcountry,b), (i,citylocatedincountry,f), (a,citylocatedingeopoliticallocation,f)
29.0	25.0	0.862068966	(a,mutualproxyfor,b) <= (a,mutualproxyfor,h), (a,organizationhiredperson,h), (a,subpartof,b)
29.0	25.0	0.862068966	(a,organizationhiredperson,b) <= (f,mutualproxyfor,j), (a,organizationhiredperson,j), (b,worksfor,f)
29.0	25.0	0.862068966	(a,animalsuchasinsect,b) <= (j,agentcompeteswithagent,b), (a,animalsuchasinsect,f), (f,animalsuchasinvertebrate,j)
332.0	286.0	0.861445783	(a,proxyfor,b) <= (j,organizationhiredperson,f), (b,organizationterminatedperson,f), (a,proxyfor,j)
50.0	43.0	0.86	(a,subpartof,b) <= (a,organizationhiredperson,f), (i,organizationterminatedperson,f), (i,subpartof,b)
100.0	86.0	0.86	(a,teamplaysagainstteam,b) <= (i,athleteplaysforteam,a), (e,teamplaysagainstteam,b), (i,worksfor,e)
64.0	55.0	0.859375	(a,teamwontrophy,b) <= (j,coachesteam,a), (e,organizationhiredperson,j), (e,teamwontrophy,b)
71.0	61.0	0.85915493	(a,agentactsinlocation,b) <= (a,agentactsinlocation,f), (i,airportincity,f), (i,buildinglocatedincity,b)
85.0	73.0	0.858823529	(a,newspaperincity,b) <= (i,airportincity,b), (i,buildinglocatedincity,f), (a,newspaperincity,f)
14.0	12.0	0.857142857	(a,proxyfor,b) <= (i,buildinglocatedincity,e), (e,proxyfor,b), (i,subpartof,a)
7.0	6.0	0.857142857	(a,worksfor,b) <= (g,ceoof,b), (b,mutualproxyfor,a), (g,worksfor,b)
7.0	6.0	0.857142857	(a,istallerthan,b) <= (i,citylocatedingeopoliticallocation,a), (e,istallerthan,b), (i,locationlocatedwithinlocation,e)
7.0	6.0	0.857142857	(a,bankbankincountry,b) <= (j,bankbankincountry,b), (a,organizationhiredperson,f), (f,worksfor,j)
7.0	6.0	0.857142857	(a,parkincity,b) <= (j,organizationhiredperson,f), (b,organizationterminatedperson,f), (a,parkincity,j)
56.0	48.0	0.857142857	(a,mutualproxyfor,b) <= (f,citylocatedingeopoliticallocation,j), (j,mutualproxyfor,b), (a,mutualproxyfor,f)
7.0	6.0	0.857142857	(a,personleadsorganization,b) <= (b,mutualproxyfor,a), (a,personleadsorganization,h), (a,proxyfor,h)
14.0	12.0	0.857142857	(a,acquired,b) <= (a,acquired,f), (f,organizationterminatedperson,j), (j,topmemberoforganization,b)
7.0	6.0	0.857142857	(a,acquired,b) <= (e,acquired,b), (i,agentbelongstoorganization,e), (i,agentcollaborateswithagent,a)
14.0	12.0	0.857142857	(a,mutualproxyfor,b) <= (a,mutualproxyfor,h), (a,subpartof,h), (b,topmemberoforganization,a)
14.0	12.0	0.857142857	(a,sportsgameteam,b) <= (b,organizationhiredperson,f), (i,organizationterminatedperson,f), (a,sportsgameteam,i)
7.0	6.0	0.857142857	(a,bankbankincountry,b) <= (e,bankbankincountry,b), (i,ceoof,e), (i,worksfor,a)
7.0	6.0	0.857142857	(a,airportincity,b) <= (a,airportincity,j), (f,citylocatedingeopoliticallocation,j), (b,mutualproxyfor,f)
7.0	6.0	0.857142857	(a,sportfansincountry,b) <= (j,locationlocatedwithinlocation,f), (b,organizationalsoknownas,f), (a,sportfansincountry,j)
7.0	6.0	0.857142857	(a,agentcontrols,b) <= (a,agentcontrols,f), (j,organizationhiredperson,b), (f,topmemberoforganization,j)
7.0	6.0	0.857142857	(a,companyalsoknownas,b) <= (j,companyalsoknownas,b), (a,organizationterminatedperson,f), (f,worksfor,j)
14.0	12.0	0.857142857	(a,personleadsorganization,b) <= (j,mutualproxyfor,a), (f,personleadsorganization,j), (b,subpartof,f)
7.0	6.0	0.857142857	(a,agentcollaborateswithagent,b) <= (a,agentcontrols,f), (j,organizationhiredperson,b), (f,topmemberoforganization,j)
7.0	6.0	0.857142857	(a,subpartof,b) <= (e,agentcompeteswithagent,j), (j,organizationheadquarteredincity,a), (e,subpartof,b)
28.0	24.0	0.857142857	(a,mutualproxyfor,b) <= (g,mutualproxyfor,b), (g,organizationterminatedperson,b), (b,topmemberoforganization,a)
7.0	6.0	0.857142857	(a,animalsuchasinsect,b) <= (a,animalistypeofanimal,b), (g,animalsuchasinsect,b), (g,animalthatfeedoninsect,b)
7.0	6.0	0.857142857	(a,proxyfor,b) <= (b,mutualproxyfor,a), (g,personleadsorganization,b), (g,proxyfor,b)
21.0	18.0	0.857142857	(a,hasofficeincity,b) <= (j,ceoof,a), (e,hasofficeincity,b), (e,organizationterminatedperson,j)
182.0	156.0	0.857142857	(a,agentbelongstoorganization,b) <= (h,agentbelongstoorganization,b), (b,agentcontrols,h), (a,subpartof,b)
7.0	6.0	0.857142857	(a,topmemberoforganization,b) <= (b,organizationhiredperson,a), (a,topmemberoforganization,h), (a,worksfor,h)
7.0	6.0	0.857142857	(a,citycapitalofcountry,b) <= (a,citycapitalofcountry,f), (i,hasofficeincountry,b), (i,organizationheadquarteredincountry,f)
14.0	12.0	0.857142857	(a,organizationterminatedperson,b) <= (e,organizationterminatedperson,b), (e,subpartof,j), (j,worksfor,a)
7.0	6.0	0.857142857	(a,agentcollaborateswithagent,b) <= (a,agentcollaborateswithagent,h), (a,agentcontrols,h), (a,mutualproxyfor,b)
14.0	12.0	0.857142857	(a,topmemberoforganization,b) <= (b,mutualproxyfor,f), (j,subpartof,a), (f,topmemberoforganization,j)
14.0	12.0	0.857142857	(a,subpartof,b) <= (a,mutualproxyfor,h), (a,subpartof,h), (b,topmemberoforganization,a)
42.0	36.0	0.857142857	(a,locationlocatedwithinlocation,b) <= (i,airportincity,e), (i,buildinglocatedincity,a), (e,locationlocatedwithinlocation,b)
7.0	6.0	0.857142857	(a,agentcollaborateswithagent,b) <= (e,agentcollaborateswithagent,b), (i,athleteledsportsteam,e), (i,personbelongstoorganization,a)
14.0	12.0	0.857142857	(a,bankbankincountry,b) <= (a,bankbankincountry,j), (b,organizationhiredperson,f), (f,worksfor,j)
7.0	6.0	0.857142857	(a,agentcontrols,b) <= (e,agentcontrols,b), (i,organizationhiredperson,a), (i,organizationterminatedperson,e)
7.0	6.0	0.857142857	(a,proxyfor,b) <= (i,atlocation,a), (i,personleadsorganization,e), (e,proxyfor,b)
7.0	6.0	0.857142857	(a,sportfansincountry,b) <= (b,countryalsoknownas,f), (j,locationlocatedwithinlocation,f), (a,sportfansincountry,j)
7.0	6.0	0.857142857	(a,subpartof,b) <= (e,agentcompeteswithagent,j), (j,headquarteredin,a), (e,subpartof,b)
56.0	48.0	0.857142857	(a,automobilemakerdealersincity,b) <= (e,automobilemakerdealersincity,b), (e,organizationhiredperson,j), (j,worksfor,a)
14.0	12.0	0.857142857	(a,sportsgameteam,b) <= (f,organizationterminatedperson,j), (a,sportsgameteam,f), (j,worksfor,b)
7.0	6.0	0.857142857	(a,organizationheadquarteredincity,b) <= (i,headquarteredin,b), (a,organizationalsoknownas,f), (i,organizationalsoknownas,f)
7.0	6.0	0.857142857	(a,animalpreyson,b) <= (h,animalistypeofanimal,b), (b,specializationof,a), (b,specializationof,h)
14.0	12.0	0.857142857	(a,worksfor,b) <= (g,ceoof,b), (b,organizationterminatedperson,a), (g,worksfor,b)
7.0	6.0	0.857142857	(a,persongraduatedfromuniversity,b) <= (f,agentactsinlocation,j), (b,organizationalsoknownas,f), (a,personmovedtostateorprovince,j)
14.0	12.0	0.857142857	(a,animalsuchasinsect,b) <= (i,agentcompeteswithagent,b), (a,animalsuchasinsect,f), (i,arthropodandotherarthropod,f)
21.0	18.0	0.857142857	(a,atdate,b) <= (e,atdate,b), (i,attractionofcity,a), (i,locationlocatedwithinlocation,e)
7.0	6.0	0.857142857	(a,organizationterminatedperson,b) <= (a,organizationterminatedperson,j), (b,personleadsorganization,f), (j,proxyfor,f)
7.0	6.0	0.857142857	(a,hasspouse,b) <= (a,hashusband,f), (j,hasspouse,b), (f,haswife,j)
7.0	6.0	0.857142857	(a,attractionofcity,b) <= (a,attractionofcity,j), (f,attractionofcity,j), (b,proxyfor,f)
7.0	6.0	0.857142857	(a,animalthatfeedoninsect,b) <= (b,animalpreyson,a), (h,animalthatfeedoninsect,b), (b,arthropodandotherarthropod,h)
7.0	6.0	0.857142857	(a,personleadsorganization,b) <= (b,mutualproxyfor,a), (g,personleadsorganization,b), (g,proxyfor,b)
7.0	6.0	0.857142857	(a,organizationhiredperson,b) <= (e,agentcollaborateswithagent,j), (j,athleteplaysforteam,a), (e,organizationhiredperson,b)
7.0	6.0	0.857142857	(a,hasofficeincountry,b) <= (i,ceoof,e), (e,hasofficeincountry,b), (i,topmemberoforganization,a)
7.0	6.0	0.857142857	(a,organizationheadquarteredinstateorprovince,b) <= (i,organizationheadquarteredinstateorprovince,b), (i,organizationhiredperson,f), (a,organizationterminatedperson,f)
14.0	12.0	0.857142857	(a,headquarteredin,b) <= (i,ceoof,e), (e,headquarteredin,b), (i,topmemberoforganization,a)
7.0	6.0	0.857142857	(a,hasofficeincity,b) <= (i,hasofficeincity,b), (a,organizationhiredperson,f), (i,organizationterminatedperson,f)
7.0	6.0	0.857142857	(a,subpartoforganization,b) <= (j,coachesinleague,b), (f,organizationhiredperson,j), (a,subpartoforganization,f)
7.0	6.0	0.857142857	(a,personhasresidenceingeopoliticallocation,b) <= (b,organizationterminatedperson,f), (a,personhasresidenceingeopoliticallocation,j), (f,personleadsorganization,j)
7.0	6.0	0.857142857	(a,arthropodcalledarthropod,b) <= (a,animalpreyson,h), (b,animalsuchasinvertebrate,h), (b,arthropodcalledarthropod,a)
14.0	12.0	0.857142857	(a,personleadsorganization,b) <= (b,mutualproxyfor,f), (a,personleadsorganization,j), (j,subpartof,f)
7.0	6.0	0.857142857	(a,countrylocatedingeopoliticallocation,b) <= (e,countrylocatedingeopoliticallocation,b), (e,organizationhiredperson,j), (j,personbelongstoorganization,a)
7.0	6.0	0.857142857	(a,ceoof,b) <= (j,automakerproducesmodel,f), (a,ceoof,j), (b,producesproduct,f)
7.0	6.0	0.857142857	(a,airportincity,b) <= (a,airportincity,j), (b,organizationterminatedperson,f), (f,worksfor,j)
28.0	24.0	0.857142857	(a,proxyfor,b) <= (f,agentcompeteswithagent,j), (j,headquarteredin,b), (a,proxyfor,f)
14.0	12.0	0.857142857	(a,subpartof,b) <= (j,mutualproxyfor,b), (f,personleadsorganization,j), (a,subpartof,f)
7.0	6.0	0.857142857	(a,worksfor,b) <= (b,agentcollaborateswithagent,a), (a,proxyfor,h), (a,worksfor,h)
21.0	18.0	0.857142857	(a,ceoof,b) <= (a,ceoof,f), (f,mutualproxyfor,j), (j,topmemberoforganization,b)
28.0	24.0	0.857142857	(a,proxyfor,b) <= (f,agentcompeteswithagent,j), (j,organizationheadquarteredincity,b), (a,proxyfor,f)
7.0	6.0	0.857142857	(a,acquired,b) <= (j,acquired,b), (f,agentbelongstoorganization,j), (a,agentcontrols,f)
21.0	18.0	0.857142857	(a,organizationhiredperson,b) <= (b,ceoof,a), (g,mutualproxyfor,b), (g,organizationhiredperson,b)
28.0	24.0	0.857142857	(a,citylocatedinstate,b) <= (i,airportincity,a), (i,buildinglocatedincity,e), (e,citylocatedinstate,b)
7.0	6.0	0.857142857	(a,airportincity,b) <= (a,airportincity,f), (i,buildinglocatedincity,f), (i,subpartof,b)
7.0	6.0	0.857142857	(a,airportincity,b) <= (a,airportincity,f), (j,citylocatedingeopoliticallocation,b), (f,mutualproxyfor,j)
35.0	30.0	0.857142857	(a,ceoof,b) <= (a,ceoof,h), (h,organizationhiredperson,a), (b,organizationterminatedperson,a)
7.0	6.0	0.857142857	(a,statelocatedincountry,b) <= (i,citylocatedinstate,a), (i,mutualproxyfor,e), (e,statelocatedincountry,b)
7.0	6.0	0.857142857	(a,organizationterminatedperson,b) <= (j,organizationterminatedperson,b), (a,organizationterminatedperson,f), (f,proxyfor,j)
21.0	18.0	0.857142857	(a,athleteledsportsteam,b) <= (a,athleteledsportsteam,f), (i,personbelongstoorganization,b), (i,subpartof,f)
7.0	6.0	0.857142857	(a,agriculturalproductcomingfromvertebrate,b) <= (a,agriculturalproductcomingfromvertebrate,j), (b,agriculturalproductincludingagriculturalproduct,f), (j,animalpreyson,f)
7.0	6.0	0.857142857	(a,teamalsoknownas,b) <= (i,coachesteam,b), (a,teamalsoknownas,f), (i,worksfor,f)
7.0	6.0	0.857142857	(a,companyalsoknownas,b) <= (e,companyalsoknownas,b), (i,personleadsorganization,a), (i,worksfor,e)
7.0	6.0	0.857142857	(a,arthropodcalledarthropod,b) <= (h,animalsuchasinsect,a), (b,animalsuchasinvertebrate,h), (b,arthropodcalledarthropod,a)
182.0	156.0	0.857142857	(a,agentbelongstoorganization,b) <= (j,agentbelongstoorganization,b), (f,agentcontrols,j), (a,subpartof,f)
7.0	6.0	0.857142857	(a,countryalsoknownas,b) <= (g,citycapitalofcountry,a), (b,countryalsoknownas,a), (g,locationlocatedwithinlocation,a)
7.0	6.0	0.857142857	(a,ceoof,b) <= (g,ceoof,b), (b,mutualproxyfor,a), (g,worksfor,b)
7.0	6.0	0.857142857	(a,agentcontrols,b) <= (a,agentcollaborateswithagent,h), (a,agentcontrols,h), (a,mutualproxyfor,b)
7.0	6.0	0.857142857	(a,topmemberoforganization,b) <= (f,mutualproxyfor,j), (a,personleadsorganization,f), (j,topmemberoforganization,b)
7.0	6.0	0.857142857	(a,organizationterminatedperson,b) <= (a,organizationhiredperson,b), (b,topmemberoforganization,h), (b,worksfor,h)
7.0	6.0	0.857142857	(a,headquarteredin,b) <= (i,headquarteredin,b), (i,mutualproxyfor,f), (a,organizationterminatedperson,f)
42.0	36.0	0.857142857	(a,personhascitizenship,b) <= (i,citylocatedincountry,b), (a,personhascitizenship,f), (i,proxyfor,f)
7.0	6.0	0.857142857	(a,countryalsoknownas,b) <= (g,citycapitalofcountry,b), (b,countryalsoknownas,a), (g,locationlocatedwithinlocation,b)
7.0	6.0	0.857142857	(a,fishservedwithfood,b) <= (i,animalsuchasfish,e), (e,fishservedwithfood,b), (i,specializationof,a)
7.0	6.0	0.857142857	(a,agentcompeteswithagent,b) <= (a,agentcompeteswithagent,f), (i,coachesteam,f), (i,worksfor,b)
21.0	18.0	0.857142857	(a,headquarteredin,b) <= (f,ceoof,j), (j,headquarteredin,b), (a,organizationterminatedperson,f)
7.0	6.0	0.857142857	(a,languageofcountry,b) <= (i,citycapitalofcountry,b), (a,languageofcountry,f), (i,locationlocatedwithinlocation,f)
7.0	6.0	0.857142857	(a,proxyfor,b) <= (b,mutualproxyfor,a), (a,personleadsorganization,h), (a,proxyfor,h)
14.0	12.0	0.857142857	(a,athleteledsportsteam,b) <= (a,athleteledsportsteam,j), (j,organizationhiredperson,f), (b,organizationterminatedperson,f)
146.0	125.0	0.856164384	(a,producesproduct,b) <= (i,automakerproducesmodel,f), (i,producesproduct,b), (a,producesproduct,f)
271.0	232.0	0.856088561	(a,organizationheadquarteredincity,b) <= (a,organizationheadquarteredincity,f), (i,organizationheadquarteredincity,f), (i,televisionstationincity,b)
569.0	487.0	0.855887522	(a,teamplaysagainstteam,b) <= (j,coachesteam,b), (f,organizationhiredperson,j), (a,teamplaysagainstteam,f)
69.0	59.0	0.855072464	(a,teamplaysinleague,b) <= (i,athleteledsportsteam,a), (i,athleteplaysforteam,e), (e,teamplaysinleague,b)
186.0	159.0	0.85483871	(a,mutualproxyfor,b) <= (i,mutualproxyfor,b), (a,organizationhiredperson,f), (i,organizationterminatedperson,f)
179.0	153.0	0.854748603	(a,agentbelongstoorganization,b) <= (h,agentcollaborateswithagent,b), (b,agentcontrols,h), (a,subpartof,b)
103.0	88.0	0.854368932	(a,weaponmadeincountry,b) <= (i,citycapitalofcountry,b), (i,citylocatedincountry,f), (a,weaponmadeincountry,f)
41.0	35.0	0.853658537	(a,organizationhiredperson,b) <= (i,mutualproxyfor,f), (i,organizationhiredperson,b), (a,organizationterminatedperson,f)
41.0	35.0	0.853658537	(a,atlocation,b) <= (i,airportincity,a), (e,atlocation,b), (i,buildinglocatedincity,e)
41.0	35.0	0.853658537	(a,atlocation,b) <= (i,airportincity,e), (e,atlocation,b), (i,buildinglocatedincity,a)
34.0	29.0	0.852941176	(a,mutualproxyfor,b) <= (b,ceoof,a), (g,mutualproxyfor,b), (g,organizationterminatedperson,b)
34.0	29.0	0.852941176	(a,organizationterminatedperson,b) <= (e,mutualproxyfor,j), (e,organizationterminatedperson,b), (j,personleadsorganization,a)
34.0	29.0	0.852941176	(a,personleadsorganization,b) <= (b,organizationhiredperson,h), (h,personleadsorganization,b), (a,worksfor,b)
231.0	197.0	0.852813853	(a,buildinglocatedincity,b) <= (i,airportincity,b), (a,buildinglocatedincity,f), (i,buildinglocatedincity,f)
346.0	295.0	0.852601156	(a,agentbelongstoorganization,b) <= (a,agentbelongstoorganization,f), (j,agentcollaborateswithagent,b), (f,agentcontrols,j)
27.0	23.0	0.851851852	(a,competeswith,b) <= (j,competeswith,b), (a,organizationhiredperson,f), (f,topmemberoforganization,j)
27.0	23.0	0.851851852	(a,mutualproxyfor,b) <= (g,mutualproxyfor,b), (g,organizationterminatedperson,b), (b,worksfor,a)
27.0	23.0	0.851851852	(a,mutualproxyfor,b) <= (i,airportincity,a), (i,buildinglocatedincity,e), (e,mutualproxyfor,b)
327.0	278.0	0.850152905	(a,agentbelongstoorganization,b) <= (a,agentbelongstoorganization,f), (i,agentcollaborateswithagent,f), (i,subpartof,b)
20.0	17.0	0.85	(a,musicartistgenre,b) <= (e,musicartistgenre,b), (i,musicianinmusicartist,a), (i,personbelongstoorganization,e)
20.0	17.0	0.85	(a,teamwontrophy,b) <= (e,agentcollaborateswithagent,j), (j,athleteledsportsteam,a), (e,teamwontrophy,b)
20.0	17.0	0.85	(a,personbelongstoorganization,b) <= (i,athleteplaysforteam,f), (a,personbelongstoorganization,f), (i,worksfor,b)
180.0	153.0	0.85	(a,agentbelongstoorganization,b) <= (f,agentcollaborateswithagent,j), (b,agentcontrols,f), (a,subpartof,j)
20.0	17.0	0.85	(a,personleadsorganization,b) <= (i,organizationhiredperson,a), (e,personleadsorganization,b), (i,subpartof,e)
80.0	68.0	0.85	(a,subpartoforganization,b) <= (b,agentcollaborateswithagent,f), (f,personbelongstoorganization,j), (a,subpartoforganization,j)
80.0	68.0	0.85	(a,mutualproxyfor,b) <= (j,mutualproxyfor,b), (a,organizationterminatedperson,f), (f,personleadsorganization,j)
20.0	17.0	0.85	(a,teamhomestadium,b) <= (j,coachesteam,a), (e,organizationhiredperson,j), (e,teamhomestadium,b)
20.0	17.0	0.85	(a,acquired,b) <= (j,acquired,b), (a,organizationhiredperson,f), (f,personleadsorganization,j)
20.0	17.0	0.85	(a,mountaininstate,b) <= (a,mountaininstate,j), (b,organizationhiredperson,f), (j,organizationterminatedperson,f)
213.0	181.0	0.849765258	(a,headquarteredin,b) <= (i,airportincity,f), (i,buildinglocatedincity,b), (a,headquarteredin,f)
33.0	28.0	0.848484848	(a,mutualproxyfor,b) <= (i,mutualproxyfor,f), (a,organizationhiredperson,f), (i,organizationterminatedperson,b)
33.0	28.0	0.848484848	(a,organizationterminatedperson,b) <= (a,mutualproxyfor,h), (a,organizationhiredperson,b), (a,organizationterminatedperson,h)
33.0	28.0	0.848484848	(a,mutualproxyfor,b) <= (a,mutualproxyfor,h), (a,organizationhiredperson,b), (a,organizationterminatedperson,h)
1072.0	909.0	0.847947761	(a,subpartoforganization,b) <= (i,agentbelongstoorganization,b), (i,agentcollaborateswithagent,f), (a,subpartoforganization,f)
46.0	39.0	0.847826087	(a,organizationhiredperson,b) <= (j,ceoof,a), (e,organizationhiredperson,b), (e,organizationterminatedperson,j)
164.0	139.0	0.847560976	(a,agentbelongstoorganization,b) <= (g,personleadsorganization,b), (a,subpartof,b), (g,worksfor,b)
26.0	22.0	0.846153846	(a,locationlocatedwithinlocation,b) <= (b,locationlocatedwithinlocation,f), (a,locationlocatedwithinlocation,j), (f,organizationheadquarteredincity,j)
13.0	11.0	0.846153846	(a,agentcollaborateswithagent,b) <= (e,agentcollaborateswithagent,b), (e,agentcollaborateswithagent,j), (j,athleteledsportsteam,a)
13.0	11.0	0.846153846	(a,personleadsorganization,b) <= (b,mutualproxyfor,a), (a,personleadsorganization,h), (h,subpartof,a)
26.0	22.0	0.846153846	(a,locationlocatedwithinlocation,b) <= (f,agentcompeteswithagent,j), (a,locationlocatedwithinlocation,f), (j,organizationheadquarteredincity,b)
39.0	33.0	0.846153846	(a,worksfor,b) <= (i,ceoof,f), (i,worksfor,b), (a,worksfor,f)
13.0	11.0	0.846153846	(a,subpartof,b) <= (e,mutualproxyfor,b), (j,personleadsorganization,a), (e,subpartof,j)
26.0	22.0	0.846153846	(a,coachesteam,b) <= (i,coachesteam,b), (a,coachesteam,f), (i,worksfor,f)
13.0	11.0	0.846153846	(a,proxyfor,b) <= (b,organizationhiredperson,f), (f,personleadsorganization,j), (a,proxyfor,j)
26.0	22.0	0.846153846	(a,sportsgameteam,b) <= (f,agentcollaborateswithagent,j), (j,personbelongstoorganization,b), (a,sportsgameteam,f)
13.0	11.0	0.846153846	(a,teamwontrophy,b) <= (i,organizationhiredperson,f), (a,organizationterminatedperson,f), (i,teamwontrophy,b)
13.0	11.0	0.846153846	(a,worksfor,b) <= (j,mutualproxyfor,a), (b,subpartof,f), (f,worksfor,j)
13.0	11.0	0.846153846	(a,organizationhiredperson,b) <= (g,organizationterminatedperson,b), (g,subpartof,b), (b,worksfor,a)
13.0	11.0	0.846153846	(a,mutualproxyfor,b) <= (a,mutualproxyfor,h), (h,personleadsorganization,a), (a,subpartof,b)
13.0	11.0	0.846153846	(a,ceoof,b) <= (e,ceoof,b), (j,mutualproxyfor,a), (e,worksfor,j)
78.0	66.0	0.846153846	(a,teamplaysincity,b) <= (i,headquarteredin,b), (i,organizationheadquarteredincity,f), (a,teamplaysincity,f)
65.0	55.0	0.846153846	(a,subpartoforganization,b) <= (f,organizationterminatedperson,j), (j,personleadsorganization,b), (a,subpartoforganization,f)
26.0	22.0	0.846153846	(a,mutualproxyfor,b) <= (g,mutualproxyfor,b), (g,organizationterminatedperson,b), (b,personleadsorganization,a)
26.0	22.0	0.846153846	(a,subpartoforganization,b) <= (b,organizationhiredperson,f), (f,personleadsorganization,j), (a,subpartoforganization,j)
26.0	22.0	0.846153846	(a,agentcontrols,b) <= (i,agentcompeteswithagent,e), (e,agentcontrols,b), (i,teamalsoknownas,a)
13.0	11.0	0.846153846	(a,worksfor,b) <= (h,mutualproxyfor,a), (b,subpartof,a), (a,worksfor,h)
39.0	33.0	0.846153846	(a,animalpreyson,b) <= (i,agentcompeteswithagent,b), (a,animalpreyson,f), (i,arthropodcalledarthropod,f)
13.0	11.0	0.846153846	(a,agriculturalproductcomingfromvertebrate,b) <= (i,agentcompeteswithagent,b), (a,agriculturalproductcomingfromvertebrate,f), (i,specializationof,f)
13.0	11.0	0.846153846	(a,agentcompeteswithagent,b) <= (a,agentcompeteswithagent,f), (i,athleteledsportsteam,f), (i,athleteplaysforteam,b)
169.0	143.0	0.846153846	(a,stadiumlocatedincity,b) <= (i,airportincity,b), (i,buildinglocatedincity,f), (a,stadiumlocatedincity,f)
13.0	11.0	0.846153846	(a,teamwontrophy,b) <= (a,organizationterminatedperson,f), (j,teamwontrophy,b), (f,worksfor,j)
13.0	11.0	0.846153846	(a,teamwontrophy,b) <= (e,organizationterminatedperson,j), (e,teamwontrophy,b), (j,worksfor,a)
26.0	22.0	0.846153846	(a,citylocatedingeopoliticallocation,b) <= (i,airportincity,a), (i,buildinglocatedincity,e), (e,citylocatedingeopoliticallocation,b)
26.0	22.0	0.846153846	(a,locationlocatedwithinlocation,b) <= (f,agentcompeteswithagent,j), (j,headquarteredin,b), (a,locationlocatedwithinlocation,f)
13.0	11.0	0.846153846	(a,personbelongstoorganization,b) <= (i,ceoof,f), (a,personbelongstoorganization,f), (i,topmemberoforganization,b)
13.0	11.0	0.846153846	(a,subpartof,b) <= (a,mutualproxyfor,b), (b,personleadsorganization,h), (h,subpartof,b)
13.0	11.0	0.846153846	(a,teamwontrophy,b) <= (a,organizationhiredperson,f), (i,organizationterminatedperson,f), (i,teamwontrophy,b)
13.0	11.0	0.846153846	(a,subpartof,b) <= (a,mutualproxyfor,b), (h,personleadsorganization,a), (a,subpartof,h)
13.0	11.0	0.846153846	(a,worksfor,b) <= (b,mutualproxyfor,a), (h,subpartof,a), (a,worksfor,h)
194.0	164.0	0.845360825	(a,subpartof,b) <= (i,personleadsorganization,f), (a,subpartof,f), (i,worksfor,b)
58.0	49.0	0.844827586	(a,acquired,b) <= (e,acquired,b), (e,organizationterminatedperson,j), (j,topmemberoforganization,a)
116.0	98.0	0.844827586	(a,proxyfor,b) <= (b,organizationterminatedperson,f), (a,proxyfor,j), (f,worksfor,j)
45.0	38.0	0.844444444	(a,organizationhiredperson,b) <= (i,airportincity,e), (i,buildinglocatedincity,a), (e,organizationhiredperson,b)
32.0	27.0	0.84375	(a,organizationheadquarteredincity,b) <= (f,agentcompeteswithagent,j), (j,organizationheadquarteredincity,b), (a,organizationheadquarteredincity,f)
32.0	27.0	0.84375	(a,mutualproxyfor,b) <= (i,mutualproxyfor,b), (i,organizationhiredperson,f), (a,subpartof,f)
32.0	27.0	0.84375	(a,organizationheadquarteredincity,b) <= (f,agentcompeteswithagent,j), (j,headquarteredin,b), (a,organizationheadquarteredincity,f)
32.0	27.0	0.84375	(a,organizationheadquarteredincity,b) <= (i,buildinglocatedincity,f), (a,organizationheadquarteredincity,f), (i,subpartof,b)
19.0	16.0	0.842105263	(a,ceoof,b) <= (a,ceoof,j), (b,mutualproxyfor,f), (j,subpartof,f)
19.0	16.0	0.842105263	(a,ceoof,b) <= (f,ceoof,j), (b,organizationterminatedperson,f), (j,subpartof,a)
19.0	16.0	0.842105263	(a,personbelongstoorganization,b) <= (i,athleteledsportsteam,f), (a,personbelongstoorganization,f), (i,worksfor,b)
19.0	16.0	0.842105263	(a,mutualproxyfor,b) <= (b,ceoof,f), (a,mutualproxyfor,j), (f,subpartof,j)
19.0	16.0	0.842105263	(a,arthropodcalledarthropod,b) <= (j,agentcompeteswithagent,b), (f,animalthatfeedoninsect,j), (a,arthropodcalledarthropod,f)
19.0	16.0	0.842105263	(a,arthropodcalledarthropod,b) <= (i,agentcompeteswithagent,b), (a,arthropodcalledarthropod,f), (i,specializationof,f)
19.0	16.0	0.842105263	(a,atdate,b) <= (e,atdate,b), (i,personhasresidenceingeopoliticallocation,e), (i,worksfor,a)
19.0	16.0	0.842105263	(a,organizationterminatedperson,b) <= (f,ceoof,j), (a,organizationterminatedperson,f), (j,subpartof,b)
38.0	32.0	0.842105263	(a,mutualproxyfor,b) <= (i,airportincity,f), (i,buildinglocatedincity,b), (a,mutualproxyfor,f)
19.0	16.0	0.842105263	(a,organizationhiredperson,b) <= (g,mutualproxyfor,b), (g,organizationhiredperson,b), (b,personleadsorganization,a)
19.0	16.0	0.842105263	(a,personbornincity,b) <= (i,airportincity,b), (i,buildinglocatedincity,f), (a,personbornincity,f)
19.0	16.0	0.842105263	(a,personleadsorganization,b) <= (b,organizationhiredperson,a), (h,personleadsorganization,b), (b,subpartof,h)
19.0	16.0	0.842105263	(a,organizationheadquarteredincity,b) <= (e,organizationheadquarteredincity,b), (e,organizationterminatedperson,j), (j,topmemberoforganization,a)
19.0	16.0	0.842105263	(a,personleadsorganization,b) <= (h,mutualproxyfor,a), (b,organizationhiredperson,a), (a,personleadsorganization,h)
19.0	16.0	0.842105263	(a,ceoof,b) <= (a,ceoof,f), (f,organizationhiredperson,j), (j,topmemberoforganization,b)
19.0	16.0	0.842105263	(a,invertebratefeedonfood,b) <= (j,agentcompeteswithagent,a), (e,animalsuchasinvertebrate,j), (e,invertebratefeedonfood,b)
63.0	53.0	0.841269841	(a,radiostationincity,b) <= (i,organizationheadquarteredincity,f), (a,radiostationincity,f), (i,televisionstationincity,b)
88.0	74.0	0.840909091	(a,arthropodcalledarthropod,b) <= (f,agentcompeteswithagent,j), (j,arthropodcalledarthropod,b), (a,arthropodcalledarthropod,f)
44.0	37.0	0.840909091	(a,mutualproxyfor,b) <= (f,mutualproxyfor,j), (b,personleadsorganization,f), (j,worksfor,a)
163.0	137.0	0.840490798	(a,topmemberoforganization,b) <= (j,organizationterminatedperson,a), (e,topmemberoforganization,b), (e,topmemberoforganization,j)
582.0	489.0	0.840206186	(a,teamplaysagainstteam,b) <= (j,coachesteam,a), (e,organizationhiredperson,j), (e,teamplaysagainstteam,b)
75.0	63.0	0.84	(a,sportsgameteam,b) <= (e,athleteplaysforteam,b), (e,personbelongstoorganization,j), (a,sportsgameteam,j)
31.0	26.0	0.838709677	(a,worksfor,b) <= (j,organizationterminatedperson,a), (e,topmemberoforganization,j), (e,worksfor,b)
62.0	52.0	0.838709677	(a,agentcompeteswithagent,b) <= (j,agentcompeteswithagent,b), (a,agentcontrols,f), (f,subpartof,j)
31.0	26.0	0.838709677	(a,athleteplaysforteam,b) <= (a,athleteplaysforteam,j), (j,organizationhiredperson,f), (b,organizationterminatedperson,f)
31.0	26.0	0.838709677	(a,animalsuchasinvertebrate,b) <= (i,agentcompeteswithagent,f), (a,animalsuchasinvertebrate,f), (i,arthropodcalledarthropod,b)
68.0	57.0	0.838235294	(a,subpartoforganization,b) <= (b,agentcompeteswithagent,f), (a,subpartoforganization,j), (j,teamalsoknownas,f)
68.0	57.0	0.838235294	(a,locationlocatedwithinlocation,b) <= (a,locationlocatedwithinlocation,f), (i,personhasresidenceingeopoliticallocation,f), (i,personleadsorganization,b)
173.0	145.0	0.838150289	(a,teamwontrophy,b) <= (i,athleteledsportsteam,a), (i,athleteplaysforteam,e), (e,teamwontrophy,b)
43.0	36.0	0.837209302	(a,mutualproxyfor,b) <= (h,mutualproxyfor,b), (b,personleadsorganization,a), (b,worksfor,h)
43.0	36.0	0.837209302	(a,organizationterminatedperson,b) <= (a,organizationhiredperson,h), (a,organizationterminatedperson,h), (a,subpartof,b)
43.0	36.0	0.837209302	(a,acquired,b) <= (e,acquired,b), (j,ceoof,a), (e,organizationterminatedperson,j)
43.0	36.0	0.837209302	(a,worksfor,b) <= (h,mutualproxyfor,a), (a,personleadsorganization,b), (a,worksfor,h)
43.0	36.0	0.837209302	(a,organizationhiredperson,b) <= (a,organizationhiredperson,h), (a,organizationterminatedperson,h), (a,subpartof,b)
43.0	36.0	0.837209302	(a,organizationterminatedperson,b) <= (j,ceoof,a), (e,mutualproxyfor,j), (e,organizationterminatedperson,b)
49.0	41.0	0.836734694	(a,mutualproxyfor,b) <= (e,mutualproxyfor,b), (i,personbelongstoorganization,e), (i,personleadsorganization,a)
55.0	46.0	0.836363636	(a,worksfor,b) <= (f,mutualproxyfor,j), (j,personleadsorganization,b), (a,worksfor,f)
177.0	148.0	0.836158192	(a,competeswith,b) <= (i,competeswith,b), (i,organizationhiredperson,f), (a,organizationterminatedperson,f)
61.0	51.0	0.836065574	(a,proxyfor,b) <= (i,agentcontrols,f), (i,proxyfor,b), (a,proxyfor,f)
195.0	163.0	0.835897436	(a,teamplaysagainstteam,b) <= (f,agentcollaborateswithagent,j), (j,personbelongstoorganization,b), (a,teamplaysagainstteam,f)
67.0	56.0	0.835820896	(a,personleadsorganization,b) <= (i,organizationhiredperson,a), (i,organizationterminatedperson,e), (e,personleadsorganization,b)
6.0	5.0	0.833333333	(a,headquarteredin,b) <= (j,headquarteredin,b), (a,organizationhiredperson,f), (f,worksfor,j)
6.0	5.0	0.833333333	(a,sportsgamewinner,b) <= (b,organizationhiredperson,f), (j,organizationterminatedperson,f), (a,sportsgamewinner,j)
6.0	5.0	0.833333333	(a,subpartoforganization,b) <= (j,athleteplaysinleague,b), (f,organizationhiredperson,j), (a,subpartoforganization,f)
30.0	25.0	0.833333333	(a,sportsgamewinner,b) <= (i,athleteplaysforteam,f), (a,sportsgamewinner,f), (i,worksfor,b)
12.0	10.0	0.833333333	(a,agentcontrols,b) <= (b,agentcollaborateswithagent,a), (a,agentcompeteswithagent,h), (h,teamalsoknownas,a)
6.0	5.0	0.833333333	(a,agentcollaborateswithagent,b) <= (b,agentcollaborateswithagent,a), (g,agentcollaborateswithagent,b), (g,politicianusendorsedbypoliticianus,a)
30.0	25.0	0.833333333	(a,organizationhiredperson,b) <= (e,organizationhiredperson,j), (e,subpartof,b), (j,topmemberoforganization,a)
6.0	5.0	0.833333333	(a,hasofficeincountry,b) <= (f,ceoof,i), (i,hasofficeincountry,b), (a,organizationhiredperson,f)
12.0	10.0	0.833333333	(a,subpartoforganization,b) <= (f,agentcollaborateswithagent,j), (j,subpartoforganization,b), (a,subpartoforganization,f)
6.0	5.0	0.833333333	(a,citycapitalofcountry,b) <= (e,citycapitalofcountry,b), (i,headquarteredin,e), (i,organizationheadquarteredincity,a)
24.0	20.0	0.833333333	(a,cityalsoknownas,b) <= (i,airportincity,b), (i,buildinglocatedincity,f), (a,cityalsoknownas,f)
18.0	15.0	0.833333333	(a,personhasjobposition,b) <= (i,personhasjobposition,b), (a,personleadsorganization,f), (i,worksfor,f)
6.0	5.0	0.833333333	(a,agentcompeteswithagent,b) <= (b,agentcompeteswithagent,a), (b,agentcompeteswithagent,h), (a,teamalsoknownas,h)
36.0	30.0	0.833333333	(a,organizationhiredperson,b) <= (g,mutualproxyfor,b), (g,organizationhiredperson,b), (a,organizationterminatedperson,b)
6.0	5.0	0.833333333	(a,agentinvolvedwithitem,b) <= (e,agentinvolvedwithitem,b), (i,ceoof,e), (i,topmemberoforganization,a)
6.0	5.0	0.833333333	(a,personleadsorganization,b) <= (b,agentcollaborateswithagent,a), (b,mutualproxyfor,h), (h,worksfor,b)
6.0	5.0	0.833333333	(a,agentcollaborateswithagent,b) <= (j,agentcollaborateswithagent,b), (a,agentcollaborateswithagent,f), (f,musicianinmusicartist,j)
6.0	5.0	0.833333333	(a,companyalsoknownas,b) <= (b,companyalsoknownas,f), (a,organizationterminatedperson,j), (j,personleadsorganization,f)
12.0	10.0	0.833333333	(a,organizationterminatedperson,b) <= (a,mutualproxyfor,b), (a,subpartof,h), (h,topmemberoforganization,a)
6.0	5.0	0.833333333	(a,agentinvolvedwithitem,b) <= (e,agentinvolvedwithitem,b), (i,ceoof,a), (i,topmemberoforganization,e)
6.0	5.0	0.833333333	(a,sportsgamewinner,b) <= (f,organizationterminatedperson,j), (a,sportsgamewinner,f), (j,worksfor,b)
6.0	5.0	0.833333333	(a,agentcompeteswithagent,b) <= (b,agentcompeteswithagent,a), (a,teamalsoknownas,h), (h,teamplaysagainstteam,a)
6.0	5.0	0.833333333	(a,countryalsoknownas,b) <= (j,citylocatedincountry,a), (e,countryalsoknownas,b), (e,mutualproxyfor,j)
6.0	5.0	0.833333333	(a,atdate,b) <= (e,atdate,b), (e,personbelongstoorganization,a), (e,politicianusmemberofpoliticalgroup,a)
6.0	5.0	0.833333333	(a,organizationhiredperson,b) <= (i,personleadsorganization,e), (i,proxyfor,a), (e,subpartof,b)
18.0	15.0	0.833333333	(a,agriculturalproducttoattractinsect,b) <= (j,agentcompeteswithagent,b), (a,agriculturalproducttoattractinsect,f), (f,animalthatfeedoninsect,j)
30.0	25.0	0.833333333	(a,animalsuchasinsect,b) <= (j,agentcompeteswithagent,b), (a,animalsuchasinsect,f), (f,arthropodcalledarthropod,j)
36.0	30.0	0.833333333	(a,mutualproxyfor,b) <= (g,mutualproxyfor,b), (g,organizationhiredperson,b), (a,organizationterminatedperson,b)
6.0	5.0	0.833333333	(a,atlocation,b) <= (a,atlocation,j), (f,buildinglocatedincity,j), (b,proxyfor,f)
12.0	10.0	0.833333333	(a,animalsuchasinvertebrate,b) <= (i,agentcompeteswithagent,a), (e,animalsuchasinvertebrate,b), (i,arthropodandotherarthropod,e)
6.0	5.0	0.833333333	(a,agentcollaborateswithagent,b) <= (a,agentcollaborateswithagent,f), (i,athleteledsportsteam,b), (i,athleteplaysforteam,f)
6.0	5.0	0.833333333	(a,subpartof,b) <= (a,mutualproxyfor,f), (f,personhasresidenceingeopoliticallocation,j), (j,subpartof,b)
6.0	5.0	0.833333333	(a,citycapitalofcountry,b) <= (i,citycapitalofcountry,b), (a,citycapitalofcountry,f), (i,locationlocatedwithinlocation,f)
12.0	10.0	0.833333333	(a,teamwontrophy,b) <= (i,athleteplaysforteam,a), (e,teamwontrophy,b), (i,worksfor,e)
6.0	5.0	0.833333333	(a,locationlocatedwithinlocation,b) <= (e,agentcompeteswithagent,j), (j,headquarteredin,a), (e,locationlocatedwithinlocation,b)
12.0	10.0	0.833333333	(a,organizationhiredperson,b) <= (e,mutualproxyfor,b), (e,subpartof,j), (j,worksfor,a)
18.0	15.0	0.833333333	(a,organizationhiredperson,b) <= (f,organizationhiredperson,j), (b,personleadsorganization,f), (a,subpartof,j)
24.0	20.0	0.833333333	(a,organizationhiredperson,b) <= (f,mutualproxyfor,j), (a,organizationhiredperson,j), (b,personleadsorganization,f)
6.0	5.0	0.833333333	(a,agentcontrols,b) <= (b,agentcollaborateswithagent,a), (a,agentcompeteswithagent,h), (b,subpartof,h)
6.0	5.0	0.833333333	(a,locationlocatedwithinlocation,b) <= (e,agentcompeteswithagent,j), (e,locationlocatedwithinlocation,b), (j,organizationheadquarteredincity,a)
6.0	5.0	0.833333333	(a,arthropodandotherarthropod,b) <= (a,animalpreyson,h), (a,animalsuchasinvertebrate,b), (a,arthropodandotherarthropod,h)
78.0	65.0	0.833333333	(a,mutualproxyfor,b) <= (e,mutualproxyfor,b), (e,organizationterminatedperson,j), (j,personleadsorganization,a)
6.0	5.0	0.833333333	(a,proxyfor,b) <= (b,mutualproxyfor,a), (b,organizationhiredperson,h), (h,subpartof,b)
6.0	5.0	0.833333333	(a,statelocatedingeopoliticallocation,b) <= (j,citylocatedingeopoliticallocation,f), (b,statelocatedincountry,f), (a,statelocatedingeopoliticallocation,j)
6.0	5.0	0.833333333	(a,organizationhiredperson,b) <= (e,agentcollaborateswithagent,b), (e,mutualproxyfor,j), (j,topmemberoforganization,a)
12.0	10.0	0.833333333	(a,agentcontrols,b) <= (b,agentcollaborateswithagent,a), (a,agentcompeteswithagent,h), (h,subpartoforganization,a)
12.0	10.0	0.833333333	(a,animalsuchasinvertebrate,b) <= (j,animalsuchasinvertebrate,b), (a,arthropodandotherarthropod,f), (f,specializationof,j)
6.0	5.0	0.833333333	(a,agentcontrols,b) <= (h,organizationterminatedperson,a), (a,proxyfor,b), (a,topmemberoforganization,h)
6.0	5.0	0.833333333	(a,agriculturalproductcookedwithagriculturalproduct,b) <= (f,agriculturalproductcomingfromvertebrate,j), (j,agriculturalproductcookedwithagriculturalproduct,a), (b,agriculturalproductcookedwithagriculturalproduct,f)
18.0	15.0	0.833333333	(a,subpartof,b) <= (f,agentcompeteswithagent,j), (j,headquarteredin,b), (a,subpartof,f)
6.0	5.0	0.833333333	(a,arthropodcalledarthropod,b) <= (b,animalsuchasinvertebrate,a), (g,animalthatfeedoninsect,b), (g,arthropodcalledarthropod,b)
6.0	5.0	0.833333333	(a,agentcompeteswithagent,b) <= (b,agentcompeteswithagent,a), (a,agentcompeteswithagent,h), (b,teamalsoknownas,h)
12.0	10.0	0.833333333	(a,agentcontrols,b) <= (b,agentcollaborateswithagent,a), (a,agentcompeteswithagent,h), (h,subpartof,a)
6.0	5.0	0.833333333	(a,agentcompeteswithagent,b) <= (b,agentcompeteswithagent,a), (a,agentcompeteswithagent,h), (h,teamalsoknownas,b)
12.0	10.0	0.833333333	(a,agentbelongstoorganization,b) <= (a,agentbelongstoorganization,f), (i,personbelongstoorganization,f), (i,politicianusmemberofpoliticalgroup,b)
12.0	10.0	0.833333333	(a,drugworkedonbyagent,b) <= (a,drugworkedonbyagent,f), (f,mutualproxyfor,j), (j,personleadsorganization,b)
6.0	5.0	0.833333333	(a,animalthatfeedoninsect,b) <= (h,animalthatfeedoninsect,b), (a,arthropodandotherarthropod,b), (a,arthropodcalledarthropod,h)
30.0	25.0	0.833333333	(a,animalsuchasinsect,b) <= (i,agentcompeteswithagent,b), (a,animalsuchasinsect,f), (i,arthropodcalledarthropod,f)
6.0	5.0	0.833333333	(a,topmemberoforganization,b) <= (b,mutualproxyfor,h), (h,topmemberoforganization,b), (a,worksfor,b)
6.0	5.0	0.833333333	(a,agentcompeteswithagent,b) <= (b,agentcompeteswithagent,a), (a,agentcompeteswithagent,h), (h,teamalsoknownas,a)
12.0	10.0	0.833333333	(a,agentcontrols,b) <= (h,agentbelongstoorganization,a), (b,agentcollaborateswithagent,a), (a,agentcompeteswithagent,h)
84.0	70.0	0.833333333	(a,worksfor,b) <= (f,agentcollaborateswithagent,j), (b,agentcontrols,f), (a,worksfor,j)
6.0	5.0	0.833333333	(a,countryalsoknownas,b) <= (e,citycapitalofcountry,b), (j,countryalsoknownas,a), (e,proxyfor,j)
6.0	5.0	0.833333333	(a,statelocatedingeopoliticallocation,b) <= (i,personleadsorganization,f), (i,politicianrepresentslocation,a), (b,statelocatedincountry,f)
12.0	10.0	0.833333333	(a,organizationterminatedperson,b) <= (g,mutualproxyfor,b), (g,subpartof,b), (b,worksfor,a)
6.0	5.0	0.833333333	(a,proxyfor,b) <= (j,mutualproxyfor,a), (b,organizationhiredperson,f), (f,subpartof,j)
12.0	10.0	0.833333333	(a,agentcollaborateswithagent,b) <= (e,agentcollaborateswithagent,b), (i,coachesinleague,a), (i,personbelongstoorganization,e)
12.0	10.0	0.833333333	(a,agentcollaborateswithagent,b) <= (i,agentbelongstoorganization,a), (e,agentcollaborateswithagent,b), (i,subpartof,e)
6.0	5.0	0.833333333	(a,competeswith,b) <= (g,agentcontrols,b), (b,competeswith,a), (g,competeswith,b)
6.0	5.0	0.833333333	(a,organizationhiredperson,b) <= (i,companyalsoknownas,f), (a,organizationalsoknownas,f), (i,organizationhiredperson,b)
30.0	25.0	0.833333333	(a,agentcontrols,b) <= (i,agentcontrols,b), (a,agentcontrols,f), (i,subpartof,f)
6.0	5.0	0.833333333	(a,agentcontrols,b) <= (b,agentcollaborateswithagent,a), (h,agentcompeteswithagent,a), (b,subpartof,h)
6.0	5.0	0.833333333	(a,bankbankincountry,b) <= (e,bankbankincountry,b), (j,ceoof,a), (e,organizationhiredperson,j)
6.0	5.0	0.833333333	(a,worksfor,b) <= (h,agentbelongstoorganization,b), (b,agentcontrols,h), (a,personleadsorganization,b)
48.0	40.0	0.833333333	(a,locationlocatedwithinlocation,b) <= (a,locationlocatedwithinlocation,f), (f,mutualproxyfor,j), (j,personleadsorganization,b)
6.0	5.0	0.833333333	(a,synonymfor,b) <= (i,companyalsoknownas,b), (i,organizationalsoknownas,f), (a,synonymfor,f)
6.0	5.0	0.833333333	(a,newspaperincity,b) <= (a,newspaperincity,j), (b,organizationhiredperson,f), (f,personhasresidenceingeopoliticallocation,j)
6.0	5.0	0.833333333	(a,organizationterminatedperson,b) <= (a,mutualproxyfor,h), (h,topmemberoforganization,a), (b,worksfor,a)
6.0	5.0	0.833333333	(a,animalsuchasinvertebrate,b) <= (b,animalsuchasinsect,a), (g,animalsuchasinvertebrate,b), (g,arthropodcalledarthropod,a)
6.0	5.0	0.833333333	(a,agentactsinlocation,b) <= (a,agentactsinlocation,f), (f,agentcollaborateswithagent,j), (j,personbelongstoorganization,b)
6.0	5.0	0.833333333	(a,synonymfor,b) <= (b,organizationterminatedperson,f), (a,synonymfor,j), (f,topmemberoforganization,j)
6.0	5.0	0.833333333	(a,organizationhiredperson,b) <= (i,agentcollaborateswithagent,b), (a,organizationhiredperson,f), (i,subpartof,f)
6.0	5.0	0.833333333	(a,agentcompeteswithagent,b) <= (b,agentcompeteswithagent,a), (g,agentcompeteswithagent,b), (g,teamalsoknownas,a)
18.0	15.0	0.833333333	(a,newspaperincity,b) <= (b,mutualproxyfor,f), (a,newspaperincity,j), (j,organizationhiredperson,f)
6.0	5.0	0.833333333	(a,agentcompeteswithagent,b) <= (b,agentcompeteswithagent,a), (g,agentcompeteswithagent,a), (g,teamalsoknownas,b)
6.0	5.0	0.833333333	(a,athleteplayssport,b) <= (f,agentcontrols,j), (a,athleteplaysforteam,f), (j,athleteplayssport,b)
6.0	5.0	0.833333333	(a,proxyfor,b) <= (e,personleadsorganization,j), (e,proxyfor,b), (j,subpartof,a)
6.0	5.0	0.833333333	(a,arthropodcalledarthropod,b) <= (b,animalsuchasinsect,h), (a,animalthatfeedoninsect,h), (b,arthropodcalledarthropod,a)
6.0	5.0	0.833333333	(a,proxyfor,b) <= (b,mutualproxyfor,a), (g,proxyfor,b), (g,worksfor,b)
6.0	5.0	0.833333333	(a,teamplaysagainstteam,b) <= (e,athleteledsportsteam,b), (e,coachesinleague,j), (j,subpartoforganization,a)
12.0	10.0	0.833333333	(a,agentcontrols,b) <= (b,agentcollaborateswithagent,f), (a,agentcompeteswithagent,j), (j,teamalsoknownas,f)
6.0	5.0	0.833333333	(a,atdate,b) <= (e,atdate,b), (i,journalistwritesforpublication,e), (i,personbelongstoorganization,a)
6.0	5.0	0.833333333	(a,hasofficeincity,b) <= (j,ceoof,a), (e,hasofficeincity,b), (e,subpartof,j)
36.0	30.0	0.833333333	(a,headquarteredin,b) <= (f,agentcompeteswithagent,j), (j,headquarteredin,b), (a,headquarteredin,f)
6.0	5.0	0.833333333	(a,teamplaysinleague,b) <= (a,agentcollaborateswithagent,f), (f,athleteledsportsteam,j), (j,teamplaysinleague,b)
6.0	5.0	0.833333333	(a,agentcontrols,b) <= (b,agentcollaborateswithagent,h), (h,agentcompeteswithagent,a), (b,subpartof,a)
24.0	20.0	0.833333333	(a,teamalsoknownas,b) <= (i,athleteledsportsteam,a), (i,athleteplaysforteam,e), (e,teamalsoknownas,b)
12.0	10.0	0.833333333	(a,agentcontrols,b) <= (b,agentcollaborateswithagent,a), (g,agentcompeteswithagent,a), (g,teamalsoknownas,a)
6.0	5.0	0.833333333	(a,teamplaysinleague,b) <= (e,agentcollaborateswithagent,j), (j,athleteplaysforteam,a), (e,teamplaysinleague,b)
6.0	5.0	0.833333333	(a,mutualproxyfor,b) <= (a,mutualproxyfor,h), (h,topmemberoforganization,a), (b,worksfor,a)
12.0	10.0	0.833333333	(a,hasspouse,b) <= (h,hashusband,a), (b,hasspouse,a), (a,hasspouse,h)
6.0	5.0	0.833333333	(a,teamhomestadium,b) <= (i,athleteledsportsteam,a), (i,personbelongstoorganization,e), (e,teamhomestadium,b)
6.0	5.0	0.833333333	(a,personbelongstoorganization,b) <= (b,mutualproxyfor,f), (a,personbelongstoorganization,j), (f,personhasresidenceingeopoliticallocation,j)
18.0	15.0	0.833333333	(a,teamplaysinleague,b) <= (i,coachesteam,a), (e,teamplaysinleague,b), (i,worksfor,e)
6.0	5.0	0.833333333	(a,atlocation,b) <= (j,atlocation,b), (a,locationlocatedwithinlocation,f), (f,organizationheadquarteredincity,j)
384.0	320.0	0.833333333	(a,hasofficeincity,b) <= (i,airportincity,b), (i,buildinglocatedincity,f), (a,hasofficeincity,f)
6.0	5.0	0.833333333	(a,animalpreyson,b) <= (a,animalpreyson,h), (b,animalthatfeedoninsect,a), (a,arthropodandotherarthropod,h)
6.0	5.0	0.833333333	(a,cityliesonriver,b) <= (i,attractionofcity,e), (e,cityliesonriver,b), (i,subpartof,a)
6.0	5.0	0.833333333	(a,hasofficeincity,b) <= (i,hasofficeincity,b), (i,organizationterminatedperson,f), (a,subpartof,f)
12.0	10.0	0.833333333	(a,hasspouse,b) <= (h,hashusband,b), (b,hasspouse,a), (b,hasspouse,h)
6.0	5.0	0.833333333	(a,hasofficeincity,b) <= (f,ceoof,j), (j,hasofficeincity,b), (a,subpartof,f)
6.0	5.0	0.833333333	(a,headquarteredin,b) <= (j,ceoof,a), (e,headquarteredin,b), (e,mutualproxyfor,j)
6.0	5.0	0.833333333	(a,cityliesonriver,b) <= (e,cityliesonriver,b), (i,citylocatedingeopoliticallocation,a), (i,locationlocatedwithinlocation,e)
6.0	5.0	0.833333333	(a,companyalsoknownas,b) <= (e,companyalsoknownas,b), (e,organizationhiredperson,j), (j,topmemberoforganization,a)
6.0	5.0	0.833333333	(a,companyalsoknownas,b) <= (a,companyalsoknownas,j), (b,organizationterminatedperson,f), (f,personleadsorganization,j)
6.0	5.0	0.833333333	(a,organizationalsoknownas,b) <= (j,companyalsoknownas,b), (a,organizationalsoknownas,f), (f,organizationalsoknownas,j)
12.0	10.0	0.833333333	(a,personborninlocation,b) <= (i,citylocatedingeopoliticallocation,b), (a,personborninlocation,f), (i,proxyfor,f)
6.0	5.0	0.833333333	(a,headquarteredin,b) <= (e,headquarteredin,b), (e,mutualproxyfor,j), (j,personleadsorganization,a)
6.0	5.0	0.833333333	(a,hasofficeincity,b) <= (f,ceoof,j), (j,hasofficeincity,b), (a,organizationhiredperson,f)
18.0	15.0	0.833333333	(a,personbelongstoorganization,b) <= (i,buildinglocatedincity,b), (a,personbelongstoorganization,f), (i,subpartof,f)
18.0	15.0	0.833333333	(a,hotelincity,b) <= (i,buildinglocatedincity,f), (a,hotelincity,f), (i,subpartof,b)
6.0	5.0	0.833333333	(a,animalpreyson,b) <= (a,animalpreyson,h), (a,arthropodandotherarthropod,h), (a,arthropodcalledarthropod,b)
6.0	5.0	0.833333333	(a,hasofficeincity,b) <= (i,hasofficeincity,b), (a,organizationterminatedperson,f), (i,subpartof,f)
6.0	5.0	0.833333333	(a,competeswith,b) <= (b,competeswith,a), (b,organizationhiredperson,h), (h,personleadsorganization,b)
6.0	5.0	0.833333333	(a,agentcompeteswithagent,b) <= (b,agentcompeteswithagent,a), (b,animalsuchasinvertebrate,h), (b,animalthatfeedoninsect,h)
6.0	5.0	0.833333333	(a,agentcompeteswithagent,b) <= (b,agentcompeteswithagent,a), (b,animalsuchasinsect,h), (b,animalthatfeedoninsect,h)
6.0	5.0	0.833333333	(a,worksfor,b) <= (b,organizationhiredperson,a), (g,proxyfor,b), (g,worksfor,b)
6.0	5.0	0.833333333	(a,agentcompeteswithagent,b) <= (b,agentcompeteswithagent,a), (h,animalpreyson,b), (b,animalsuchasinsect,h)
6.0	5.0	0.833333333	(a,agentcompeteswithagent,b) <= (b,agentcompeteswithagent,a), (b,animalpreyson,h), (b,animalsuchasinvertebrate,h)
126.0	105.0	0.833333333	(a,teamplaysagainstteam,b) <= (e,agentcollaborateswithagent,j), (j,athleteledsportsteam,a), (e,teamplaysagainstteam,b)
6.0	5.0	0.833333333	(a,competeswith,b) <= (i,automakerproducesmodel,f), (i,competeswith,b), (a,producesproduct,f)
6.0	5.0	0.833333333	(a,personleadsorganization,b) <= (e,personleadsorganization,j), (e,proxyfor,b), (j,subpartof,a)
6.0	5.0	0.833333333	(a,organizationheadquarteredincity,b) <= (j,ceoof,a), (e,mutualproxyfor,j), (e,organizationheadquarteredincity,b)
30.0	25.0	0.833333333	(a,personhascitizenship,b) <= (i,hasofficeincountry,b), (i,organizationheadquarteredincountry,f), (a,personhascitizenship,f)
6.0	5.0	0.833333333	(a,animalthatfeedoninsect,b) <= (h,animalsuchasinsect,b), (b,arthropodandotherarthropod,a), (b,arthropodandotherarthropod,h)
6.0	5.0	0.833333333	(a,teamplaysagainstteam,b) <= (a,agentcollaborateswithagent,h), (h,personbelongstoorganization,a), (b,teamalsoknownas,a)
6.0	5.0	0.833333333	(a,mutualproxyfor,b) <= (b,agentcontrols,a), (a,mutualproxyfor,h), (h,proxyfor,a)
18.0	15.0	0.833333333	(a,teamplaysinleague,b) <= (b,subpartoforganization,f), (f,teamplaysagainstteam,a), (f,teamplaysinleague,b)
6.0	5.0	0.833333333	(a,topmemberoforganization,b) <= (b,organizationhiredperson,f), (f,personleadsorganization,j), (a,topmemberoforganization,j)
6.0	5.0	0.833333333	(a,arthropodcalledarthropod,b) <= (b,animalthatfeedoninsect,h), (b,arthropodcalledarthropod,a), (h,arthropodcalledarthropod,a)
6.0	5.0	0.833333333	(a,worksfor,b) <= (b,mutualproxyfor,a), (g,proxyfor,b), (g,worksfor,b)
6.0	5.0	0.833333333	(a,animalthatfeedoninsect,b) <= (h,animalsuchasinsect,b), (b,arthropodandotherarthropod,a), (a,arthropodcalledarthropod,h)
6.0	5.0	0.833333333	(a,agentcompeteswithagent,b) <= (e,agentcompeteswithagent,a), (e,agentcompeteswithagent,b), (e,teamalsoknownas,b)
6.0	5.0	0.833333333	(a,teamplaysagainstteam,b) <= (f,agentcollaborateswithagent,j), (j,personbelongstoorganization,a), (b,teamalsoknownas,f)
6.0	5.0	0.833333333	(a,countryalsoknownas,b) <= (i,citylocatedingeopoliticallocation,b), (a,countryalsoknownas,f), (i,proxyfor,f)
6.0	5.0	0.833333333	(a,proxyfor,b) <= (a,agentcontrols,b), (b,mutualproxyfor,h), (h,proxyfor,b)
12.0	10.0	0.833333333	(a,agentactsinlocation,b) <= (a,agentactsinlocation,f), (i,buildinglocatedincity,b), (i,subpartof,f)
12.0	10.0	0.833333333	(a,organizationhiredperson,b) <= (g,mutualproxyfor,b), (g,subpartof,b), (b,worksfor,a)
6.0	5.0	0.833333333	(a,worksfor,b) <= (g,ceoof,b), (b,organizationhiredperson,a), (g,worksfor,b)
18.0	15.0	0.833333333	(a,personleadsorganization,b) <= (j,organizationhiredperson,f), (a,personleadsorganization,j), (b,subpartof,f)
6.0	5.0	0.833333333	(a,personbelongstoorganization,b) <= (i,athleteledsportsteam,f), (a,personbelongstoorganization,f), (i,subpartof,b)
18.0	15.0	0.833333333	(a,agriculturalproducttoattractinsect,b) <= (i,agentcompeteswithagent,b), (a,agriculturalproducttoattractinsect,f), (i,arthropodcalledarthropod,f)
36.0	30.0	0.833333333	(a,hotelincity,b) <= (i,attractionofcity,b), (a,hotelincity,f), (i,locationlocatedwithinlocation,f)
6.0	5.0	0.833333333	(a,animalpreyson,b) <= (a,animalpreyson,h), (a,animalsuchasinvertebrate,b), (a,arthropodandotherarthropod,h)
6.0	5.0	0.833333333	(a,animalthatfeedoninsect,b) <= (b,animalsuchasinvertebrate,a), (g,animalthatfeedoninsect,b), (g,arthropodcalledarthropod,b)
6.0	5.0	0.833333333	(a,teamplaysincity,b) <= (b,locationlocatedwithinlocation,f), (f,newspaperincity,j), (a,teamplaysincity,j)
6.0	5.0	0.833333333	(a,personleadsgeopoliticalorganization,b) <= (i,airportincity,f), (i,buildinglocatedincity,b), (a,personleadsgeopoliticalorganization,f)
6.0	5.0	0.833333333	(a,teamplaysincity,b) <= (f,citylocatedingeopoliticallocation,j), (b,mutualproxyfor,f), (a,teamplaysincity,j)
6.0	5.0	0.833333333	(a,teamplaysagainstteam,b) <= (a,agentparticipatedinevent,h), (b,agentparticipatedinevent,h), (b,teamalsoknownas,a)
6.0	5.0	0.833333333	(a,teamplaysincity,b) <= (b,organizationterminatedperson,f), (a,teamplaysincity,j), (f,worksfor,j)
6.0	5.0	0.833333333	(a,personleadsorganization,b) <= (b,organizationhiredperson,a), (g,proxyfor,b), (g,worksfor,b)
6.0	5.0	0.833333333	(a,teamplaysagainstteam,b) <= (e,athleteplaysforteam,b), (e,coachesinleague,j), (j,subpartoforganization,a)
6.0	5.0	0.833333333	(a,topmemberoforganization,b) <= (i,agentcollaborateswithagent,a), (b,organizationhiredperson,f), (i,subpartof,f)
36.0	30.0	0.833333333	(a,headquarteredin,b) <= (f,agentcompeteswithagent,j), (a,headquarteredin,f), (j,organizationheadquarteredincity,b)
6.0	5.0	0.833333333	(a,organizationhiredperson,b) <= (g,agentcollaborateswithagent,b), (g,mutualproxyfor,b), (b,topmemberoforganization,a)
6.0	5.0	0.833333333	(a,arthropodandotherarthropod,b) <= (a,animalpreyson,h), (b,animalthatfeedoninsect,a), (a,arthropodandotherarthropod,h)
12.0	10.0	0.833333333	(a,organizationterminatedperson,b) <= (e,mutualproxyfor,b), (e,subpartof,j), (j,worksfor,a)
30.0	25.0	0.833333333	(a,animalsuchasinsect,b) <= (j,agentcompeteswithagent,a), (e,animalsuchasinsect,b), (e,arthropodcalledarthropod,j)
6.0	5.0	0.833333333	(a,countryalsoknownas,b) <= (b,countryalsoknownas,a), (h,countryalsoknownas,a), (b,countrylocatedingeopoliticallocation,h)
24.0	20.0	0.833333333	(a,acquired,b) <= (i,acquired,b), (a,organizationhiredperson,f), (i,organizationterminatedperson,f)
6.0	5.0	0.833333333	(a,agentcontrols,b) <= (b,agentcollaborateswithagent,h), (a,agentcompeteswithagent,h), (b,subpartof,a)
6.0	5.0	0.833333333	(a,countryalsoknownas,b) <= (a,countryalsoknownas,f), (i,personhasresidenceingeopoliticallocation,b), (i,personleadsorganization,f)
6.0	5.0	0.833333333	(a,arthropodandotherarthropod,b) <= (a,animalpreyson,h), (a,arthropodandotherarthropod,h), (a,arthropodcalledarthropod,b)
6.0	5.0	0.833333333	(a,agentcompeteswithagent,b) <= (b,agentcompeteswithagent,a), (b,animalistypeofanimal,h), (b,animalsuchasinsect,h)
6.0	5.0	0.833333333	(a,proxyfor,b) <= (b,mutualproxyfor,a), (g,statelocatedingeopoliticallocation,a), (g,statelocatedingeopoliticallocation,b)
12.0	10.0	0.833333333	(a,hasspouse,b) <= (a,hashusband,b), (b,hasspouse,a)
6.0	5.0	0.833333333	(a,teamplaysincity,b) <= (j,locationlocatedwithinlocation,b), (f,mutualproxyfor,j), (a,teamplaysincity,f)
6.0	5.0	0.833333333	(a,organizationterminatedperson,b) <= (a,hasofficeincountry,h), (a,organizationheadquarteredincountry,h), (a,organizationhiredperson,b)
6.0	5.0	0.833333333	(a,agentcompeteswithagent,b) <= (b,agentcompeteswithagent,a), (b,agentcompeteswithagent,h), (h,teamalsoknownas,a)
1072.0	892.0	0.832089552	(a,agentcreated,b) <= (i,agentcontributedtocreativework,f), (i,agentcreated,b), (a,agentcreated,f)
273.0	227.0	0.831501832	(a,teamplaysagainstteam,b) <= (i,coachesteam,b), (a,teamplaysagainstteam,f), (i,worksfor,f)
77.0	64.0	0.831168831	(a,agentactsinlocation,b) <= (j,agentactsinlocation,b), (f,agentbelongstoorganization,j), (a,agentcontrols,f)
77.0	64.0	0.831168831	(a,atlocation,b) <= (a,atlocation,f), (i,buildinglocatedincity,f), (i,subpartof,b)
71.0	59.0	0.830985915	(a,teamplaysinleague,b) <= (i,athleteledsportsteam,e), (i,athleteplaysforteam,a), (e,teamplaysinleague,b)
53.0	44.0	0.830188679	(a,topmemberoforganization,b) <= (b,organizationhiredperson,f), (j,organizationterminatedperson,a), (f,topmemberoforganization,j)
194.0	161.0	0.829896907	(a,athleteplaysforteam,b) <= (a,athleteplaysforteam,f), (j,coachesteam,b), (f,organizationhiredperson,j)
47.0	39.0	0.829787234	(a,athleteflyouttosportsteamposition,b) <= (i,athleteflyouttosportsteamposition,b), (a,athleteplaysforteam,f), (i,worksfor,f)
41.0	34.0	0.829268293	(a,competeswith,b) <= (a,competeswith,f), (f,organizationterminatedperson,j), (j,topmemberoforganization,b)
41.0	34.0	0.829268293	(a,citylocatedincountry,b) <= (a,citylocatedincountry,f), (i,citylocatedingeopoliticallocation,b), (i,proxyfor,f)
111.0	92.0	0.828828829	(a,stadiumlocatedincity,b) <= (i,headquarteredin,f), (i,organizationheadquarteredincity,b), (a,stadiumlocatedincity,f)
35.0	29.0	0.828571429	(a,worksfor,b) <= (e,ceoof,j), (j,organizationterminatedperson,a), (e,worksfor,b)
35.0	29.0	0.828571429	(a,worksfor,b) <= (h,agentcollaborateswithagent,a), (a,personleadsorganization,b), (a,worksfor,h)
64.0	53.0	0.828125	(a,athleteplaysforteam,b) <= (f,agentcollaborateswithagent,j), (j,athleteledsportsteam,b), (a,athleteplaysforteam,f)
157.0	130.0	0.828025478	(a,agentbelongstoorganization,b) <= (a,agentcollaborateswithagent,b), (g,agentcollaborateswithagent,b), (g,subpartof,b)
29.0	24.0	0.827586207	(a,mutualproxyfor,b) <= (e,mutualproxyfor,j), (e,organizationterminatedperson,b), (j,topmemberoforganization,a)
29.0	24.0	0.827586207	(a,worksfor,b) <= (j,citylocatedingeopoliticallocation,b), (f,mutualproxyfor,j), (a,worksfor,f)
29.0	24.0	0.827586207	(a,teamplaysinleague,b) <= (e,athleteplaysinleague,b), (i,organizationhiredperson,e), (i,teamplaysagainstteam,a)
58.0	48.0	0.827586207	(a,teamplayssport,b) <= (i,athleteledsportsteam,e), (i,athleteplaysforteam,a), (e,teamplayssport,b)
29.0	24.0	0.827586207	(a,mutualproxyfor,b) <= (g,mutualproxyfor,b), (g,organizationterminatedperson,b), (a,subpartof,b)
29.0	24.0	0.827586207	(a,sportsgamewinner,b) <= (i,athleteledsportsteam,f), (i,personbelongstoorganization,b), (a,sportsgamewinner,f)
29.0	24.0	0.827586207	(a,mutualproxyfor,b) <= (i,mutualproxyfor,b), (i,organizationterminatedperson,f), (a,subpartof,f)
29.0	24.0	0.827586207	(a,atlocation,b) <= (a,atlocation,j), (b,mutualproxyfor,f), (j,organizationhiredperson,f)
29.0	24.0	0.827586207	(a,animalsuchasinsect,b) <= (i,agentcompeteswithagent,a), (e,animalsuchasinsect,b), (i,arthropodcalledarthropod,e)
29.0	24.0	0.827586207	(a,agentcompeteswithagent,b) <= (a,agentcompeteswithagent,f), (i,personleadsorganization,f), (i,proxyfor,b)
29.0	24.0	0.827586207	(a,statelocatedingeopoliticallocation,b) <= (i,hasofficeincountry,b), (i,organizationheadquarteredincountry,f), (a,statelocatedingeopoliticallocation,f)
29.0	24.0	0.827586207	(a,mutualproxyfor,b) <= (i,citylocatedingeopoliticallocation,b), (i,locationlocatedwithinlocation,f), (a,mutualproxyfor,f)
23.0	19.0	0.826086957	(a,personbelongstoorganization,b) <= (i,citylocatedingeopoliticallocation,b), (i,locationlocatedwithinlocation,f), (a,personbelongstoorganization,f)
23.0	19.0	0.826086957	(a,hasofficeincity,b) <= (i,buildinglocatedincity,f), (a,hasofficeincity,f), (i,subpartof,b)
23.0	19.0	0.826086957	(a,organizationterminatedperson,b) <= (b,agentcontrols,f), (a,organizationterminatedperson,j), (j,proxyfor,f)
23.0	19.0	0.826086957	(a,mutualproxyfor,b) <= (j,ceoof,a), (e,mutualproxyfor,j), (e,organizationhiredperson,b)
23.0	19.0	0.826086957	(a,personhasresidenceingeopoliticallocation,b) <= (i,personhasresidenceingeopoliticallocation,b), (a,personhasresidenceingeopoliticallocation,f), (i,personleadsorganization,f)
69.0	57.0	0.826086957	(a,organizationhiredperson,b) <= (e,organizationhiredperson,b), (e,organizationterminatedperson,j), (j,topmemberoforganization,a)
23.0	19.0	0.826086957	(a,agentcollaborateswithagent,b) <= (e,agentcollaborateswithagent,b), (i,athleteledsportsteam,e), (i,athleteplaysforteam,a)
23.0	19.0	0.826086957	(a,agentcollaborateswithagent,b) <= (e,agentcollaborateswithagent,b), (i,athleteledsportsteam,a), (i,athleteplaysforteam,e)
23.0	19.0	0.826086957	(a,personleadsorganization,b) <= (i,agentcollaborateswithagent,a), (i,mutualproxyfor,e), (e,personleadsorganization,b)
46.0	38.0	0.826086957	(a,topmemberoforganization,b) <= (g,ceoof,b), (b,organizationterminatedperson,a), (g,topmemberoforganization,b)
23.0	19.0	0.826086957	(a,atlocation,b) <= (a,atlocation,j), (f,attractionofcity,j), (b,proxyfor,f)
23.0	19.0	0.826086957	(a,proxyfor,b) <= (b,organizationterminatedperson,f), (f,personleadsorganization,j), (a,proxyfor,j)
63.0	52.0	0.825396825	(a,organizationhiredperson,b) <= (j,ceoof,a), (e,organizationhiredperson,b), (e,organizationhiredperson,j)
17.0	14.0	0.823529412	(a,organizationheadquarteredinstateorprovince,b) <= (i,athleteledsportsteam,a), (i,athleteplaysforteam,e), (e,organizationheadquarteredinstateorprovince,b)
17.0	14.0	0.823529412	(a,mutualproxyfor,b) <= (e,mutualproxyfor,j), (e,organizationhiredperson,b), (j,topmemberoforganization,a)
17.0	14.0	0.823529412	(a,organizationhiredperson,b) <= (h,organizationhiredperson,b), (a,subpartof,b), (b,worksfor,h)
17.0	14.0	0.823529412	(a,hasofficeincountry,b) <= (j,ceoof,a), (e,hasofficeincountry,b), (e,organizationterminatedperson,j)
17.0	14.0	0.823529412	(a,worksfor,b) <= (j,organizationhiredperson,a), (b,subpartof,f), (f,worksfor,j)
17.0	14.0	0.823529412	(a,atdate,b) <= (e,atdate,b), (i,buildinglocatedincity,a), (i,subpartof,e)
34.0	28.0	0.823529412	(a,organizationhiredperson,b) <= (a,organizationhiredperson,h), (h,personleadsorganization,a), (b,worksfor,a)
17.0	14.0	0.823529412	(a,organizationhiredperson,b) <= (a,mutualproxyfor,b), (a,organizationhiredperson,h), (h,personleadsorganization,a)
17.0	14.0	0.823529412	(a,worksfor,b) <= (h,organizationhiredperson,a), (b,subpartof,a), (a,worksfor,h)
17.0	14.0	0.823529412	(a,organizationhiredperson,b) <= (f,organizationhiredperson,j), (a,subpartof,j), (b,worksfor,f)
17.0	14.0	0.823529412	(a,headquarteredin,b) <= (e,headquarteredin,b), (i,personleadsorganization,e), (i,worksfor,a)
17.0	14.0	0.823529412	(a,organizationhiredperson,b) <= (j,organizationhiredperson,b), (a,subpartof,f), (f,worksfor,j)
17.0	14.0	0.823529412	(a,worksfor,b) <= (j,organizationhiredperson,f), (b,subpartof,f), (a,worksfor,j)
34.0	28.0	0.823529412	(a,subpartof,b) <= (e,organizationterminatedperson,j), (e,subpartof,b), (j,topmemberoforganization,a)
119.0	98.0	0.823529412	(a,athleteflyouttosportsteamposition,b) <= (i,athleteflyouttosportsteamposition,b), (a,athleteledsportsteam,f), (i,athleteplaysforteam,f)
198.0	163.0	0.823232323	(a,atdate,b) <= (e,atdate,b), (i,citycapitalofcountry,a), (i,citylocatedincountry,e)
158.0	130.0	0.82278481	(a,agentbelongstoorganization,b) <= (g,agentcollaborateswithagent,b), (b,agentcontrols,a), (g,subpartof,b)
56.0	46.0	0.821428571	(a,organizationterminatedperson,b) <= (a,organizationhiredperson,b), (a,organizationterminatedperson,h), (h,topmemberoforganization,a)
28.0	23.0	0.821428571	(a,worksfor,b) <= (i,mutualproxyfor,e), (i,organizationhiredperson,a), (e,worksfor,b)
28.0	23.0	0.821428571	(a,subpartof,b) <= (a,mutualproxyfor,f), (i,organizationterminatedperson,f), (i,subpartof,b)
28.0	23.0	0.821428571	(a,competeswith,b) <= (e,competeswith,b), (e,organizationhiredperson,j), (j,topmemberoforganization,a)
28.0	23.0	0.821428571	(a,organizationhiredperson,b) <= (b,coachesteam,h), (h,organizationhiredperson,b), (b,worksfor,a)
28.0	23.0	0.821428571	(a,mutualproxyfor,b) <= (a,mutualproxyfor,h), (a,organizationterminatedperson,b), (h,personleadsorganization,a)
28.0	23.0	0.821428571	(a,newspaperincity,b) <= (f,agentcompeteswithagent,j), (j,headquarteredin,b), (a,newspaperincity,f)
28.0	23.0	0.821428571	(a,personleadsorganization,b) <= (b,mutualproxyfor,h), (b,organizationterminatedperson,a), (h,personleadsorganization,b)
28.0	23.0	0.821428571	(a,newspaperincity,b) <= (f,agentcompeteswithagent,j), (a,newspaperincity,f), (j,organizationheadquarteredincity,b)
252.0	207.0	0.821428571	(a,hotelincity,b) <= (i,headquarteredin,f), (a,hotelincity,f), (i,organizationheadquarteredincity,b)
28.0	23.0	0.821428571	(a,organizationterminatedperson,b) <= (a,mutualproxyfor,h), (a,organizationterminatedperson,h), (b,worksfor,a)
28.0	23.0	0.821428571	(a,organizationhiredperson,b) <= (e,mutualproxyfor,j), (e,organizationhiredperson,b), (j,worksfor,a)
28.0	23.0	0.821428571	(a,personleadsorganization,b) <= (i,personleadsorganization,b), (a,personleadsorganization,f), (i,proxyfor,f)
28.0	23.0	0.821428571	(a,automobilemakerdealersincountry,b) <= (i,automakerproducesmodel,f), (i,automobilemakerdealersincountry,b), (a,producesproduct,f)
56.0	46.0	0.821428571	(a,hasofficeincountry,b) <= (i,hasofficeincountry,b), (a,hasofficeincountry,f), (i,organizationheadquarteredincountry,f)
28.0	23.0	0.821428571	(a,mutualproxyfor,b) <= (a,mutualproxyfor,f), (i,organizationterminatedperson,f), (i,subpartof,b)
67.0	55.0	0.820895522	(a,arthropodcalledarthropod,b) <= (j,agentcompeteswithagent,b), (a,arthropodcalledarthropod,f), (f,arthropodcalledarthropod,j)
67.0	55.0	0.820895522	(a,personbelongstoorganization,b) <= (i,athleteplaysforteam,f), (i,personbelongstoorganization,b), (a,personbelongstoorganization,f)
150.0	123.0	0.82	(a,agentbelongstoorganization,b) <= (b,acquired,f), (i,acquired,f), (i,agentcontrols,a)
61.0	50.0	0.819672131	(a,teamplayssport,b) <= (i,athleteledsportsteam,a), (i,athleteplaysforteam,e), (e,teamplayssport,b)
11.0	9.0	0.818181818	(a,worksfor,b) <= (b,mutualproxyfor,f), (f,personhasresidenceingeopoliticallocation,j), (a,worksfor,j)
11.0	9.0	0.818181818	(a,organizationhiredperson,b) <= (a,mutualproxyfor,b), (a,subpartof,h), (h,worksfor,a)
11.0	9.0	0.818181818	(a,locationlocatedwithinlocation,b) <= (a,locationlocatedwithinlocation,f), (i,personhasresidenceingeopoliticallocation,f), (i,worksfor,b)
11.0	9.0	0.818181818	(a,organizationhiredperson,b) <= (j,ceoof,f), (a,organizationhiredperson,j), (b,worksfor,f)
33.0	27.0	0.818181818	(a,sportschoolincountry,b) <= (i,hasofficeincountry,b), (i,organizationheadquarteredincountry,f), (a,sportschoolincountry,f)
22.0	18.0	0.818181818	(a,organizationhiredperson,b) <= (a,mutualproxyfor,f), (j,organizationhiredperson,b), (f,personhasresidenceingeopoliticallocation,j)
22.0	18.0	0.818181818	(a,personbelongstoorganization,b) <= (j,agentbelongstoorganization,b), (f,agentcontrols,j), (a,personbelongstoorganization,f)
11.0	9.0	0.818181818	(a,companyalsoknownas,b) <= (i,companyalsoknownas,b), (i,organizationhiredperson,f), (a,organizationterminatedperson,f)
22.0	18.0	0.818181818	(a,organizationhiredperson,b) <= (g,mutualproxyfor,b), (g,organizationhiredperson,b), (b,worksfor,a)
33.0	27.0	0.818181818	(a,mutualproxyfor,b) <= (a,mutualproxyfor,f), (i,organizationhiredperson,f), (i,subpartof,b)
11.0	9.0	0.818181818	(a,teamplaysincity,b) <= (i,locationlocatedwithinlocation,f), (i,subpartof,b), (a,teamplaysincity,f)
22.0	18.0	0.818181818	(a,ceoof,b) <= (a,ceoof,h), (h,mutualproxyfor,a), (b,organizationhiredperson,a)
11.0	9.0	0.818181818	(a,headquarteredin,b) <= (e,headquarteredin,b), (e,organizationhiredperson,j), (j,topmemberoforganization,a)
11.0	9.0	0.818181818	(a,personleadsorganization,b) <= (b,agentcollaborateswithagent,h), (b,mutualproxyfor,h), (a,worksfor,b)
11.0	9.0	0.818181818	(a,proxyfor,b) <= (a,personleadsorganization,h), (a,proxyfor,h), (a,worksfor,b)
22.0	18.0	0.818181818	(a,organizationheadquarteredincity,b) <= (j,organizationheadquarteredincity,b), (a,organizationterminatedperson,f), (f,topmemberoforganization,j)
22.0	18.0	0.818181818	(a,worksfor,b) <= (a,agentcontrols,f), (f,mutualproxyfor,j), (j,worksfor,b)
11.0	9.0	0.818181818	(a,competeswith,b) <= (b,competeswith,a), (a,headquarteredin,h), (b,organizationheadquarteredincity,h)
66.0	54.0	0.818181818	(a,proxyfor,b) <= (i,citylocatedincountry,f), (i,proxyfor,b), (a,proxyfor,f)
11.0	9.0	0.818181818	(a,atlocation,b) <= (j,agentbelongstoorganization,b), (a,atlocation,f), (f,mutualproxyfor,j)
11.0	9.0	0.818181818	(a,competeswith,b) <= (e,competeswith,b), (e,organizationterminatedperson,j), (j,personleadsorganization,a)
11.0	9.0	0.818181818	(a,organizationterminatedperson,b) <= (a,mutualproxyfor,b), (a,subpartof,h), (h,worksfor,a)
11.0	9.0	0.818181818	(a,agentcompeteswithagent,b) <= (b,agentcompeteswithagent,a), (g,animalpreyson,b), (g,specializationof,b)
224.0	183.0	0.816964286	(a,academicprogramatuniversity,b) <= (a,academicprogramatuniversity,f), (j,persongraduatedfromuniversity,b), (f,synonymfor,j)
158.0	129.0	0.816455696	(a,agentbelongstoorganization,b) <= (a,agentcollaborateswithagent,b), (b,agentcontrols,h), (h,subpartof,b)
49.0	40.0	0.816326531	(a,topmemberoforganization,b) <= (e,ceoof,j), (j,organizationterminatedperson,a), (e,topmemberoforganization,b)
38.0	31.0	0.815789474	(a,organizationterminatedperson,b) <= (b,ceoof,a), (a,organizationhiredperson,h), (a,organizationterminatedperson,h)
38.0	31.0	0.815789474	(a,organizationterminatedperson,b) <= (f,mutualproxyfor,j), (a,organizationterminatedperson,j), (b,worksfor,f)
27.0	22.0	0.814814815	(a,organizationterminatedperson,b) <= (g,mutualproxyfor,b), (g,organizationterminatedperson,b), (b,worksfor,a)
27.0	22.0	0.814814815	(a,subpartof,b) <= (b,organizationterminatedperson,f), (f,personbelongstoorganization,j), (a,subpartof,j)
97.0	79.0	0.81443299	(a,stadiumlocatedincity,b) <= (i,organizationheadquarteredincity,f), (i,radiostationincity,b), (a,stadiumlocatedincity,f)
43.0	35.0	0.813953488	(a,sportsgamesport,b) <= (a,sportsgamewinner,j), (b,sportusesstadium,f), (j,teamhomestadium,f)
43.0	35.0	0.813953488	(a,arthropodcalledarthropod,b) <= (j,agentcompeteswithagent,a), (e,animalthatfeedoninsect,j), (e,arthropodcalledarthropod,b)
43.0	35.0	0.813953488	(a,arthropodcalledarthropod,b) <= (a,arthropodandotherarthropod,f), (j,arthropodcalledarthropod,b), (f,specializationof,j)
86.0	70.0	0.813953488	(a,atdate,b) <= (e,atdate,b), (i,hasofficeincountry,a), (i,organizationheadquarteredincountry,e)
129.0	105.0	0.813953488	(a,teamplaysagainstteam,b) <= (a,agentcollaborateswithagent,f), (f,athleteledsportsteam,j), (j,teamplaysagainstteam,b)
220.0	179.0	0.813636364	(a,subpartof,b) <= (j,agentcollaborateswithagent,b), (f,agentcontrols,j), (a,subpartof,f)
59.0	48.0	0.813559322	(a,teamplaysagainstteam,b) <= (h,athleteplaysforteam,b), (b,organizationhiredperson,h), (b,teamplaysagainstteam,a)
16.0	13.0	0.8125	(a,mutualproxyfor,b) <= (a,agentcollaborateswithagent,b), (h,mutualproxyfor,b), (b,personleadsorganization,h)
16.0	13.0	0.8125	(a,subpartof,b) <= (e,organizationterminatedperson,j), (j,personleadsorganization,a), (e,subpartof,b)
32.0	26.0	0.8125	(a,subpartof,b) <= (i,personhasresidenceingeopoliticallocation,b), (i,personleadsorganization,f), (a,subpartof,f)
16.0	13.0	0.8125	(a,agentcontrols,b) <= (i,agentcontrols,b), (a,organizationhiredperson,f), (i,organizationterminatedperson,f)
16.0	13.0	0.8125	(a,mutualproxyfor,b) <= (h,mutualproxyfor,b), (a,subpartof,b), (b,topmemberoforganization,h)
32.0	26.0	0.8125	(a,organizationterminatedperson,b) <= (a,organizationhiredperson,b), (a,organizationterminatedperson,h), (h,personleadsorganization,a)
32.0	26.0	0.8125	(a,teamplaysagainstteam,b) <= (i,athleteledsportsteam,a), (b,teamplaysagainstteam,f), (i,worksfor,f)
48.0	39.0	0.8125	(a,agentbelongstoorganization,b) <= (a,agentbelongstoorganization,j), (j,agentcollaborateswithagent,f), (b,agentcontrols,f)
16.0	13.0	0.8125	(a,mutualproxyfor,b) <= (j,mutualproxyfor,b), (a,subpartof,f), (f,topmemberoforganization,j)
32.0	26.0	0.8125	(a,teamplaysagainstteam,b) <= (g,athleteledsportsteam,a), (b,teamplaysagainstteam,a), (g,worksfor,a)
16.0	13.0	0.8125	(a,atdate,b) <= (j,atdate,b), (a,locationlocatedwithinlocation,f), (f,organizationheadquarteredincity,j)
16.0	13.0	0.8125	(a,acquired,b) <= (e,acquired,b), (j,ceoof,a), (e,mutualproxyfor,j)
16.0	13.0	0.8125	(a,agentcontrols,b) <= (g,agentcontrols,b), (a,proxyfor,b), (g,subpartof,b)
16.0	13.0	0.8125	(a,mutualproxyfor,b) <= (a,mutualproxyfor,j), (f,subpartof,j), (b,topmemberoforganization,f)
16.0	13.0	0.8125	(a,personleadsorganization,b) <= (b,organizationterminatedperson,f), (a,personleadsorganization,j), (f,topmemberoforganization,j)
69.0	56.0	0.811594203	(a,cityliesonriver,b) <= (e,cityliesonriver,b), (i,headquarteredin,e), (i,organizationheadquarteredincity,a)
69.0	56.0	0.811594203	(a,radiostationincity,b) <= (i,headquarteredin,f), (i,organizationheadquarteredincity,b), (a,radiostationincity,f)
53.0	43.0	0.811320755	(a,organizationhiredperson,b) <= (h,organizationhiredperson,b), (b,personleadsorganization,a), (b,worksfor,h)
238.0	193.0	0.81092437	(a,athleteplaysforteam,b) <= (i,athleteplaysforteam,b), (a,athleteplaysforteam,f), (i,personbelongstoorganization,f)
37.0	30.0	0.810810811	(a,ceoof,b) <= (a,ceoof,h), (b,organizationhiredperson,a), (h,organizationterminatedperson,a)
58.0	47.0	0.810344828	(a,countryalsoknownas,b) <= (b,countryalsoknownas,a), (b,countrylocatedingeopoliticallocation,h), (h,statelocatedingeopoliticallocation,a)
21.0	17.0	0.80952381	(a,agentparticipatedinevent,b) <= (j,agentcollaborateswithagent,a), (f,organizationhiredperson,j), (b,sportsgamewinner,f)
42.0	34.0	0.80952381	(a,competeswith,b) <= (a,competeswith,j), (b,organizationterminatedperson,f), (f,topmemberoforganization,j)
42.0	34.0	0.80952381	(a,organizationterminatedperson,b) <= (f,ceoof,j), (j,mutualproxyfor,b), (a,organizationterminatedperson,f)
21.0	17.0	0.80952381	(a,agentparticipatedinevent,b) <= (a,agentcollaborateswithagent,j), (f,organizationhiredperson,j), (b,sportsgamewinner,f)
42.0	34.0	0.80952381	(a,organizationterminatedperson,b) <= (i,mutualproxyfor,f), (a,organizationterminatedperson,f), (i,subpartof,b)
21.0	17.0	0.80952381	(a,agentcompeteswithagent,b) <= (j,agentcompeteswithagent,b), (a,organizationterminatedperson,f), (f,personleadsorganization,j)
178.0	144.0	0.808988764	(a,personleadsorganization,b) <= (f,organizationterminatedperson,j), (j,personleadsorganization,b), (a,personleadsorganization,f)
544.0	440.0	0.808823529	(a,atlocation,b) <= (a,atlocation,j), (j,organizationhiredperson,f), (b,organizationterminatedperson,f)
26.0	21.0	0.807692308	(a,atlocation,b) <= (a,atlocation,f), (i,personhasresidenceingeopoliticallocation,b), (i,worksfor,f)
26.0	21.0	0.807692308	(a,sportsgamewinner,b) <= (i,athleteledsportsteam,f), (a,sportsgamewinner,f), (i,worksfor,b)
26.0	21.0	0.807692308	(a,animalpreyson,b) <= (i,agentcompeteswithagent,a), (e,animalpreyson,b), (i,arthropodandotherarthropod,e)
26.0	21.0	0.807692308	(a,agentcompeteswithagent,b) <= (b,agentcompeteswithagent,a), (b,animalistypeofanimal,h), (b,animalpreyson,h)
109.0	88.0	0.80733945	(a,hasofficeincity,b) <= (a,hasofficeincity,j), (j,organizationhiredperson,f), (b,organizationterminatedperson,f)
31.0	25.0	0.806451613	(a,topmemberoforganization,b) <= (b,organizationhiredperson,f), (j,subpartof,a), (f,topmemberoforganization,j)
31.0	25.0	0.806451613	(a,organizationhiredperson,b) <= (g,mutualproxyfor,b), (g,organizationhiredperson,b), (a,subpartof,b)
31.0	25.0	0.806451613	(a,organizationhiredperson,b) <= (a,organizationhiredperson,f), (j,subpartof,b), (f,topmemberoforganization,j)
31.0	25.0	0.806451613	(a,agentcontrols,b) <= (i,agentcontrols,b), (a,agentcontrols,f), (i,mutualproxyfor,f)
103.0	83.0	0.805825243	(a,agentbelongstoorganization,b) <= (a,agentcollaborateswithagent,b), (a,subpartof,b)
36.0	29.0	0.805555556	(a,worksfor,b) <= (i,mutualproxyfor,e), (i,organizationterminatedperson,a), (e,worksfor,b)
108.0	87.0	0.805555556	(a,organizationheadquarteredinstateorprovince,b) <= (f,mutualproxyfor,j), (a,organizationheadquarteredinstateorprovince,f), (j,subpartof,b)
36.0	29.0	0.805555556	(a,mutualproxyfor,b) <= (h,ceoof,a), (a,mutualproxyfor,h), (a,organizationterminatedperson,b)
36.0	29.0	0.805555556	(a,mutualproxyfor,b) <= (b,ceoof,a), (a,mutualproxyfor,h), (a,organizationterminatedperson,h)
41.0	33.0	0.804878049	(a,organizationterminatedperson,b) <= (f,ceoof,j), (a,organizationhiredperson,f), (j,organizationterminatedperson,b)
82.0	66.0	0.804878049	(a,athleteplaysforteam,b) <= (a,athleteplaysforteam,f), (i,coachesteam,b), (i,worksfor,f)
56.0	45.0	0.803571429	(a,worksfor,b) <= (b,organizationterminatedperson,h), (a,personleadsorganization,b), (h,worksfor,b)
56.0	45.0	0.803571429	(a,synonymfor,b) <= (e,mutualproxyfor,j), (j,synonymfor,a), (e,synonymfor,b)
61.0	49.0	0.803278689	(a,mutualproxyfor,b) <= (a,mutualproxyfor,j), (f,organizationterminatedperson,j), (b,topmemberoforganization,f)
161.0	129.0	0.801242236	(a,agentbelongstoorganization,b) <= (a,agentcollaborateswithagent,j), (b,agentcontrols,f), (f,subpartof,j)
5.0	4.0	0.8	(a,mutualproxyfor,b) <= (b,citylocatedinstate,h), (b,mutualproxyfor,a), (h,mutualproxyfor,b)
5.0	4.0	0.8	(a,competeswith,b) <= (a,agentcollaborateswithagent,h), (b,competeswith,a), (h,journalistwritesforpublication,a)
5.0	4.0	0.8	(a,competeswith,b) <= (e,competeswith,b), (i,personbelongstoorganization,e), (i,personleadsorganization,a)
25.0	20.0	0.8	(a,personleadsorganization,b) <= (f,agentcollaborateswithagent,j), (b,agentcontrols,f), (a,personleadsorganization,j)
10.0	8.0	0.8	(a,companyeconomicsector,b) <= (i,agentbelongstoorganization,e), (i,agentcollaborateswithagent,a), (e,companyeconomicsector,b)
5.0	4.0	0.8	(a,competeswith,b) <= (h,acquired,a), (b,competeswith,a), (a,subpartoforganization,h)
5.0	4.0	0.8	(a,competeswith,b) <= (a,companyalsoknownas,f), (i,competeswith,b), (i,subpartoforganization,f)
15.0	12.0	0.8	(a,organizationterminatedperson,b) <= (a,organizationhiredperson,b), (h,subpartof,b), (b,worksfor,h)
5.0	4.0	0.8	(a,personbelongstoorganization,b) <= (i,agentactsinlocation,f), (a,personmovedtostateorprovince,f), (i,teamalsoknownas,b)
35.0	28.0	0.8	(a,teamplaysinleague,b) <= (e,agentcompeteswithagent,b), (e,subpartoforganization,j), (j,teamplaysagainstteam,a)
5.0	4.0	0.8	(a,atlocation,b) <= (a,atlocation,f), (i,atlocation,f), (i,personleadsgeopoliticalorganization,b)
5.0	4.0	0.8	(a,companyeconomicsector,b) <= (j,agentbelongstoorganization,a), (e,companyeconomicsector,b), (e,mutualproxyfor,j)
35.0	28.0	0.8	(a,teamplaysinleague,b) <= (b,agentcompeteswithagent,f), (f,subpartoforganization,j), (j,teamplaysagainstteam,a)
30.0	24.0	0.8	(a,teamwontrophy,b) <= (e,agentcollaborateswithagent,j), (j,personbelongstoorganization,a), (e,teamwontrophy,b)
10.0	8.0	0.8	(a,agentcompeteswithagent,b) <= (b,agentcompeteswithagent,a), (g,animalistypeofanimal,b), (g,specializationof,b)
5.0	4.0	0.8	(a,hasofficeincountry,b) <= (a,hasofficeincountry,f), (i,personhasresidenceingeopoliticallocation,b), (i,personleadsorganization,f)
5.0	4.0	0.8	(a,personborninlocation,b) <= (i,airportincity,b), (i,buildinglocatedincity,f), (a,personborninlocation,f)
5.0	4.0	0.8	(a,animalsuchasinvertebrate,b) <= (b,animalsuchasinsect,a), (b,arthropodcalledarthropod,a), (a,arthropodcalledarthropod,b)
5.0	4.0	0.8	(a,teamplaysinleague,b) <= (i,athleteplaysforteam,e), (i,coachesteam,a), (e,teamplaysinleague,b)
5.0	4.0	0.8	(a,agentcollaborateswithagent,b) <= (b,agentcollaborateswithagent,a), (b,agentcollaborateswithagent,h), (a,politicianusendorsedbypoliticianus,h)
10.0	8.0	0.8	(a,agentcreated,b) <= (a,agentcollaborateswithagent,f), (i,agentcreated,b), (i,subpartof,f)
5.0	4.0	0.8	(a,organizationterminatedperson,b) <= (i,airportincity,e), (i,buildinglocatedincity,a), (e,organizationterminatedperson,b)
5.0	4.0	0.8	(a,teamplaysinleague,b) <= (j,athleteplaysforteam,a), (e,organizationhiredperson,j), (e,teamplaysinleague,b)
5.0	4.0	0.8	(a,personbelongstoorganization,b) <= (b,organizationterminatedperson,h), (h,personbelongstoorganization,b), (a,personleadsorganization,b)
5.0	4.0	0.8	(a,competeswith,b) <= (h,acquired,b), (b,competeswith,a), (b,subpartoforganization,h)
5.0	4.0	0.8	(a,organizationhiredperson,b) <= (i,citylocatedincountry,f), (i,organizationhiredperson,b), (a,proxyfor,f)
20.0	16.0	0.8	(a,subpartof,b) <= (e,organizationhiredperson,b), (j,personleadsorganization,a), (e,subpartof,j)
5.0	4.0	0.8	(a,personbelongstoorganization,b) <= (h,organizationterminatedperson,a), (a,personbelongstoorganization,h), (a,personleadsorganization,b)
5.0	4.0	0.8	(a,animaleatfood,b) <= (f,agentcompeteswithagent,j), (j,animaleatfood,b), (a,arthropodcalledarthropod,f)
5.0	4.0	0.8	(a,synonymfor,b) <= (i,companyalsoknownas,f), (a,organizationalsoknownas,f), (i,synonymfor,b)
5.0	4.0	0.8	(a,animaleatfood,b) <= (i,agentcompeteswithagent,a), (e,animaleatfood,b), (i,arthropodcalledarthropod,e)
5.0	4.0	0.8	(a,organizationterminatedperson,b) <= (a,subpartof,j), (b,topmemberoforganization,f), (j,worksfor,f)
5.0	4.0	0.8	(a,personleadsorganization,b) <= (a,agentcontrols,f), (i,personleadsorganization,b), (i,subpartof,f)
5.0	4.0	0.8	(a,headquarteredin,b) <= (e,headquarteredin,b), (i,personbelongstoorganization,e), (i,personleadsorganization,a)
5.0	4.0	0.8	(a,animaleatfood,b) <= (j,agentcompeteswithagent,a), (e,animaleatfood,b), (e,arthropodcalledarthropod,j)
5.0	4.0	0.8	(a,agentcompeteswithagent,b) <= (f,agentcompeteswithagent,b), (a,agentcompeteswithagent,f), (f,teamalsoknownas,a)
5.0	4.0	0.8	(a,athleteledsportsteam,b) <= (i,agentcreated,b), (i,agentcreated,f), (a,athleteplaysforteam,f)
5.0	4.0	0.8	(a,companyeconomicsector,b) <= (i,companyeconomicsector,b), (i,organizationhiredperson,f), (a,subpartof,f)
35.0	28.0	0.8	(a,organizationhiredperson,b) <= (f,citylocatedinstate,j), (a,mutualproxyfor,f), (j,organizationhiredperson,b)
5.0	4.0	0.8	(a,headquarteredin,b) <= (f,agentbelongstoorganization,j), (a,agentcollaborateswithagent,f), (j,headquarteredin,b)
5.0	4.0	0.8	(a,hasofficeincountry,b) <= (i,hasofficeincountry,b), (i,organizationhiredperson,f), (a,subpartof,f)
5.0	4.0	0.8	(a,agentbelongstoorganization,b) <= (a,agentbelongstoorganization,f), (f,agentcollaborateswithagent,j), (j,topmemberoforganization,b)
5.0	4.0	0.8	(a,politicianusendorsedbypoliticianus,b) <= (a,personbelongstoorganization,h), (b,politicianusendorsedbypoliticianus,a), (b,politicianusmemberofpoliticalgroup,h)
5.0	4.0	0.8	(a,animalsuchasinsect,b) <= (a,animalistypeofanimal,b), (g,animalthatfeedoninsect,b), (g,arthropodandotherarthropod,b)
5.0	4.0	0.8	(a,animalpreyson,b) <= (h,animalsuchasinsect,a), (a,arthropodcalledarthropod,h), (b,specializationof,a)
5.0	4.0	0.8	(a,politicianholdsoffice,b) <= (f,hashusband,i), (a,haswife,f), (i,politicianholdsoffice,b)
5.0	4.0	0.8	(a,airportincity,b) <= (a,airportincity,f), (i,personhasresidenceingeopoliticallocation,b), (i,worksfor,f)
5.0	4.0	0.8	(a,organizationterminatedperson,b) <= (b,ceoof,f), (i,synonymfor,a), (i,synonymfor,f)
10.0	8.0	0.8	(a,agentcompeteswithagent,b) <= (e,agentcompeteswithagent,b), (i,athleteledsportsteam,e), (i,personbelongstoorganization,a)
5.0	4.0	0.8	(a,animalpreyson,b) <= (h,arthropodandotherarthropod,a), (a,arthropodcalledarthropod,h), (b,specializationof,a)
5.0	4.0	0.8	(a,organizationterminatedperson,b) <= (i,agentcontrols,f), (i,mutualproxyfor,b), (a,organizationterminatedperson,f)
5.0	4.0	0.8	(a,animalpreyson,b) <= (g,agentcompeteswithagent,b), (g,animalistypeofanimal,a), (b,animalpreyson,a)
10.0	8.0	0.8	(a,agentcompeteswithagent,b) <= (e,agentcompeteswithagent,b), (i,coachesteam,a), (i,worksfor,e)
5.0	4.0	0.8	(a,subpartof,b) <= (i,ceoof,f), (i,subpartof,b), (a,topmemberoforganization,f)
10.0	8.0	0.8	(a,agentcompeteswithagent,b) <= (e,agentcompeteswithagent,b), (i,athleteplaysforteam,a), (i,personbelongstoorganization,e)
5.0	4.0	0.8	(a,competeswith,b) <= (a,companyalsoknownas,j), (b,competeswith,f), (f,subpartoforganization,j)
25.0	20.0	0.8	(a,agentcollaborateswithagent,b) <= (b,agentcollaborateswithagent,a), (b,politicianrepresentslocation,h), (b,proxyfor,h)
5.0	4.0	0.8	(a,agentbelongstoorganization,b) <= (a,agentbelongstoorganization,f), (j,organizationacronymhasname,b), (f,synonymfor,j)
5.0	4.0	0.8	(a,agentcollaborateswithagent,b) <= (b,agentcollaborateswithagent,a), (b,agentcollaborateswithagent,h), (h,politicianusendorsedbypoliticianus,a)
10.0	8.0	0.8	(a,agentbelongstoorganization,b) <= (b,agentcollaborateswithagent,h), (a,subpartof,b), (h,teamplaysinleague,b)
5.0	4.0	0.8	(a,sportsgameteam,b) <= (f,agentcompeteswithagent,j), (j,organizationalsoknownas,b), (a,sportsgameteam,f)
5.0	4.0	0.8	(a,animalpreyson,b) <= (a,animalthatfeedoninsect,h), (b,specializationof,a), (h,specializationof,a)
5.0	4.0	0.8	(a,airportincity,b) <= (a,airportincity,f), (i,personhasresidenceingeopoliticallocation,f), (i,personleadsorganization,b)
10.0	8.0	0.8	(a,subpartof,b) <= (i,citylocatedingeopoliticallocation,a), (i,proxyfor,e), (e,subpartof,b)
5.0	4.0	0.8	(a,animalpreyson,b) <= (h,animalsuchasinsect,a), (a,animalthatfeedoninsect,h), (b,specializationof,a)
5.0	4.0	0.8	(a,organizationterminatedperson,b) <= (b,agentcollaborateswithagent,f), (f,mutualproxyfor,j), (a,organizationterminatedperson,j)
5.0	4.0	0.8	(a,organizationterminatedperson,b) <= (a,subpartof,b), (g,topmemberoforganization,a), (g,worksfor,a)
5.0	4.0	0.8	(a,agentbelongstoorganization,b) <= (a,agentbelongstoorganization,f), (i,ceoof,f), (i,topmemberoforganization,b)
5.0	4.0	0.8	(a,organizationterminatedperson,b) <= (a,subpartof,b), (b,topmemberoforganization,h), (b,worksfor,h)
15.0	12.0	0.8	(a,athleteledsportsteam,b) <= (a,athleteledsportsteam,f), (f,organizationterminatedperson,j), (j,worksfor,b)
5.0	4.0	0.8	(a,parentofperson,b) <= (i,hashusband,e), (i,hasspouse,a), (e,parentofperson,b)
10.0	8.0	0.8	(a,agentbelongstoorganization,b) <= (h,coachesinleague,b), (b,organizationhiredperson,h), (a,subpartof,b)
5.0	4.0	0.8	(a,organizationterminatedperson,b) <= (a,mutualproxyfor,b), (g,topmemberoforganization,a), (g,worksfor,a)
10.0	8.0	0.8	(a,agentbelongstoorganization,b) <= (i,agentcontrols,f), (a,subpartof,f), (i,teamplaysinleague,b)
5.0	4.0	0.8	(a,agentcollaborateswithagent,b) <= (b,agentcollaborateswithagent,a), (b,personleadsorganization,h), (b,worksfor,h)
5.0	4.0	0.8	(a,animalpreyson,b) <= (g,agentcompeteswithagent,a), (g,animalistypeofanimal,b), (b,animalpreyson,a)
5.0	4.0	0.8	(a,atdate,b) <= (e,atdate,b), (j,citylocatedincountry,a), (e,statehascapital,j)
5.0	4.0	0.8	(a,organizationterminatedperson,b) <= (a,mutualproxyfor,h), (b,topmemberoforganization,a), (h,worksfor,a)
20.0	16.0	0.8	(a,atdate,b) <= (e,atdate,b), (i,personhasresidenceingeopoliticallocation,a), (i,worksfor,e)
5.0	4.0	0.8	(a,synonymfor,b) <= (i,ceoof,e), (e,synonymfor,b), (i,topmemberoforganization,a)
15.0	12.0	0.8	(a,agentcompeteswithagent,b) <= (b,agentcompeteswithagent,a), (h,agentcompeteswithagent,b), (b,animalpreyson,h)
65.0	52.0	0.8	(a,airportincity,b) <= (a,airportincity,f), (i,headquarteredin,f), (i,organizationheadquarteredincity,b)
5.0	4.0	0.8	(a,atdate,b) <= (e,atdate,b), (i,hasofficeincountry,a), (i,organizationheadquarteredinstateorprovince,e)
10.0	8.0	0.8	(a,agentbelongstoorganization,b) <= (g,agentbelongstoorganization,b), (g,agentcontrols,b), (a,subpartof,b)
10.0	8.0	0.8	(a,agentbelongstoorganization,b) <= (g,agentcontrols,b), (a,subpartof,b), (g,teamplaysinleague,b)
5.0	4.0	0.8	(a,organizationterminatedperson,b) <= (h,organizationterminatedperson,b), (b,personbelongstoorganization,h), (b,personleadsorganization,a)
5.0	4.0	0.8	(a,organizationhiredperson,b) <= (f,agentcontrols,j), (j,mutualproxyfor,b), (a,organizationhiredperson,f)
10.0	8.0	0.8	(a,agentcompeteswithagent,b) <= (b,agentcompeteswithagent,a), (h,agentcompeteswithagent,b), (a,animalpreyson,h)
5.0	4.0	0.8	(a,agentcompeteswithagent,b) <= (b,agentcompeteswithagent,a), (h,agentcompeteswithagent,a), (b,teamalsoknownas,h)
5.0	4.0	0.8	(a,citylocatedingeopoliticallocation,b) <= (i,citylocatedincountry,b), (a,citylocatedingeopoliticallocation,f), (i,mutualproxyfor,f)
5.0	4.0	0.8	(a,headquarteredin,b) <= (h,ceoof,a), (a,mutualproxyfor,h), (a,organizationheadquarteredincity,b)
5.0	4.0	0.8	(a,organizationhiredperson,b) <= (j,citylocatedinstate,f), (a,mutualproxyfor,j), (b,personbelongstoorganization,f)
5.0	4.0	0.8	(a,organizationhiredperson,b) <= (i,agentcontrols,b), (i,mutualproxyfor,f), (a,organizationhiredperson,f)
5.0	4.0	0.8	(a,plantincludeplant,b) <= (b,plantrepresentemotion,f), (j,plantrepresentemotion,f), (a,specializationof,j)
5.0	4.0	0.8	(a,atdate,b) <= (e,atdate,b), (i,organizationheadquarteredincountry,a), (i,organizationheadquarteredinstateorprovince,e)
5.0	4.0	0.8	(a,personleadsorganization,b) <= (f,organizationhiredperson,j), (j,proxyfor,b), (a,worksfor,f)
10.0	8.0	0.8	(a,agentbelongstoorganization,b) <= (g,athleteplaysinleague,b), (g,personbelongstoorganization,b), (a,subpartof,b)
5.0	4.0	0.8	(a,agentcollaborateswithagent,b) <= (b,agentcollaborateswithagent,a), (g,agentcollaborateswithagent,b), (g,proxyfor,b)
5.0	4.0	0.8	(a,bookwriter,b) <= (g,agentcontributedtocreativework,a), (b,agentcreated,a), (a,bookwriter,g)
15.0	12.0	0.8	(a,athleteledsportsteam,b) <= (a,athleteledsportsteam,j), (b,organizationhiredperson,f), (j,organizationterminatedperson,f)
5.0	4.0	0.8	(a,organizationhiredperson,b) <= (i,citycapitalofcountry,a), (i,citylocatedincountry,e), (e,organizationhiredperson,b)
5.0	4.0	0.8	(a,agentcompeteswithagent,b) <= (i,agentcompeteswithagent,a), (e,agentcompeteswithagent,b), (i,synonymfor,e)
10.0	8.0	0.8	(a,agentcompeteswithagent,b) <= (b,agentcompeteswithagent,a), (a,agentcompeteswithagent,h), (b,animalpreyson,h)
5.0	4.0	0.8	(a,animalsuchasinsect,b) <= (a,animalistypeofanimal,b), (g,animalistypeofanimal,b), (g,animalthatfeedoninsect,b)
5.0	4.0	0.8	(a,atdate,b) <= (e,atdate,b), (j,citylocatedincountry,a), (e,headquarteredin,j)
35.0	28.0	0.8	(a,worksfor,b) <= (h,organizationhiredperson,a), (b,organizationterminatedperson,a), (a,worksfor,h)
5.0	4.0	0.8	(a,organizationhiredperson,b) <= (j,agentcontrols,f), (a,organizationhiredperson,j), (b,proxyfor,f)
5.0	4.0	0.8	(a,agentcompeteswithagent,b) <= (b,agentcompeteswithagent,a), (h,agentcompeteswithagent,b), (a,teamalsoknownas,h)
5.0	4.0	0.8	(a,animalpreyson,b) <= (g,animalsuchasinvertebrate,a), (b,specializationof,a), (g,specializationof,a)
5.0	4.0	0.8	(a,animalpreyson,b) <= (g,animalsuchasinvertebrate,a), (g,animalthatfeedoninsect,a), (b,specializationof,a)
5.0	4.0	0.8	(a,animalthatfeedoninsect,b) <= (e,animalthatfeedoninsect,b), (i,arthropodcalledarthropod,e), (i,specializationof,a)
5.0	4.0	0.8	(a,coachesteam,b) <= (a,coachesteam,f), (i,personbelongstoorganization,b), (i,subpartof,f)
5.0	4.0	0.8	(a,personleadsorganization,b) <= (i,athleteledsportsteam,f), (i,athleteplaysforteam,b), (a,personleadsorganization,f)
10.0	8.0	0.8	(a,agentbelongstoorganization,b) <= (g,coachesinleague,b), (g,personbelongstoorganization,b), (a,subpartof,b)
5.0	4.0	0.8	(a,plantincludeplant,b) <= (b,plantgrowinginplant,h), (h,plantincludeplant,b), (a,specializationof,b)
5.0	4.0	0.8	(a,locationlocatedwithinlocation,b) <= (g,citylocatedincountry,b), (g,locationlocatedwithinlocation,b), (a,proxyfor,b)
5.0	4.0	0.8	(a,topmemberoforganization,b) <= (i,ceoof,b), (a,subpartof,f), (i,subpartof,f)
5.0	4.0	0.8	(a,citycapitalofcountry,b) <= (a,citycapitalofcountry,f), (i,citylocatedingeopoliticallocation,b), (i,proxyfor,f)
5.0	4.0	0.8	(a,mutualproxyfor,b) <= (i,agentbelongstoorganization,f), (i,atlocation,b), (a,mutualproxyfor,f)
5.0	4.0	0.8	(a,countryalsoknownas,b) <= (b,countryalsoknownas,f), (f,organizationhiredperson,j), (j,personbelongstoorganization,a)
5.0	4.0	0.8	(a,hasofficeincity,b) <= (j,agentbelongstoorganization,b), (a,hasofficeincity,f), (f,mutualproxyfor,j)
5.0	4.0	0.8	(a,teamhomestadium,b) <= (a,agentcollaborateswithagent,f), (f,athleteledsportsteam,j), (j,teamhomestadium,b)
5.0	4.0	0.8	(a,mutualproxyfor,b) <= (a,subpartof,b), (g,topmemberoforganization,a), (g,worksfor,a)
5.0	4.0	0.8	(a,teamhomestadium,b) <= (e,agentcollaborateswithagent,j), (j,athleteplaysforteam,a), (e,teamhomestadium,b)
5.0	4.0	0.8	(a,teamhomestadium,b) <= (e,agentcollaborateswithagent,j), (j,athleteledsportsteam,a), (e,teamhomestadium,b)
5.0	4.0	0.8	(a,statelocatedingeopoliticallocation,b) <= (i,headquarteredin,f), (i,organizationheadquarteredincity,b), (a,statelocatedingeopoliticallocation,f)
10.0	8.0	0.8	(a,citycapitalofcountry,b) <= (e,citycapitalofcountry,b), (i,hasofficeincity,a), (i,organizationheadquarteredincity,e)
5.0	4.0	0.8	(a,arthropodcalledarthropod,b) <= (a,agentcompeteswithagent,b), (h,arthropodcalledarthropod,a), (a,arthropodcalledarthropod,h)
5.0	4.0	0.8	(a,buildinglocatedincity,b) <= (a,buildinglocatedincity,f), (f,mutualproxyfor,j), (j,worksfor,b)
30.0	24.0	0.8	(a,mutualproxyfor,b) <= (h,mutualproxyfor,b), (a,organizationterminatedperson,b), (b,worksfor,h)
5.0	4.0	0.8	(a,statelocatedingeopoliticallocation,b) <= (j,countrylocatedingeopoliticallocation,b), (f,locationlocatedwithinlocation,j), (a,stateorprovinceisborderedbystateorprovince,f)
20.0	16.0	0.8	(a,mutualproxyfor,b) <= (j,ceoof,a), (e,mutualproxyfor,b), (e,subpartof,j)
10.0	8.0	0.8	(a,radiostationincity,b) <= (j,organizationhiredperson,f), (b,organizationterminatedperson,f), (a,radiostationincity,j)
5.0	4.0	0.8	(a,organizationalsoknownas,b) <= (a,agentcontrols,f), (i,organizationalsoknownas,b), (i,subpartof,f)
5.0	4.0	0.8	(a,teamalsoknownas,b) <= (a,agentcompeteswithagent,h), (b,teamalsoknownas,a), (h,teamalsoknownas,b)
5.0	4.0	0.8	(a,hotelincity,b) <= (a,hotelincity,f), (i,personleadsgeopoliticalorganization,f), (i,worksfor,b)
5.0	4.0	0.8	(a,parkincity,b) <= (j,atlocation,b), (f,mutualproxyfor,j), (a,parkincity,f)
5.0	4.0	0.8	(a,organizationalsoknownas,b) <= (a,agentcontrols,f), (i,organizationalsoknownas,b), (i,proxyfor,f)
5.0	4.0	0.8	(a,companyalsoknownas,b) <= (e,companyalsoknownas,b), (e,organizationhiredperson,j), (j,worksfor,a)
5.0	4.0	0.8	(a,teamalsoknownas,b) <= (g,agentcompeteswithagent,a), (b,teamalsoknownas,a), (g,teamalsoknownas,b)
5.0	4.0	0.8	(a,proxyfor,b) <= (b,agentcollaborateswithagent,h), (h,proxyfor,b), (a,subpartof,b)
10.0	8.0	0.8	(a,organizationheadquarteredincity,b) <= (i,headquarteredin,f), (a,radiostationincity,f), (i,televisionstationincity,b)
5.0	4.0	0.8	(a,countryalsoknownas,b) <= (b,countryalsoknownas,a), (b,mutualproxyfor,h), (h,proxyfor,b)
10.0	8.0	0.8	(a,mutualproxyfor,b) <= (a,mutualproxyfor,j), (b,topmemberoforganization,f), (j,worksfor,f)
10.0	8.0	0.8	(a,worksfor,b) <= (b,agentcollaborateswithagent,h), (b,agentcontrols,h), (a,personleadsorganization,b)
5.0	4.0	0.8	(a,subpartoforganization,b) <= (j,bankboughtbank,a), (e,subpartoforganization,b), (e,subpartoforganization,j)
10.0	8.0	0.8	(a,subpartof,b) <= (a,agentcollaborateswithagent,b), (g,mutualproxyfor,b), (g,subpartof,b)
5.0	4.0	0.8	(a,athleteplaysforteam,b) <= (b,agentcompeteswithagent,h), (a,athleteledsportsteam,b), (h,teamalsoknownas,b)
10.0	8.0	0.8	(a,teamplaysincity,b) <= (i,athleteledsportsteam,a), (i,personbelongstoorganization,e), (e,teamplaysincity,b)
5.0	4.0	0.8	(a,proxyfor,b) <= (b,agentcollaborateswithagent,a), (g,personleadsorganization,b), (g,proxyfor,b)
5.0	4.0	0.8	(a,subpartoforganization,b) <= (i,airportincity,e), (i,buildinglocatedincity,a), (e,subpartoforganization,b)
5.0	4.0	0.8	(a,worksfor,b) <= (h,organizationhiredperson,a), (a,proxyfor,b), (a,worksfor,h)
5.0	4.0	0.8	(a,agentparticipatedinevent,b) <= (e,agentparticipatedinevent,b), (i,airportincity,e), (i,buildinglocatedincity,a)
20.0	16.0	0.8	(a,topmemberoforganization,b) <= (i,mutualproxyfor,a), (i,organizationhiredperson,e), (e,topmemberoforganization,b)
5.0	4.0	0.8	(a,teamplaysagainstteam,b) <= (b,teamalsoknownas,a), (a,teamplayssport,h), (b,teamplayssport,h)
10.0	8.0	0.8	(a,mutualproxyfor,b) <= (a,agentcollaborateswithagent,f), (i,agentcontrols,f), (i,mutualproxyfor,b)
5.0	4.0	0.8	(a,teamplaysincity,b) <= (f,organizationhiredperson,j), (j,personhasresidenceingeopoliticallocation,b), (a,teamplaysincity,f)
5.0	4.0	0.8	(a,organizationalsoknownas,b) <= (i,companyalsoknownas,f), (a,organizationalsoknownas,f), (i,synonymfor,b)
5.0	4.0	0.8	(a,worksfor,b) <= (b,subpartof,a), (g,topmemberoforganization,b), (g,worksfor,b)
5.0	4.0	0.8	(a,proxyfor,b) <= (b,organizationhiredperson,f), (f,proxyfor,j), (a,worksfor,j)
10.0	8.0	0.8	(a,agentcollaborateswithagent,b) <= (e,agentcollaborateswithagent,b), (j,ceoof,a), (e,organizationterminatedperson,j)
5.0	4.0	0.8	(a,animalistypeofanimal,b) <= (i,agentcompeteswithagent,a), (e,animalistypeofanimal,b), (i,arthropodandotherarthropod,e)
5.0	4.0	0.8	(a,animalistypeofanimal,b) <= (i,agentcompeteswithagent,a), (e,animalistypeofanimal,b), (i,arthropodcalledarthropod,e)
5.0	4.0	0.8	(a,proxyfor,b) <= (b,mutualproxyfor,a), (h,proxyfor,b), (a,proxyfor,h)
5.0	4.0	0.8	(a,personleadsorganization,b) <= (h,organizationhiredperson,a), (a,proxyfor,b), (a,worksfor,h)
5.0	4.0	0.8	(a,personleadsorganization,b) <= (h,mutualproxyfor,a), (a,proxyfor,b), (a,worksfor,h)
5.0	4.0	0.8	(a,proxyfor,b) <= (h,organizationhiredperson,a), (a,proxyfor,h), (a,worksfor,b)
10.0	8.0	0.8	(a,worksfor,b) <= (g,ceoof,b), (a,personleadsorganization,b), (g,worksfor,b)
10.0	8.0	0.8	(a,athleteplaysforteam,b) <= (b,agentcollaborateswithagent,h), (a,athleteledsportsteam,b), (h,athleteplaysforteam,b)
5.0	4.0	0.8	(a,subpartoforganization,b) <= (j,agentbelongstoorganization,a), (e,agentcontrols,j), (e,subpartoforganization,b)
5.0	4.0	0.8	(a,subpartoforganization,b) <= (f,organizationterminatedperson,j), (j,personbelongstoorganization,b), (a,subpartoforganization,f)
15.0	12.0	0.8	(a,subpartoforganization,b) <= (e,organizationterminatedperson,j), (j,personleadsorganization,a), (e,subpartoforganization,b)
5.0	4.0	0.8	(a,subpartof,b) <= (a,agentcollaborateswithagent,b), (g,agentcontrols,b), (g,subpartof,b)
5.0	4.0	0.8	(a,personleadsorganization,b) <= (b,agentcollaborateswithagent,a), (g,personleadsorganization,b), (g,proxyfor,b)
10.0	8.0	0.8	(a,organizationheadquarteredincity,b) <= (i,headquarteredin,b), (a,radiostationincity,f), (i,televisionstationincity,f)
5.0	4.0	0.8	(a,countryalsoknownas,b) <= (b,countryalsoknownas,a), (a,mutualproxyfor,h), (h,proxyfor,a)
5.0	4.0	0.8	(a,hotelincity,b) <= (a,hotelincity,j), (b,mutualproxyfor,f), (f,worksfor,j)
5.0	4.0	0.8	(a,citylocatedincountry,b) <= (a,citycapitalofcountry,b), (h,synonymfor,b), (b,synonymfor,h)
5.0	4.0	0.8	(a,teamalsoknownas,b) <= (i,coachesteam,a), (e,teamalsoknownas,b), (i,worksfor,e)
5.0	4.0	0.8	(a,animalsuchasinsect,b) <= (g,animalsuchasinsect,a), (g,animalthatfeedoninsect,b), (a,arthropodandotherarthropod,b)
20.0	16.0	0.8	(a,agentcontrols,b) <= (e,agentcontrols,b), (i,personbelongstoorganization,a), (i,personleadsorganization,e)
5.0	4.0	0.8	(a,teamplaysagainstteam,b) <= (f,agentcontrols,j), (j,athleteplaysforteam,a), (b,teamplaysagainstteam,f)
5.0	4.0	0.8	(a,hasofficeincity,b) <= (i,hasofficeincity,b), (a,organizationhiredperson,f), (i,subpartof,f)
10.0	8.0	0.8	(a,languageofcountry,b) <= (j,citylocatedincountry,b), (a,languageofcountry,f), (f,mutualproxyfor,j)
5.0	4.0	0.8	(a,subpartof,b) <= (b,agentcollaborateswithagent,a), (g,agentcollaborateswithagent,b), (g,proxyfor,b)
10.0	8.0	0.8	(a,countrylocatedingeopoliticallocation,b) <= (i,citycapitalofcountry,a), (i,citylocatedincountry,e), (e,locationlocatedwithinlocation,b)
5.0	4.0	0.8	(a,personleadsorganization,b) <= (b,organizationterminatedperson,a), (a,proxyfor,h), (a,worksfor,h)
5.0	4.0	0.8	(a,topmemberoforganization,b) <= (b,subpartof,f), (a,topmemberoforganization,j), (f,worksfor,j)
5.0	4.0	0.8	(a,hasofficeincity,b) <= (i,hasofficeincity,b), (i,organizationhiredperson,f), (a,subpartof,f)
5.0	4.0	0.8	(a,countrylocatedingeopoliticallocation,b) <= (i,automobilemakerdealersincountry,a), (i,hasofficeincountry,e), (e,locationlocatedwithinlocation,b)
30.0	24.0	0.8	(a,attractionofcity,b) <= (a,attractionofcity,f), (i,headquarteredin,b), (i,newspaperincity,f)
5.0	4.0	0.8	(a,teamplayssport,b) <= (e,agentcollaborateswithagent,j), (j,personbelongstoorganization,a), (e,teamplayssport,b)
5.0	4.0	0.8	(a,mutualproxyfor,b) <= (j,ceoof,f), (a,mutualproxyfor,j), (b,proxyfor,f)
5.0	4.0	0.8	(a,teamplaysagainstteam,b) <= (f,agentcontrols,j), (j,athleteplaysforteam,b), (a,teamplaysagainstteam,f)
5.0	4.0	0.8	(a,proxyfor,b) <= (b,organizationterminatedperson,a), (a,personleadsorganization,h), (a,proxyfor,h)
5.0	4.0	0.8	(a,organizationhiredperson,b) <= (a,agentcompeteswithagent,h), (h,teamalsoknownas,a), (b,worksfor,a)
10.0	8.0	0.8	(a,personleadsorganization,b) <= (g,ceoof,b), (b,organizationterminatedperson,a), (g,personleadsorganization,b)
5.0	4.0	0.8	(a,topmemberoforganization,b) <= (b,acquired,f), (f,subpartoforganization,j), (a,topmemberoforganization,j)
5.0	4.0	0.8	(a,organizationhiredperson,b) <= (a,organizationterminatedperson,h), (h,personbelongstoorganization,a), (b,worksfor,a)
5.0	4.0	0.8	(a,organizationheadquarteredincity,b) <= (a,companyalsoknownas,f), (i,headquarteredin,b), (i,organizationalsoknownas,f)
5.0	4.0	0.8	(a,proxyfor,b) <= (b,organizationhiredperson,a), (a,proxyfor,h), (a,worksfor,h)
5.0	4.0	0.8	(a,citylocatedincountry,b) <= (i,citycapitalofcountry,b), (a,citylocatedincountry,f), (i,citylocatedingeopoliticallocation,f)
5.0	4.0	0.8	(a,personleadsorganization,b) <= (b,mutualproxyfor,a), (a,proxyfor,b), (a,worksfor,b)
45.0	36.0	0.8	(a,hotelincity,b) <= (a,hotelincity,i), (i,organizationhiredperson,f), (b,organizationterminatedperson,f)
10.0	8.0	0.8	(a,topmemberoforganization,b) <= (i,agentbelongstoorganization,f), (i,agentcollaborateswithagent,b), (a,topmemberoforganization,f)
10.0	8.0	0.8	(a,agentcontrols,b) <= (e,agentcontrols,b), (i,coachesinleague,a), (i,personbelongstoorganization,e)
5.0	4.0	0.8	(a,countryalsoknownas,b) <= (b,countryalsoknownas,a), (a,organizationhiredperson,h), (h,personbelongstoorganization,a)
5.0	4.0	0.8	(a,organizationhiredperson,b) <= (h,organizationhiredperson,b), (b,proxyfor,a), (b,worksfor,h)
5.0	4.0	0.8	(a,bankbankincountry,b) <= (a,bankbankincountry,f), (i,personhasresidenceingeopoliticallocation,b), (i,personleadsorganization,f)
5.0	4.0	0.8	(a,organizationhiredperson,b) <= (a,mutualproxyfor,b), (b,topmemberoforganization,a), (b,worksfor,a)
10.0	8.0	0.8	(a,mammalsuchasmammal,b) <= (i,agentcompeteswithagent,f), (a,mammalsuchasmammal,f), (i,specializationof,b)
5.0	4.0	0.8	(a,agentcontrols,b) <= (a,agentcontrols,f), (j,mutualproxyfor,b), (f,personleadsorganization,j)
10.0	8.0	0.8	(a,subpartof,b) <= (g,agentcollaborateswithagent,b), (a,mutualproxyfor,b), (g,subpartof,b)
5.0	4.0	0.8	(a,organizationhiredperson,b) <= (a,mutualproxyfor,h), (b,topmemberoforganization,a), (h,worksfor,a)
10.0	8.0	0.8	(a,agentcontrols,b) <= (a,agentcontrols,f), (j,organizationterminatedperson,b), (f,topmemberoforganization,j)
5.0	4.0	0.8	(a,subpartof,b) <= (a,mutualproxyfor,b), (g,topmemberoforganization,a), (g,worksfor,a)
5.0	4.0	0.8	(a,agentcontrols,b) <= (a,agentcontrols,f), (f,ceoof,j), (j,organizationhiredperson,b)
5.0	4.0	0.8	(a,organizationalsoknownas,b) <= (a,countrylocatedingeopoliticallocation,f), (i,locationlocatedwithinlocation,f), (i,organizationalsoknownas,b)
5.0	4.0	0.8	(a,animalsuchasinsect,b) <= (a,animalistypeofanimal,b), (a,animalthatfeedoninsect,b)
5.0	4.0	0.8	(a,subpartof,b) <= (a,mutualproxyfor,b), (b,topmemberoforganization,a), (b,worksfor,a)
5.0	4.0	0.8	(a,subpartof,b) <= (a,mutualproxyfor,h), (b,topmemberoforganization,a), (h,worksfor,a)
5.0	4.0	0.8	(a,hasofficeincity,b) <= (f,agentbelongstoorganization,j), (a,agentcollaborateswithagent,f), (j,hasofficeincity,b)
190.0	152.0	0.8	(a,teamplaysagainstteam,b) <= (e,agentcollaborateswithagent,j), (j,personbelongstoorganization,a), (e,teamplaysagainstteam,b)
5.0	4.0	0.8	(a,teamplaysagainstteam,b) <= (b,agentcompeteswithagent,f), (f,teamalsoknownas,b), (a,teamplaysagainstteam,f)
5.0	4.0	0.8	(a,hotelincity,b) <= (a,hotelincity,f), (f,mutualproxyfor,j), (j,worksfor,b)
30.0	24.0	0.8	(a,museumincity,b) <= (f,atlocation,j), (a,museumincity,j), (b,proxyfor,f)
10.0	8.0	0.8	(a,statelocatedingeopoliticallocation,b) <= (i,citylocatedinstate,a), (i,mutualproxyfor,e), (e,statelocatedingeopoliticallocation,b)
5.0	4.0	0.8	(a,bankbankincountry,b) <= (a,bankbankincountry,f), (j,citylocatedincountry,b), (f,mutualproxyfor,j)
5.0	4.0	0.8	(a,personleadsorganization,b) <= (b,mutualproxyfor,a), (a,proxyfor,h), (a,worksfor,h)
10.0	8.0	0.8	(a,countrylocatedingeopoliticallocation,b) <= (e,countrylocatedingeopoliticallocation,b), (i,personhasresidenceingeopoliticallocation,a), (i,personleadsorganization,e)
5.0	4.0	0.8	(a,organizationhiredperson,b) <= (h,citylocatedinstate,a), (a,mutualproxyfor,h), (b,personbelongstoorganization,a)
5.0	4.0	0.8	(a,agentcollaborateswithagent,b) <= (a,agentcontrols,f), (f,ceoof,j), (j,organizationhiredperson,b)
5.0	4.0	0.8	(a,agentcollaborateswithagent,b) <= (a,agentcollaborateswithagent,h), (h,proxyfor,a), (b,subpartof,a)
10.0	8.0	0.8	(a,agentcollaborateswithagent,b) <= (a,agentcollaborateswithagent,f), (i,agentcontrols,f), (i,mutualproxyfor,b)
5.0	4.0	0.8	(a,agentcollaborateswithagent,b) <= (a,agentcollaborateswithagent,f), (f,coachesteam,j), (j,organizationhiredperson,b)
5.0	4.0	0.8	(a,companyalsoknownas,b) <= (i,ceoof,f), (a,companyalsoknownas,f), (i,topmemberoforganization,b)
5.0	4.0	0.8	(a,worksfor,b) <= (i,athleteledsportsteam,b), (i,subpartof,f), (a,worksfor,f)
5.0	4.0	0.8	(a,agentcontrols,b) <= (a,agentcollaborateswithagent,b), (b,ceoof,h), (h,organizationhiredperson,b)
35.0	28.0	0.8	(a,agentcollaborateswithagent,b) <= (h,agentcollaborateswithagent,b), (b,personleadsorganization,a), (b,worksfor,h)
5.0	4.0	0.8	(a,arthropodcalledarthropod,b) <= (a,animalsuchasinsect,b), (b,animalsuchasinvertebrate,a), (b,arthropodcalledarthropod,a)
10.0	8.0	0.8	(a,mutualproxyfor,b) <= (e,mutualproxyfor,b), (i,topmemberoforganization,e), (i,worksfor,a)
5.0	4.0	0.8	(a,agentcontrols,b) <= (a,agentcollaborateswithagent,b), (g,agentcontrols,b), (g,subpartof,b)
5.0	4.0	0.8	(a,arthropodcalledarthropod,b) <= (b,animalsuchasinsect,a), (a,animalsuchasinvertebrate,b), (b,arthropodcalledarthropod,a)
5.0	4.0	0.8	(a,mutualproxyfor,b) <= (i,citylocatedincountry,e), (e,mutualproxyfor,b), (i,proxyfor,a)
5.0	4.0	0.8	(a,organizationhiredperson,b) <= (f,organizationhiredperson,j), (j,proxyfor,a), (b,worksfor,f)
5.0	4.0	0.8	(a,topmemberoforganization,b) <= (b,subpartof,a), (g,topmemberoforganization,b), (g,worksfor,b)
5.0	4.0	0.8	(a,statelocatedingeopoliticallocation,b) <= (a,statelocatedingeopoliticallocation,i), (b,stateorprovinceisborderedbystateorprovince,f), (i,subpartof,f)
5.0	4.0	0.8	(a,organizationalsoknownas,b) <= (j,companyalsoknownas,f), (b,organizationalsoknownas,f), (a,organizationalsoknownas,j)
5.0	4.0	0.8	(a,proxyfor,b) <= (i,athleteplaysforteam,e), (i,personbelongstoorganization,a), (e,proxyfor,b)
5.0	4.0	0.8	(a,organizationhiredperson,b) <= (a,mutualproxyfor,b), (g,topmemberoforganization,a), (g,worksfor,a)
10.0	8.0	0.8	(a,organizationheadquarteredincity,b) <= (g,headquarteredin,b), (a,radiostationincity,b), (g,televisionstationincity,b)
95.0	76.0	0.8	(a,coachesinleague,b) <= (f,agentbelongstoorganization,j), (b,agentcontrols,f), (a,coachesinleague,j)
5.0	4.0	0.8	(a,topmemberoforganization,b) <= (b,subpartof,a), (a,topmemberoforganization,h), (a,worksfor,h)
15.0	12.0	0.8	(a,personleadsorganization,b) <= (b,mutualproxyfor,f), (f,personleadsorganization,j), (j,subpartof,a)
5.0	4.0	0.8	(a,worksfor,b) <= (b,subpartof,f), (a,topmemberoforganization,j), (f,worksfor,j)
5.0	4.0	0.8	(a,automobilemakerdealersincountry,b) <= (g,automobilemakerdealersincountry,b), (g,competeswith,a), (a,hasofficeincountry,b)
5.0	4.0	0.8	(a,ceoof,b) <= (i,ceoof,b), (a,proxyfor,f), (i,worksfor,f)
5.0	4.0	0.8	(a,personbelongstoorganization,b) <= (b,agentcollaborateswithagent,a), (g,personbelongstoorganization,b), (g,subpartof,b)
5.0	4.0	0.8	(a,proxyfor,b) <= (i,personleadsgeopoliticalorganization,a), (e,proxyfor,b), (i,worksfor,e)
15.0	12.0	0.8	(a,proxyfor,b) <= (i,buildinglocatedincity,a), (e,proxyfor,b), (i,subpartof,e)
20.0	16.0	0.8	(a,mutualproxyfor,b) <= (b,ceoof,a), (g,mutualproxyfor,b), (g,subpartof,b)
10.0	8.0	0.8	(a,countryalsoknownas,b) <= (i,citycapitalofcountry,a), (e,countryalsoknownas,b), (i,locationlocatedwithinlocation,e)
5.0	4.0	0.8	(a,worksfor,b) <= (b,subpartof,a), (a,topmemberoforganization,h), (a,worksfor,h)
10.0	8.0	0.8	(a,proxyfor,b) <= (i,attractionofcity,a), (e,proxyfor,b), (i,subpartof,e)
5.0	4.0	0.8	(a,agentactsinlocation,b) <= (j,agentactsinlocation,b), (a,mutualproxyfor,f), (f,topmemberoforganization,j)
5.0	4.0	0.8	(a,arthropodcalledarthropod,b) <= (b,agentcompeteswithagent,a), (h,arthropodcalledarthropod,b), (b,arthropodcalledarthropod,h)
5.0	4.0	0.8	(a,organizationalsoknownas,b) <= (a,companyalsoknownas,b), (h,organizationalsoknownas,a), (a,organizationalsoknownas,h)
35.0	28.0	0.8	(a,acquired,b) <= (j,acquired,b), (a,acquired,f), (f,subpartoforganization,j)
10.0	8.0	0.8	(a,ceoof,b) <= (i,agentcontrols,f), (i,ceoof,b), (a,proxyfor,f)
5.0	4.0	0.8	(a,countryalsoknownas,b) <= (a,countrylocatedingeopoliticallocation,f), (i,locationlocatedwithinlocation,f), (i,organizationalsoknownas,b)
5.0	4.0	0.8	(a,locationlocatedwithinlocation,b) <= (g,citycapitalofcountry,b), (g,locationlocatedwithinlocation,b), (a,proxyfor,b)
10.0	8.0	0.8	(a,mutualproxyfor,b) <= (h,mutualproxyfor,b), (b,topmemberoforganization,h), (b,worksfor,a)
5.0	4.0	0.8	(a,arthropodcalledarthropod,b) <= (a,animalsuchasinsect,h), (h,arthropodandotherarthropod,b), (b,arthropodcalledarthropod,a)
5.0	4.0	0.8	(a,arthropodcalledarthropod,b) <= (a,agentcompeteswithagent,h), (b,arthropodcalledarthropod,a), (a,arthropodcalledarthropod,h)
5.0	4.0	0.8	(a,coachesinleague,b) <= (i,coachesinleague,b), (a,coachesteam,f), (i,worksfor,f)
5.0	4.0	0.8	(a,countrycurrency,b) <= (i,agentactsinlocation,e), (i,bankbankincountry,a), (e,countrycurrency,b)
5.0	4.0	0.8	(a,countrycurrency,b) <= (e,countrycurrency,b), (i,locationlocatedwithinlocation,a), (i,subpartof,e)
15.0	12.0	0.8	(a,arthropodandotherarthropod,b) <= (i,agentcompeteswithagent,a), (e,arthropodandotherarthropod,b), (i,arthropodcalledarthropod,e)
5.0	4.0	0.8	(a,companyalsoknownas,b) <= (b,companyalsoknownas,a), (g,companyalsoknownas,b), (g,organizationalsoknownas,b)
5.0	4.0	0.8	(a,worksfor,b) <= (f,organizationhiredperson,j), (j,proxyfor,b), (a,worksfor,f)
5.0	4.0	0.8	(a,countrycurrency,b) <= (e,countrycurrency,b), (i,proxyfor,e), (i,subpartof,a)
5.0	4.0	0.8	(a,organizationheadquarteredincity,b) <= (h,ceoof,a), (a,headquarteredin,b), (a,mutualproxyfor,h)
20.0	16.0	0.8	(a,companyalsoknownas,b) <= (f,ceoof,j), (j,companyalsoknownas,b), (a,organizationterminatedperson,f)
5.0	4.0	0.8	(a,organizationalsoknownas,b) <= (g,companyalsoknownas,b), (g,organizationalsoknownas,b), (a,synonymfor,b)
5.0	4.0	0.8	(a,organizationalsoknownas,b) <= (f,companyalsoknownas,j), (b,organizationalsoknownas,f), (a,organizationalsoknownas,j)
5.0	4.0	0.8	(a,animalsuchasinsect,b) <= (a,animalistypeofanimal,b), (b,animalsuchasinvertebrate,h), (h,animalthatfeedoninsect,b)
5.0	4.0	0.8	(a,locationlocatedwithinlocation,b) <= (e,locationlocatedwithinlocation,b), (e,organizationhiredperson,j), (j,personhasresidenceingeopoliticallocation,a)
5.0	4.0	0.8	(a,locationlocatedwithinlocation,b) <= (a,citylocatedingeopoliticallocation,b), (g,countryalsoknownas,b), (g,countrylocatedingeopoliticallocation,b)
5.0	4.0	0.8	(a,worksfor,b) <= (i,athleteplaysforteam,b), (i,subpartof,f), (a,worksfor,f)
5.0	4.0	0.8	(a,worksfor,b) <= (f,agentcollaborateswithagent,j), (j,athleteplaysforteam,b), (a,worksfor,f)
1116.0	892.0	0.799283154	(a,athleteplaysinleague,b) <= (f,agentbelongstoorganization,j), (b,agentcontrols,f), (a,athleteplaysinleague,j)
204.0	163.0	0.799019608	(a,atlocation,b) <= (a,atlocation,j), (b,organizationterminatedperson,f), (f,worksfor,j)
109.0	87.0	0.798165138	(a,personbelongstoorganization,b) <= (i,athleteledsportsteam,b), (i,athleteplaysforteam,f), (a,personbelongstoorganization,f)
104.0	83.0	0.798076923	(a,agentbelongstoorganization,b) <= (a,agentcollaborateswithagent,b), (a,agentcollaborateswithagent,h), (a,subpartof,h)
183.0	146.0	0.797814208	(a,producesproduct,b) <= (f,ceoof,j), (a,organizationterminatedperson,f), (j,producesproduct,b)
64.0	51.0	0.796875	(a,agentcompeteswithagent,b) <= (f,agentcollaborateswithagent,j), (j,agentcompeteswithagent,b), (a,agentcontrols,f)
59.0	47.0	0.796610169	(a,worksfor,b) <= (i,coachesteam,f), (i,worksfor,b), (a,worksfor,f)
49.0	39.0	0.795918367	(a,animalpreyson,b) <= (f,agentcompeteswithagent,j), (a,animalpreyson,j), (b,arthropodcalledarthropod,f)
49.0	39.0	0.795918367	(a,proxyfor,b) <= (a,locationlocatedwithinlocation,h), (a,proxyfor,h), (a,subpartof,b)
44.0	35.0	0.795454545	(a,personleadsorganization,b) <= (b,mutualproxyfor,h), (h,personleadsorganization,b), (a,worksfor,b)
44.0	35.0	0.795454545	(a,mutualproxyfor,b) <= (a,mutualproxyfor,h), (h,personleadsorganization,a), (b,worksfor,a)
39.0	31.0	0.794871795	(a,arthropodandotherarthropod,b) <= (j,agentcompeteswithagent,b), (a,arthropodandotherarthropod,f), (f,arthropodcalledarthropod,j)
39.0	31.0	0.794871795	(a,athleteledsportsteam,b) <= (a,athleteledsportsteam,f), (i,coachesteam,b), (i,worksfor,f)
39.0	31.0	0.794871795	(a,organizationterminatedperson,b) <= (h,ceoof,a), (a,organizationhiredperson,b), (a,organizationterminatedperson,h)
302.0	240.0	0.794701987	(a,mutualproxyfor,b) <= (f,citylocatedinstate,j), (j,mutualproxyfor,b), (a,mutualproxyfor,f)
73.0	58.0	0.794520548	(a,atlocation,b) <= (f,agentcompeteswithagent,j), (a,atlocation,f), (j,organizationheadquarteredincity,b)
34.0	27.0	0.794117647	(a,personleadsorganization,b) <= (i,mutualproxyfor,e), (i,organizationterminatedperson,a), (e,personleadsorganization,b)
136.0	108.0	0.794117647	(a,leaguestadiums,b) <= (f,agentbelongstoorganization,j), (a,agentcontrols,f), (j,leaguestadiums,b)
34.0	27.0	0.794117647	(a,organizationterminatedperson,b) <= (h,ceoof,a), (a,mutualproxyfor,b), (a,organizationterminatedperson,h)
34.0	27.0	0.794117647	(a,ceoof,b) <= (a,ceoof,h), (h,mutualproxyfor,a), (b,organizationterminatedperson,a)
34.0	27.0	0.794117647	(a,organizationheadquarteredincity,b) <= (j,locationlocatedwithinlocation,b), (f,mutualproxyfor,j), (a,organizationheadquarteredincity,f)
34.0	27.0	0.794117647	(a,organizationterminatedperson,b) <= (b,ceoof,a), (g,mutualproxyfor,b), (g,organizationterminatedperson,b)
34.0	27.0	0.794117647	(a,ceoof,b) <= (h,ceoof,b), (b,mutualproxyfor,a), (b,organizationterminatedperson,h)
213.0	169.0	0.79342723	(a,agentcollaborateswithagent,b) <= (a,agentcollaborateswithagent,f), (i,personleadsorganization,f), (i,worksfor,b)
29.0	23.0	0.793103448	(a,teamplaysinleague,b) <= (j,athleteplaysinleague,b), (f,organizationhiredperson,j), (a,teamplaysagainstteam,f)
29.0	23.0	0.793103448	(a,organizationterminatedperson,b) <= (e,mutualproxyfor,j), (e,organizationterminatedperson,b), (j,topmemberoforganization,a)
29.0	23.0	0.793103448	(a,worksfor,b) <= (j,mutualproxyfor,f), (b,organizationhiredperson,f), (a,worksfor,j)
29.0	23.0	0.793103448	(a,personleadsorganization,b) <= (a,agentcontrols,f), (i,personleadsorganization,b), (i,proxyfor,f)
53.0	42.0	0.79245283	(a,museumincity,b) <= (i,airportincity,b), (i,buildinglocatedincity,f), (a,museumincity,f)
77.0	61.0	0.792207792	(a,agentactsinlocation,b) <= (a,agentactsinlocation,f), (i,airportincity,b), (i,buildinglocatedincity,f)
24.0	19.0	0.791666667	(a,topmemberoforganization,b) <= (f,agentcollaborateswithagent,j), (j,topmemberoforganization,b), (a,topmemberoforganization,f)
72.0	57.0	0.791666667	(a,atlocation,b) <= (f,agentcompeteswithagent,j), (a,atlocation,f), (j,headquarteredin,b)
24.0	19.0	0.791666667	(a,organizationhiredperson,b) <= (b,ceoof,f), (a,organizationhiredperson,j), (j,topmemberoforganization,f)
24.0	19.0	0.791666667	(a,atdate,b) <= (j,atdate,b), (e,statelocatedingeopoliticallocation,a), (e,subpartof,j)
24.0	19.0	0.791666667	(a,mutualproxyfor,b) <= (f,agentcollaborateswithagent,j), (a,mutualproxyfor,j), (b,personbelongstoorganization,f)
24.0	19.0	0.791666667	(a,organizationhiredperson,b) <= (j,ceoof,f), (a,organizationhiredperson,j), (b,topmemberoforganization,f)
24.0	19.0	0.791666667	(a,teamplaysagainstteam,b) <= (g,athleteplaysforteam,b), (g,coachesteam,b), (b,teamplaysagainstteam,a)
91.0	72.0	0.791208791	(a,topmemberoforganization,b) <= (b,organizationhiredperson,f), (a,topmemberoforganization,j), (f,topmemberoforganization,j)
1536.0	1215.0	0.791015625	(a,teamplaysagainstteam,b) <= (i,athleteledsportsteam,e), (i,athleteplaysforteam,a), (e,teamplaysagainstteam,b)
43.0	34.0	0.790697674	(a,ceoof,b) <= (e,ceoof,b), (i,mutualproxyfor,e), (i,organizationterminatedperson,a)
62.0	49.0	0.790322581	(a,bankbankincountry,b) <= (a,bankbankincountry,f), (i,hasofficeincountry,b), (i,organizationheadquarteredincountry,f)
784.0	619.0	0.789540816	(a,agentcontrols,b) <= (f,agentcollaborateswithagent,j), (j,agentcontrols,b), (a,agentcontrols,f)
114.0	90.0	0.789473684	(a,producesproduct,b) <= (i,agentcreated,f), (a,agentinvolvedwithitem,f), (i,producesproduct,b)
19.0	15.0	0.789473684	(a,subpartof,b) <= (b,ceoof,f), (a,mutualproxyfor,j), (f,subpartof,j)
171.0	135.0	0.789473684	(a,agentbelongstoorganization,b) <= (g,agentbelongstoorganization,b), (b,agentcontrols,a), (g,subpartof,b)
19.0	15.0	0.789473684	(a,organizationhiredperson,b) <= (j,mutualproxyfor,b), (a,organizationhiredperson,f), (f,topmemberoforganization,j)
19.0	15.0	0.789473684	(a,subpartof,b) <= (a,organizationhiredperson,b), (h,personleadsorganization,a), (a,subpartof,h)
19.0	15.0	0.789473684	(a,companyeconomicsector,b) <= (j,companyeconomicsector,b), (a,organizationhiredperson,f), (f,personleadsorganization,j)
19.0	15.0	0.789473684	(a,topmemberoforganization,b) <= (a,ceoof,f), (f,organizationhiredperson,j), (j,topmemberoforganization,b)
19.0	15.0	0.789473684	(a,organizationheadquarteredincity,b) <= (j,ceoof,a), (e,organizationheadquarteredincity,b), (e,organizationterminatedperson,j)
19.0	15.0	0.789473684	(a,hotelincity,b) <= (a,hotelincity,f), (i,locationlocatedwithinlocation,f), (i,subpartof,b)
19.0	15.0	0.789473684	(a,topmemberoforganization,b) <= (a,agentcontrols,f), (i,proxyfor,f), (i,topmemberoforganization,b)
38.0	30.0	0.789473684	(a,organizationhiredperson,b) <= (b,ceoof,a), (a,organizationhiredperson,h), (a,organizationterminatedperson,h)
19.0	15.0	0.789473684	(a,personbelongstoorganization,b) <= (i,citylocatedingeopoliticallocation,b), (a,personbelongstoorganization,f), (i,subpartof,f)
19.0	15.0	0.789473684	(a,stadiumlocatedincity,b) <= (f,attractionofcity,j), (b,proxyfor,f), (a,stadiumlocatedincity,j)
19.0	15.0	0.789473684	(a,agriculturalproducttoattractinsect,b) <= (j,agentcompeteswithagent,b), (a,agriculturalproducttoattractinsect,f), (f,animalsuchasinvertebrate,j)
71.0	56.0	0.788732394	(a,atdate,b) <= (e,atdate,b), (i,headquarteredin,e), (i,organizationheadquarteredincity,a)
71.0	56.0	0.788732394	(a,atlocation,b) <= (a,atlocation,f), (i,organizationheadquarteredincity,f), (i,televisionstationincity,b)
33.0	26.0	0.787878788	(a,agentcompeteswithagent,b) <= (f,agentcollaborateswithagent,j), (a,agentcompeteswithagent,f), (j,personleadsorganization,b)
197.0	155.0	0.78680203	(a,agentbelongstoorganization,b) <= (g,agentcollaborateswithagent,b), (a,subpartof,b), (g,subpartof,b)
14.0	11.0	0.785714286	(a,organizationhiredperson,b) <= (i,citylocatedinstate,a), (i,citylocatedinstate,e), (e,organizationterminatedperson,b)
28.0	22.0	0.785714286	(a,organizationterminatedperson,b) <= (g,mutualproxyfor,b), (g,organizationterminatedperson,b), (b,topmemberoforganization,a)
28.0	22.0	0.785714286	(a,organizationterminatedperson,b) <= (a,mutualproxyfor,f), (i,organizationterminatedperson,f), (i,subpartof,b)
14.0	11.0	0.785714286	(a,worksfor,b) <= (a,ceoof,h), (b,organizationterminatedperson,a), (a,worksfor,h)
14.0	11.0	0.785714286	(a,mutualproxyfor,b) <= (a,agentcollaborateswithagent,b), (a,mutualproxyfor,h), (h,personleadsorganization,a)
56.0	44.0	0.785714286	(a,topmemberoforganization,b) <= (b,organizationhiredperson,a), (b,organizationterminatedperson,h), (h,topmemberoforganization,b)
28.0	22.0	0.785714286	(a,animalpreyson,b) <= (a,animalpreyson,j), (b,arthropodandotherarthropod,f), (f,specializationof,j)
14.0	11.0	0.785714286	(a,worksfor,b) <= (e,ceoof,j), (j,mutualproxyfor,a), (e,worksfor,b)
154.0	121.0	0.785714286	(a,agentinvolvedwithitem,b) <= (e,agentcollaborateswithagent,j), (e,agentinvolvedwithitem,b), (j,personleadsorganization,a)
14.0	11.0	0.785714286	(a,organizationhiredperson,b) <= (i,mountaininstate,a), (i,mountaininstate,e), (e,organizationterminatedperson,b)
28.0	22.0	0.785714286	(a,worksfor,b) <= (i,athleteledsportsteam,f), (i,personbelongstoorganization,b), (a,worksfor,f)
14.0	11.0	0.785714286	(a,countrylocatedingeopoliticallocation,b) <= (g,countryalsoknownas,a), (g,countrylocatedingeopoliticallocation,b), (a,locationlocatedwithinlocation,b)
14.0	11.0	0.785714286	(a,organizationhiredperson,b) <= (g,citylocatedinstate,a), (a,organizationterminatedperson,b), (g,proxyfor,a)
14.0	11.0	0.785714286	(a,worksfor,b) <= (b,mutualproxyfor,h), (b,subpartof,a), (h,worksfor,b)
14.0	11.0	0.785714286	(a,organizationhiredperson,b) <= (e,organizationterminatedperson,b), (e,subpartof,j), (j,worksfor,a)
14.0	11.0	0.785714286	(a,worksfor,b) <= (f,organizationhiredperson,j), (j,topmemberoforganization,b), (a,worksfor,f)
14.0	11.0	0.785714286	(a,agentcollaborateswithagent,b) <= (i,agentcollaborateswithagent,b), (a,organizationhiredperson,f), (i,organizationterminatedperson,f)
14.0	11.0	0.785714286	(a,headquarteredin,b) <= (i,headquarteredin,b), (i,organizationhiredperson,f), (a,organizationterminatedperson,f)
14.0	11.0	0.785714286	(a,organizationterminatedperson,b) <= (a,organizationhiredperson,h), (a,subpartof,h), (b,worksfor,a)
14.0	11.0	0.785714286	(a,hasofficeincountry,b) <= (i,hasofficeincountry,b), (a,organizationhiredperson,f), (i,organizationterminatedperson,f)
14.0	11.0	0.785714286	(a,mutualproxyfor,b) <= (a,mutualproxyfor,h), (a,subpartof,b), (h,worksfor,a)
14.0	11.0	0.785714286	(a,worksfor,b) <= (j,organizationhiredperson,a), (e,topmemberoforganization,j), (e,worksfor,b)
14.0	11.0	0.785714286	(a,mutualproxyfor,b) <= (i,ceoof,e), (e,mutualproxyfor,b), (i,worksfor,a)
14.0	11.0	0.785714286	(a,agentcompeteswithagent,b) <= (b,agentcompeteswithagent,a), (g,agentcompeteswithagent,b), (g,animalistypeofanimal,b)
28.0	22.0	0.785714286	(a,sportschoolincountry,b) <= (i,citylocatedingeopoliticallocation,b), (i,proxyfor,f), (a,sportschoolincountry,f)
14.0	11.0	0.785714286	(a,cityalsoknownas,b) <= (e,cityalsoknownas,b), (i,headquarteredin,e), (i,organizationheadquarteredincity,a)
14.0	11.0	0.785714286	(a,organizationterminatedperson,b) <= (a,organizationhiredperson,b), (a,subpartof,h), (h,worksfor,a)
14.0	11.0	0.785714286	(a,ceoof,b) <= (a,ceoof,j), (b,organizationhiredperson,f), (f,personleadsorganization,j)
14.0	11.0	0.785714286	(a,subpartof,b) <= (a,mutualproxyfor,j), (b,personleadsorganization,f), (f,subpartof,j)
14.0	11.0	0.785714286	(a,subpartof,b) <= (a,agentcontrols,h), (a,proxyfor,b), (a,subpartof,h)
28.0	22.0	0.785714286	(a,topmemberoforganization,b) <= (h,mutualproxyfor,a), (b,organizationterminatedperson,a), (a,topmemberoforganization,h)
14.0	11.0	0.785714286	(a,subpartof,b) <= (a,agentbelongstoorganization,f), (b,agentcompeteswithagent,f), (a,subpartof,f)
14.0	11.0	0.785714286	(a,agentcompeteswithagent,b) <= (a,agentcompeteswithagent,f), (i,athleteledsportsteam,b), (i,athleteplaysforteam,f)
14.0	11.0	0.785714286	(a,countrylocatedingeopoliticallocation,b) <= (j,citylocatedincountry,a), (e,countrylocatedingeopoliticallocation,b), (e,mutualproxyfor,j)
28.0	22.0	0.785714286	(a,mutualproxyfor,b) <= (a,mutualproxyfor,h), (a,organizationterminatedperson,h), (b,worksfor,a)
14.0	11.0	0.785714286	(a,personleadsorganization,b) <= (b,agentcollaborateswithagent,a), (b,mutualproxyfor,h), (h,personleadsorganization,b)
14.0	11.0	0.785714286	(a,worksfor,b) <= (a,personleadsorganization,b), (a,proxyfor,h), (a,worksfor,h)
191.0	150.0	0.785340314	(a,organizationterminatedperson,b) <= (e,organizationterminatedperson,b), (e,organizationterminatedperson,j), (j,topmemberoforganization,a)
121.0	95.0	0.785123967	(a,agentbelongstoorganization,b) <= (b,agentcontrols,a), (a,subpartof,b)
121.0	95.0	0.785123967	(a,agentbelongstoorganization,b) <= (h,agentcontrols,a), (a,subpartof,b), (a,subpartof,h)
65.0	51.0	0.784615385	(a,organizationhiredperson,b) <= (a,organizationhiredperson,j), (f,organizationterminatedperson,j), (b,topmemberoforganization,f)
65.0	51.0	0.784615385	(a,agentcompeteswithagent,b) <= (e,agentcompeteswithagent,b), (i,agentcompeteswithagent,e), (i,teamalsoknownas,a)
37.0	29.0	0.783783784	(a,mutualproxyfor,b) <= (b,ceoof,f), (a,mutualproxyfor,j), (f,organizationhiredperson,j)
37.0	29.0	0.783783784	(a,personleadsorganization,b) <= (a,personleadsorganization,j), (f,personleadsorganization,j), (b,subpartof,f)
74.0	58.0	0.783783784	(a,proxyfor,b) <= (i,headquarteredin,e), (i,organizationheadquarteredincity,a), (e,proxyfor,b)
37.0	29.0	0.783783784	(a,organizationhiredperson,b) <= (h,organizationhiredperson,b), (a,organizationterminatedperson,b), (b,personleadsorganization,h)
1085.0	850.0	0.783410138	(a,agentcreated,b) <= (a,agentcontributedtocreativework,f), (i,agentcreated,b), (i,agentcreated,f)
60.0	47.0	0.783333333	(a,organizationterminatedperson,b) <= (j,organizationhiredperson,b), (a,organizationterminatedperson,f), (f,topmemberoforganization,j)
198.0	155.0	0.782828283	(a,agentbelongstoorganization,b) <= (g,agentbelongstoorganization,b), (g,agentcollaborateswithagent,b), (a,subpartof,b)
198.0	155.0	0.782828283	(a,agentbelongstoorganization,b) <= (i,agentbelongstoorganization,b), (i,agentcollaborateswithagent,f), (a,subpartof,f)
23.0	18.0	0.782608696	(a,worksfor,b) <= (h,mutualproxyfor,a), (b,organizationhiredperson,a), (a,worksfor,h)
46.0	36.0	0.782608696	(a,arthropodcalledarthropod,b) <= (i,animalthatfeedoninsect,e), (e,arthropodcalledarthropod,b), (i,specializationof,a)
23.0	18.0	0.782608696	(a,proxyfor,b) <= (i,personhasresidenceingeopoliticallocation,e), (e,proxyfor,b), (i,worksfor,a)
23.0	18.0	0.782608696	(a,organizationterminatedperson,b) <= (g,mutualproxyfor,b), (g,subpartof,b), (b,topmemberoforganization,a)
23.0	18.0	0.782608696	(a,subpartof,b) <= (e,subpartof,b), (e,subpartof,j), (j,worksfor,a)
23.0	18.0	0.782608696	(a,organizationhiredperson,b) <= (j,ceoof,a), (e,mutualproxyfor,b), (e,organizationhiredperson,j)
23.0	18.0	0.782608696	(a,subpartof,b) <= (i,personleadsorganization,e), (e,subpartof,b), (i,worksfor,a)
23.0	18.0	0.782608696	(a,mutualproxyfor,b) <= (h,mutualproxyfor,b), (a,organizationhiredperson,b), (b,worksfor,h)
23.0	18.0	0.782608696	(a,personbelongstoorganization,b) <= (j,citylocatedingeopoliticallocation,b), (f,mutualproxyfor,j), (a,personbelongstoorganization,f)
23.0	18.0	0.782608696	(a,teamplaysincity,b) <= (j,coachesteam,a), (e,organizationhiredperson,j), (e,teamplaysincity,b)
23.0	18.0	0.782608696	(a,organizationterminatedperson,b) <= (e,mutualproxyfor,b), (e,subpartof,j), (j,topmemberoforganization,a)
23.0	18.0	0.782608696	(a,subpartoforganization,b) <= (b,organizationhiredperson,f), (j,organizationterminatedperson,f), (a,subpartoforganization,j)
46.0	36.0	0.782608696	(a,organizationterminatedperson,b) <= (f,mutualproxyfor,j), (a,organizationterminatedperson,j), (b,personleadsorganization,f)
46.0	36.0	0.782608696	(a,worksfor,b) <= (i,personbelongstoorganization,b), (i,personleadsorganization,f), (a,worksfor,f)
46.0	36.0	0.782608696	(a,personleadsorganization,b) <= (j,mutualproxyfor,f), (b,organizationterminatedperson,f), (a,personleadsorganization,j)
46.0	36.0	0.782608696	(a,worksfor,b) <= (b,mutualproxyfor,a), (g,personleadsorganization,b), (g,worksfor,b)
46.0	36.0	0.782608696	(a,ceoof,b) <= (a,ceoof,j), (j,mutualproxyfor,f), (b,organizationterminatedperson,f)
46.0	36.0	0.782608696	(a,organizationterminatedperson,b) <= (f,ceoof,j), (j,organizationhiredperson,b), (a,organizationterminatedperson,f)
55.0	43.0	0.781818182	(a,personleadsorganization,b) <= (f,mutualproxyfor,j), (j,personleadsorganization,b), (a,worksfor,f)
32.0	25.0	0.78125	(a,organizationhiredperson,b) <= (i,mutualproxyfor,b), (i,organizationhiredperson,f), (a,subpartof,f)
32.0	25.0	0.78125	(a,personleadsorganization,b) <= (b,organizationhiredperson,a), (b,organizationterminatedperson,h), (h,personleadsorganization,b)
32.0	25.0	0.78125	(a,mutualproxyfor,b) <= (a,mutualproxyfor,j), (f,organizationhiredperson,j), (b,personleadsorganization,f)
64.0	50.0	0.78125	(a,agentinvolvedwithitem,b) <= (e,agentinvolvedwithitem,b), (e,organizationterminatedperson,j), (j,topmemberoforganization,a)
32.0	25.0	0.78125	(a,mutualproxyfor,b) <= (f,mutualproxyfor,j), (a,organizationterminatedperson,j), (b,topmemberoforganization,f)
41.0	32.0	0.780487805	(a,mutualproxyfor,b) <= (a,mutualproxyfor,j), (b,organizationterminatedperson,f), (f,personleadsorganization,j)
41.0	32.0	0.780487805	(a,agentparticipatedinevent,b) <= (e,agentparticipatedinevent,b), (i,athleteledsportsteam,e), (i,athleteplaysforteam,a)
91.0	71.0	0.78021978	(a,teamplaysagainstteam,b) <= (i,personbelongstoorganization,b), (i,subpartof,f), (a,teamplaysagainstteam,f)
1551.0	1209.0	0.779497099	(a,teamplaysagainstteam,b) <= (i,athleteledsportsteam,f), (i,athleteplaysforteam,b), (a,teamplaysagainstteam,f)
86.0	67.0	0.779069767	(a,locationlocatedwithinlocation,b) <= (a,locationlocatedwithinlocation,j), (b,organizationterminatedperson,f), (f,worksfor,j)
9.0	7.0	0.777777778	(a,worksfor,b) <= (g,organizationterminatedperson,a), (a,personleadsorganization,b), (g,subpartof,a)
36.0	28.0	0.777777778	(a,sportfansincountry,b) <= (i,citycapitalofcountry,b), (i,citylocatedincountry,f), (a,sportfansincountry,f)
9.0	7.0	0.777777778	(a,agentcollaborateswithagent,b) <= (a,agentcollaborateswithagent,f), (f,organizationterminatedperson,j), (j,personleadsorganization,b)
9.0	7.0	0.777777778	(a,hasofficeincity,b) <= (b,citylocatedincountry,h), (h,mutualproxyfor,b), (a,organizationheadquarteredincity,b)
9.0	7.0	0.777777778	(a,agentcollaborateswithagent,b) <= (a,agentcollaborateswithagent,f), (i,coachesinleague,b), (i,personbelongstoorganization,f)
18.0	14.0	0.777777778	(a,organizationalsoknownas,b) <= (i,companyalsoknownas,b), (a,organizationalsoknownas,f), (i,organizationalsoknownas,f)
9.0	7.0	0.777777778	(a,organizationhiredperson,b) <= (g,organizationterminatedperson,b), (b,personleadsorganization,a), (g,subpartof,b)
9.0	7.0	0.777777778	(a,agentbelongstoorganization,b) <= (a,agentcollaborateswithagent,f), (i,coachesinleague,b), (i,personbelongstoorganization,f)
18.0	14.0	0.777777778	(a,agentactsinlocation,b) <= (a,agentactsinlocation,f), (f,organizationhiredperson,j), (j,personhasresidenceingeopoliticallocation,b)
9.0	7.0	0.777777778	(a,proxyfor,b) <= (b,locationlocatedwithinlocation,f), (i,organizationheadquarteredincity,a), (i,radiostationincity,f)
9.0	7.0	0.777777778	(a,sportfansincountry,b) <= (b,organizationhiredperson,f), (a,sportfansincountry,j), (f,worksfor,j)
9.0	7.0	0.777777778	(a,proxyfor,b) <= (b,organizationhiredperson,a), (g,personleadsorganization,b), (g,proxyfor,b)
18.0	14.0	0.777777778	(a,organizationhiredperson,b) <= (h,agentcompeteswithagent,a), (a,subpartoforganization,h), (b,worksfor,a)
9.0	7.0	0.777777778	(a,agentparticipatedinevent,b) <= (e,agentparticipatedinevent,b), (i,athleteledsportsteam,a), (i,personbelongstoorganization,e)
9.0	7.0	0.777777778	(a,organizationhiredperson,b) <= (h,teamalsoknownas,a), (a,teamplaysagainstteam,h), (b,worksfor,a)
9.0	7.0	0.777777778	(a,proxyfor,b) <= (j,atdate,a), (b,locationlocatedwithinlocation,f), (f,specializationof,j)
18.0	14.0	0.777777778	(a,organizationhiredperson,b) <= (a,mutualproxyfor,h), (a,organizationhiredperson,h), (b,personleadsorganization,a)
9.0	7.0	0.777777778	(a,teamplaysagainstteam,b) <= (b,agentcompeteswithagent,f), (f,teamalsoknownas,b), (f,teamplaysagainstteam,a)
9.0	7.0	0.777777778	(a,subpartof,b) <= (a,agentcollaborateswithagent,b), (a,mutualproxyfor,h), (a,subpartof,h)
9.0	7.0	0.777777778	(a,countryalsoknownas,b) <= (b,countryalsoknownas,a), (b,countryalsoknownas,h), (h,countrylocatedingeopoliticallocation,b)
9.0	7.0	0.777777778	(a,hasofficeincountry,b) <= (a,organizationheadquarteredincountry,b), (a,organizationterminatedperson,h), (h,topmemberoforganization,a)
9.0	7.0	0.777777778	(a,personbelongstoorganization,b) <= (j,ceoof,b), (f,organizationterminatedperson,j), (a,personbelongstoorganization,f)
9.0	7.0	0.777777778	(a,countrylocatedingeopoliticallocation,b) <= (g,citycapitalofcountry,a), (g,citylocatedincountry,a), (a,locationlocatedwithinlocation,b)
9.0	7.0	0.777777778	(a,personbelongstoorganization,b) <= (f,organizationterminatedperson,j), (j,personbelongstoorganization,b), (a,personbelongstoorganization,f)
9.0	7.0	0.777777778	(a,organizationhiredperson,b) <= (i,lakeinstate,a), (i,lakeinstate,e), (e,organizationterminatedperson,b)
36.0	28.0	0.777777778	(a,proxyfor,b) <= (j,mutualproxyfor,a), (e,politicianrepresentslocation,j), (e,proxyfor,b)
27.0	21.0	0.777777778	(a,teamplaysinleague,b) <= (b,subpartoforganization,f), (f,teamplaysagainstteam,a), (a,teamplaysagainstteam,f)
27.0	21.0	0.777777778	(a,countrylocatedingeopoliticallocation,b) <= (e,countrylocatedingeopoliticallocation,b), (i,proxyfor,e), (i,subpartof,a)
9.0	7.0	0.777777778	(a,animalthatfeedoninsect,b) <= (a,animalistypeofanimal,h), (a,animalsuchasinsect,b), (a,animalthatfeedoninsect,h)
9.0	7.0	0.777777778	(a,animalpreyson,b) <= (b,animalistypeofanimal,a), (g,animalpreyson,b), (g,mammalsuchasmammal,b)
9.0	7.0	0.777777778	(a,proxyfor,b) <= (i,mutualproxyfor,f), (a,organizationhiredperson,f), (i,proxyfor,b)
9.0	7.0	0.777777778	(a,agriculturalproductcamefromcountry,b) <= (a,agriculturalproductcamefromcountry,f), (i,proxyfor,f), (i,subpartof,b)
9.0	7.0	0.777777778	(a,personbelongstoorganization,b) <= (i,musicianinmusicartist,b), (a,personbelongstoorganization,f), (i,personbelongstoorganization,f)
9.0	7.0	0.777777778	(a,organizationalsoknownas,b) <= (j,organizationalsoknownas,b), (a,organizationterminatedperson,f), (f,personleadsorganization,j)
9.0	7.0	0.777777778	(a,organizationhiredperson,b) <= (e,organizationhiredperson,b), (i,proxyfor,e), (i,worksfor,a)
9.0	7.0	0.777777778	(a,mutualproxyfor,b) <= (a,mutualproxyfor,f), (f,organizationhiredperson,j), (j,personhasresidenceingeopoliticallocation,b)
9.0	7.0	0.777777778	(a,countrylocatedingeopoliticallocation,b) <= (i,citycapitalofcountry,e), (i,citylocatedincountry,a), (e,locationlocatedwithinlocation,b)
9.0	7.0	0.777777778	(a,organizationalsoknownas,b) <= (j,organizationalsoknownas,b), (a,organizationhiredperson,f), (f,topmemberoforganization,j)
27.0	21.0	0.777777778	(a,hasofficeincity,b) <= (i,hasofficeincity,b), (a,mutualproxyfor,f), (i,organizationhiredperson,f)
9.0	7.0	0.777777778	(a,statelocatedingeopoliticallocation,b) <= (j,citylocatedinstate,b), (f,mutualproxyfor,j), (a,statelocatedingeopoliticallocation,f)
18.0	14.0	0.777777778	(a,cityliesonriver,b) <= (i,buildinglocatedincity,e), (e,cityliesonriver,b), (i,subpartof,a)
9.0	7.0	0.777777778	(a,headquarteredin,b) <= (f,attractionofcity,j), (a,headquarteredin,j), (b,proxyfor,f)
9.0	7.0	0.777777778	(a,agentactsinlocation,b) <= (i,agentactsinlocation,b), (i,agentcollaborateswithagent,f), (a,agentcontrols,f)
9.0	7.0	0.777777778	(a,arthropodcalledarthropod,b) <= (b,animalpreyson,h), (b,arthropodcalledarthropod,a), (a,arthropodcalledarthropod,h)
18.0	14.0	0.777777778	(a,mutualproxyfor,b) <= (j,ceoof,a), (f,mutualproxyfor,j), (b,topmemberoforganization,f)
36.0	28.0	0.777777778	(a,subpartof,b) <= (j,personleadsorganization,a), (e,subpartof,b), (e,subpartof,j)
18.0	14.0	0.777777778	(a,organizationhiredperson,b) <= (a,subpartof,b), (a,subpartof,h), (h,worksfor,a)
9.0	7.0	0.777777778	(a,organizationhiredperson,b) <= (i,agentcollaborateswithagent,b), (i,mutualproxyfor,f), (a,organizationhiredperson,f)
18.0	14.0	0.777777778	(a,topmemberoforganization,b) <= (b,mutualproxyfor,a), (b,organizationhiredperson,h), (h,topmemberoforganization,b)
18.0	14.0	0.777777778	(a,organizationhiredperson,b) <= (h,subpartof,b), (b,worksfor,a), (b,worksfor,h)
9.0	7.0	0.777777778	(a,organizationterminatedperson,b) <= (a,hasofficeincountry,h), (a,organizationheadquarteredincountry,h), (b,topmemberoforganization,a)
9.0	7.0	0.777777778	(a,organizationheadquarteredincountry,b) <= (i,organizationheadquarteredincountry,b), (i,organizationhiredperson,f), (a,organizationterminatedperson,f)
36.0	28.0	0.777777778	(a,proxyfor,b) <= (g,agentactsinlocation,b), (b,mutualproxyfor,a), (g,proxyfor,b)
36.0	28.0	0.777777778	(a,atlocation,b) <= (e,atlocation,b), (i,headquarteredin,e), (i,organizationheadquarteredincity,a)
18.0	14.0	0.777777778	(a,organizationhiredperson,b) <= (a,subpartof,h), (b,worksfor,a), (h,worksfor,a)
18.0	14.0	0.777777778	(a,organizationhiredperson,b) <= (f,subpartof,j), (j,worksfor,a), (b,worksfor,f)
36.0	28.0	0.777777778	(a,proxyfor,b) <= (h,agentactsinlocation,b), (b,mutualproxyfor,a), (b,proxyfor,h)
9.0	7.0	0.777777778	(a,mutualproxyfor,b) <= (a,agentcollaborateswithagent,b), (a,mutualproxyfor,h), (a,subpartof,h)
36.0	28.0	0.777777778	(a,proxyfor,b) <= (b,mutualproxyfor,a), (g,politicianrepresentslocation,b), (g,proxyfor,b)
54.0	42.0	0.777777778	(a,agentcontrols,b) <= (e,agentcontrols,b), (e,organizationterminatedperson,j), (j,personleadsorganization,a)
9.0	7.0	0.777777778	(a,hasofficeincountry,b) <= (e,organizationheadquarteredincountry,b), (e,organizationterminatedperson,j), (j,topmemberoforganization,a)
9.0	7.0	0.777777778	(a,cityliesonriver,b) <= (i,cityliesonriver,b), (a,mutualproxyfor,f), (i,organizationterminatedperson,f)
9.0	7.0	0.777777778	(a,animalpreyson,b) <= (g,animalistypeofanimal,b), (g,animalpreyson,b), (b,specializationof,a)
18.0	14.0	0.777777778	(a,atdate,b) <= (i,agentactsinlocation,f), (i,atdate,b), (a,subpartof,f)
9.0	7.0	0.777777778	(a,athleteplaysinleague,b) <= (a,athleteledsportsteam,f), (i,athleteledsportsteam,f), (i,coachesinleague,b)
9.0	7.0	0.777777778	(a,proxyfor,b) <= (b,locationlocatedwithinlocation,a), (g,organizationheadquarteredincity,a), (g,radiostationincity,a)
36.0	28.0	0.777777778	(a,proxyfor,b) <= (h,agentactsinlocation,b), (b,locationlocatedwithinlocation,h), (b,mutualproxyfor,a)
9.0	7.0	0.777777778	(a,organizationhiredperson,b) <= (a,organizationterminatedperson,b), (h,personleadsorganization,a), (a,subpartof,h)
9.0	7.0	0.777777778	(a,organizationhiredperson,b) <= (h,organizationhiredperson,b), (b,topmemberoforganization,h), (b,worksfor,a)
18.0	14.0	0.777777778	(a,organizationhiredperson,b) <= (a,subpartof,b), (b,worksfor,a)
36.0	28.0	0.777777778	(a,proxyfor,b) <= (h,atlocation,b), (b,atlocation,h), (b,mutualproxyfor,a)
36.0	28.0	0.777777778	(a,proxyfor,b) <= (h,agentactsinlocation,b), (b,atlocation,h), (b,mutualproxyfor,a)
9.0	7.0	0.777777778	(a,atdate,b) <= (e,atdate,b), (j,attractionofcity,a), (e,proxyfor,j)
18.0	14.0	0.777777778	(a,organizationhiredperson,b) <= (a,mutualproxyfor,b), (a,organizationhiredperson,h), (h,topmemberoforganization,a)
49.0	38.0	0.775510204	(a,ceoof,b) <= (a,ceoof,j), (b,organizationhiredperson,f), (j,organizationterminatedperson,f)
196.0	152.0	0.775510204	(a,atdate,b) <= (i,airportincity,a), (e,atdate,b), (i,buildinglocatedincity,e)
31.0	24.0	0.774193548	(a,ceoof,b) <= (a,ceoof,j), (j,mutualproxyfor,f), (b,organizationhiredperson,f)
62.0	48.0	0.774193548	(a,agentcontributedtocreativework,b) <= (j,agentcontributedtocreativework,b), (a,agentcreated,f), (f,bookwriter,j)
62.0	48.0	0.774193548	(a,athleteplaysforteam,b) <= (f,agentcollaborateswithagent,j), (j,athleteplaysforteam,b), (a,athleteplaysforteam,f)
31.0	24.0	0.774193548	(a,worksfor,b) <= (i,citylocatedingeopoliticallocation,b), (i,locationlocatedwithinlocation,f), (a,worksfor,f)
22.0	17.0	0.772727273	(a,agriculturalproducttoattractinsect,b) <= (a,agriculturalproducttoattractinsect,j), (b,arthropodandotherarthropod,f), (f,specializationof,j)
44.0	34.0	0.772727273	(a,topmemberoforganization,b) <= (j,subpartof,a), (e,topmemberoforganization,b), (e,topmemberoforganization,j)
44.0	34.0	0.772727273	(a,agentcompeteswithagent,b) <= (a,agentcompeteswithagent,f), (i,personleadsorganization,f), (i,worksfor,b)
22.0	17.0	0.772727273	(a,headquarteredin,b) <= (j,headquarteredin,b), (a,organizationterminatedperson,f), (f,topmemberoforganization,j)
22.0	17.0	0.772727273	(a,subpartof,b) <= (j,ceoof,a), (e,organizationterminatedperson,j), (e,subpartof,b)
22.0	17.0	0.772727273	(a,subpartof,b) <= (j,organizationhiredperson,b), (f,personleadsorganization,j), (a,subpartof,f)
22.0	17.0	0.772727273	(a,mutualproxyfor,b) <= (a,mutualproxyfor,h), (a,organizationhiredperson,h), (b,worksfor,a)
22.0	17.0	0.772727273	(a,sportsgamewinner,b) <= (j,coachesteam,b), (f,organizationhiredperson,j), (a,sportsgamewinner,f)
44.0	34.0	0.772727273	(a,animalthatfeedoninsect,b) <= (i,agentcompeteswithagent,e), (i,animalsuchasinvertebrate,a), (e,animalthatfeedoninsect,b)
22.0	17.0	0.772727273	(a,worksfor,b) <= (b,mutualproxyfor,h), (b,organizationhiredperson,a), (h,worksfor,b)
22.0	17.0	0.772727273	(a,animalsuchasinsect,b) <= (j,animalsuchasinsect,b), (a,arthropodandotherarthropod,f), (f,specializationof,j)
22.0	17.0	0.772727273	(a,mutualproxyfor,b) <= (a,mutualproxyfor,h), (a,organizationhiredperson,b), (h,worksfor,a)
22.0	17.0	0.772727273	(a,subpartof,b) <= (f,organizationterminatedperson,j), (a,subpartof,j), (b,worksfor,f)
22.0	17.0	0.772727273	(a,agentbelongstoorganization,b) <= (a,agentbelongstoorganization,j), (b,agentcollaborateswithagent,f), (f,personleadsorganization,j)
22.0	17.0	0.772727273	(a,ceoof,b) <= (e,ceoof,b), (i,organizationterminatedperson,e), (i,subpartof,a)
189.0	146.0	0.772486772	(a,teamwontrophy,b) <= (i,athleteledsportsteam,e), (i,athleteplaysforteam,a), (e,teamwontrophy,b)
35.0	27.0	0.771428571	(a,organizationheadquarteredincity,b) <= (i,locationlocatedwithinlocation,f), (a,organizationheadquarteredincity,f), (i,subpartof,b)
61.0	47.0	0.770491803	(a,personleadsorganization,b) <= (b,organizationterminatedperson,a), (g,personleadsorganization,b), (g,worksfor,b)
52.0	40.0	0.769230769	(a,worksfor,b) <= (b,agentcollaborateswithagent,f), (f,topmemberoforganization,j), (a,worksfor,j)
13.0	10.0	0.769230769	(a,agentcontrols,b) <= (b,agentcollaborateswithagent,a), (b,agentcollaborateswithagent,h), (h,agentcompeteswithagent,a)
13.0	10.0	0.769230769	(a,arthropodandotherarthropod,b) <= (e,animalistypeofanimal,j), (e,arthropodandotherarthropod,b), (j,specializationof,a)
39.0	30.0	0.769230769	(a,ceoof,b) <= (h,ceoof,b), (b,organizationhiredperson,a), (b,organizationterminatedperson,h)
13.0	10.0	0.769230769	(a,agentcollaborateswithagent,b) <= (a,agentcollaborateswithagent,j), (j,personleadsgeopoliticalorganization,f), (b,personleadsorganization,f)
13.0	10.0	0.769230769	(a,organizationterminatedperson,b) <= (a,mutualproxyfor,b), (h,subpartof,b), (b,topmemberoforganization,h)
13.0	10.0	0.769230769	(a,organizationhiredperson,b) <= (e,organizationhiredperson,b), (i,personleadsorganization,a), (i,proxyfor,e)
13.0	10.0	0.769230769	(a,agentcontrols,b) <= (b,agentcollaborateswithagent,a), (b,agentcollaborateswithagent,h), (a,agentcompeteswithagent,h)
13.0	10.0	0.769230769	(a,teamplaysincity,b) <= (i,coachesteam,a), (e,teamplaysincity,b), (i,worksfor,e)
26.0	20.0	0.769230769	(a,personleadsorganization,b) <= (j,agentcollaborateswithagent,b), (f,agentcontrols,j), (a,personleadsorganization,f)
13.0	10.0	0.769230769	(a,organizationalsoknownas,b) <= (j,organizationalsoknownas,b), (a,organizationterminatedperson,f), (f,topmemberoforganization,j)
13.0	10.0	0.769230769	(a,agentcollaborateswithagent,b) <= (a,agentbelongstoorganization,h), (b,agentcollaborateswithagent,a), (a,agentcollaborateswithagent,h)
52.0	40.0	0.769230769	(a,personbelongstoorganization,b) <= (i,personbelongstoorganization,b), (a,personbelongstoorganization,f), (i,personleadsorganization,f)
13.0	10.0	0.769230769	(a,agentbelongstoorganization,b) <= (i,athleteplaysinleague,b), (i,coachesinleague,f), (a,subpartof,f)
13.0	10.0	0.769230769	(a,athleteplaysforteam,b) <= (a,athleteledsportsteam,f), (i,personleadsorganization,b), (i,personleadsorganization,f)
13.0	10.0	0.769230769	(a,worksfor,b) <= (g,ceoof,b), (a,topmemberoforganization,b), (g,worksfor,b)
13.0	10.0	0.769230769	(a,teamplaysagainstteam,b) <= (b,teamalsoknownas,a), (a,teamwontrophy,h), (b,teamwontrophy,h)
13.0	10.0	0.769230769	(a,agentcontrols,b) <= (b,agentcollaborateswithagent,f), (i,agentcompeteswithagent,a), (i,teamalsoknownas,f)
13.0	10.0	0.769230769	(a,agentbelongstoorganization,b) <= (i,athleteplaysinleague,f), (i,coachesinleague,b), (a,subpartof,f)
13.0	10.0	0.769230769	(a,personleadsorganization,b) <= (g,personleadsorganization,b), (g,proxyfor,b), (a,worksfor,b)
13.0	10.0	0.769230769	(a,agentbelongstoorganization,b) <= (g,athleteplaysinleague,b), (g,coachesinleague,b), (a,subpartof,b)
13.0	10.0	0.769230769	(a,agentcollaborateswithagent,b) <= (a,agentcollaborateswithagent,j), (b,personleadsgeopoliticalorganization,f), (j,personleadsorganization,f)
26.0	20.0	0.769230769	(a,companyalsoknownas,b) <= (j,companyalsoknownas,b), (a,organizationterminatedperson,f), (f,topmemberoforganization,j)
13.0	10.0	0.769230769	(a,organizationterminatedperson,b) <= (a,mutualproxyfor,h), (a,subpartof,b), (h,topmemberoforganization,a)
13.0	10.0	0.769230769	(a,organizationterminatedperson,b) <= (i,agentcollaborateswithagent,f), (i,mutualproxyfor,b), (a,organizationterminatedperson,f)
277.0	213.0	0.768953069	(a,teamplaysagainstteam,b) <= (i,coachesteam,a), (e,teamplaysagainstteam,b), (i,worksfor,e)
216.0	166.0	0.768518519	(a,teamplaysinleague,b) <= (f,agentbelongstoorganization,j), (b,agentcontrols,f), (a,teamplaysinleague,j)
56.0	43.0	0.767857143	(a,organizationterminatedperson,b) <= (a,organizationterminatedperson,h), (b,personleadsorganization,a), (h,worksfor,a)
56.0	43.0	0.767857143	(a,organizationhiredperson,b) <= (g,organizationhiredperson,b), (g,organizationterminatedperson,b), (b,personleadsorganization,a)
176.0	135.0	0.767045455	(a,agentbelongstoorganization,b) <= (e,agentbelongstoorganization,b), (j,agentcontrols,a), (e,subpartof,j)
30.0	23.0	0.766666667	(a,animalpreyson,b) <= (a,animalpreyson,f), (i,animalthatfeedoninsect,f), (i,specializationof,b)
30.0	23.0	0.766666667	(a,agentcompeteswithagent,b) <= (e,agentcompeteswithagent,b), (i,personleadsorganization,e), (i,worksfor,a)
30.0	23.0	0.766666667	(a,subpartoforganization,b) <= (f,acquired,j), (j,subpartoforganization,b), (a,subpartoforganization,f)
120.0	92.0	0.766666667	(a,organizationheadquarteredincity,b) <= (a,organizationheadquarteredincity,j), (j,organizationhiredperson,f), (b,organizationterminatedperson,f)
415.0	318.0	0.76626506	(a,teamplaysagainstteam,b) <= (i,athleteplaysforteam,b), (i,personbelongstoorganization,f), (a,teamplaysagainstteam,f)
77.0	59.0	0.766233766	(a,organizationhiredperson,b) <= (h,organizationhiredperson,b), (b,personleadsorganization,h), (b,worksfor,a)
466.0	357.0	0.766094421	(a,worksfor,b) <= (i,personleadsorganization,f), (i,worksfor,b), (a,worksfor,f)
47.0	36.0	0.765957447	(a,mutualproxyfor,b) <= (j,ceoof,a), (e,mutualproxyfor,b), (e,organizationterminatedperson,j)
47.0	36.0	0.765957447	(a,coachesinleague,b) <= (j,agentcollaborateswithagent,b), (f,agentcontrols,j), (a,coachesinleague,f)
47.0	36.0	0.765957447	(a,coachesinleague,b) <= (i,agentcollaborateswithagent,b), (a,coachesinleague,f), (i,subpartof,f)
64.0	49.0	0.765625	(a,topmemberoforganization,b) <= (j,organizationhiredperson,f), (b,organizationterminatedperson,f), (a,topmemberoforganization,j)
64.0	49.0	0.765625	(a,atlocation,b) <= (a,atlocation,h), (h,mutualproxyfor,a), (a,subpartof,b)
34.0	26.0	0.764705882	(a,worksfor,b) <= (i,citylocatedingeopoliticallocation,b), (i,proxyfor,f), (a,worksfor,f)
34.0	26.0	0.764705882	(a,organizationterminatedperson,b) <= (a,subpartof,b), (a,subpartof,h), (h,topmemberoforganization,a)
34.0	26.0	0.764705882	(a,organizationterminatedperson,b) <= (f,subpartof,j), (j,topmemberoforganization,a), (b,topmemberoforganization,f)
34.0	26.0	0.764705882	(a,teamplaysinleague,b) <= (b,agentcompeteswithagent,f), (i,athleteledsportsteam,a), (i,athleteplaysinleague,f)
34.0	26.0	0.764705882	(a,topmemberoforganization,b) <= (i,organizationterminatedperson,e), (i,subpartof,a), (e,topmemberoforganization,b)
34.0	26.0	0.764705882	(a,organizationterminatedperson,b) <= (a,subpartof,b), (b,topmemberoforganization,a)
17.0	13.0	0.764705882	(a,lakeinstate,b) <= (i,citylocatedingeopoliticallocation,f), (a,lakeinstate,f), (i,proxyfor,b)
17.0	13.0	0.764705882	(a,atdate,b) <= (j,atdate,b), (f,citylocatedinstate,j), (a,mutualproxyfor,f)
17.0	13.0	0.764705882	(a,athleteplaysforteam,b) <= (a,athleteledsportsteam,b), (g,teamalsoknownas,b), (g,teamplaysagainstteam,b)
17.0	13.0	0.764705882	(a,personleadsorganization,b) <= (b,mutualproxyfor,a), (b,organizationhiredperson,h), (h,personleadsorganization,b)
34.0	26.0	0.764705882	(a,teamplaysinleague,b) <= (e,agentcompeteswithagent,b), (i,athleteledsportsteam,a), (i,athleteplaysinleague,e)
34.0	26.0	0.764705882	(a,organizationterminatedperson,b) <= (e,organizationterminatedperson,j), (e,subpartof,b), (j,topmemberoforganization,a)
34.0	26.0	0.764705882	(a,organizationterminatedperson,b) <= (a,subpartof,h), (b,topmemberoforganization,a), (h,topmemberoforganization,a)
17.0	13.0	0.764705882	(a,mutualproxyfor,b) <= (h,ceoof,a), (a,mutualproxyfor,h), (b,topmemberoforganization,a)
34.0	26.0	0.764705882	(a,organizationterminatedperson,b) <= (h,subpartof,b), (b,topmemberoforganization,a), (b,topmemberoforganization,h)
89.0	68.0	0.764044944	(a,mutualproxyfor,b) <= (a,mutualproxyfor,j), (b,personleadsorganization,f), (j,worksfor,f)
144.0	110.0	0.763888889	(a,teamplaysagainstteam,b) <= (b,agentcollaborateswithagent,f), (f,athleteledsportsteam,j), (a,teamplaysagainstteam,j)
165.0	126.0	0.763636364	(a,organizationterminatedperson,b) <= (j,ceoof,a), (e,organizationterminatedperson,b), (e,organizationterminatedperson,j)
245.0	187.0	0.763265306	(a,mutualproxyfor,b) <= (i,citylocatedinstate,e), (i,mutualproxyfor,a), (e,mutualproxyfor,b)
38.0	29.0	0.763157895	(a,worksfor,b) <= (f,ceoof,j), (b,organizationterminatedperson,f), (a,worksfor,j)
38.0	29.0	0.763157895	(a,worksfor,b) <= (j,mutualproxyfor,f), (b,organizationterminatedperson,f), (a,worksfor,j)
59.0	45.0	0.762711864	(a,hasofficeincountry,b) <= (i,citycapitalofcountry,b), (i,citylocatedincountry,f), (a,hasofficeincountry,f)
1575.0	1201.0	0.762539683	(a,teamplaysagainstteam,b) <= (i,athleteledsportsteam,a), (i,athleteplaysforteam,e), (e,teamplaysagainstteam,b)
63.0	48.0	0.761904762	(a,agentcompeteswithagent,b) <= (i,agentcollaborateswithagent,e), (e,agentcompeteswithagent,b), (i,subpartof,a)
21.0	16.0	0.761904762	(a,animalthatfeedoninsect,b) <= (j,agentcompeteswithagent,b), (a,animalthatfeedoninsect,f), (f,arthropodcalledarthropod,j)
21.0	16.0	0.761904762	(a,statelocatedingeopoliticallocation,b) <= (f,mutualproxyfor,j), (a,statelocatedingeopoliticallocation,f), (j,subpartof,b)
21.0	16.0	0.761904762	(a,companyeconomicsector,b) <= (e,agentcollaborateswithagent,j), (e,companyeconomicsector,b), (j,personleadsorganization,a)
42.0	32.0	0.761904762	(a,organizationhiredperson,b) <= (a,organizationhiredperson,h), (a,organizationterminatedperson,h), (b,worksfor,a)
21.0	16.0	0.761904762	(a,headquarteredin,b) <= (j,ceoof,a), (e,headquarteredin,b), (e,organizationterminatedperson,j)
21.0	16.0	0.761904762	(a,worksfor,b) <= (b,organizationterminatedperson,a), (a,topmemberoforganization,h), (a,worksfor,h)
21.0	16.0	0.761904762	(a,mutualproxyfor,b) <= (j,ceoof,a), (e,mutualproxyfor,j), (e,subpartof,b)
42.0	32.0	0.761904762	(a,teamwontrophy,b) <= (i,coachesteam,a), (e,teamwontrophy,b), (i,worksfor,e)
21.0	16.0	0.761904762	(a,headquarteredin,b) <= (e,headquarteredin,b), (e,organizationterminatedperson,j), (j,topmemberoforganization,a)
67.0	51.0	0.76119403	(a,organizationhiredperson,b) <= (e,organizationhiredperson,b), (e,organizationterminatedperson,j), (j,personleadsorganization,a)
67.0	51.0	0.76119403	(a,ceoof,b) <= (a,ceoof,j), (f,ceoof,j), (b,organizationhiredperson,f)
46.0	35.0	0.760869565	(a,personleadsorganization,b) <= (b,mutualproxyfor,a), (g,personleadsorganization,b), (g,worksfor,b)
309.0	235.0	0.760517799	(a,sportsgameteam,b) <= (e,athleteledsportsteam,b), (e,athleteplaysforteam,j), (a,sportsgameteam,j)
25.0	19.0	0.76	(a,organizationterminatedperson,b) <= (j,agentcontrols,f), (a,organizationterminatedperson,j), (b,proxyfor,f)
25.0	19.0	0.76	(a,synonymfor,b) <= (a,organizationalsoknownas,h), (b,synonymfor,a), (a,synonymfor,h)
25.0	19.0	0.76	(a,hasofficeincity,b) <= (a,hasofficeincity,f), (i,locationlocatedwithinlocation,f), (i,subpartof,b)
25.0	19.0	0.76	(a,arthropodcalledarthropod,b) <= (i,animalthatfeedoninsect,f), (a,arthropodcalledarthropod,f), (i,specializationof,b)
25.0	19.0	0.76	(a,personbelongstoorganization,b) <= (b,organizationhiredperson,f), (j,organizationterminatedperson,f), (a,personbelongstoorganization,j)
50.0	38.0	0.76	(a,topmemberoforganization,b) <= (e,ceoof,b), (j,organizationterminatedperson,a), (e,topmemberoforganization,j)
579.0	440.0	0.759930915	(a,atlocation,b) <= (a,atlocation,j), (b,organizationhiredperson,f), (j,organizationterminatedperson,f)
79.0	60.0	0.759493671	(a,organizationterminatedperson,b) <= (j,ceoof,f), (a,organizationterminatedperson,j), (b,topmemberoforganization,f)
29.0	22.0	0.75862069	(a,agentcollaborateswithagent,b) <= (a,agentcollaborateswithagent,j), (b,agentcontrols,f), (f,mutualproxyfor,j)
29.0	22.0	0.75862069	(a,agentcollaborateswithagent,b) <= (b,agentcollaborateswithagent,a), (g,agentcollaborateswithagent,b), (g,agentcontrols,b)
174.0	132.0	0.75862069	(a,headquarteredin,b) <= (i,headquarteredin,b), (a,headquarteredin,f), (i,newspaperincity,f)
29.0	22.0	0.75862069	(a,organizationterminatedperson,b) <= (g,mutualproxyfor,b), (g,organizationterminatedperson,b), (a,subpartof,b)
29.0	22.0	0.75862069	(a,organizationterminatedperson,b) <= (i,mutualproxyfor,b), (i,organizationterminatedperson,f), (a,subpartof,f)
29.0	22.0	0.75862069	(a,synonymfor,b) <= (f,mutualproxyfor,j), (j,synonymfor,b), (a,synonymfor,f)
62.0	47.0	0.758064516	(a,atlocation,b) <= (a,atlocation,h), (a,proxyfor,h), (a,subpartof,b)
66.0	50.0	0.757575758	(a,atlocation,b) <= (a,atlocation,h), (b,mutualproxyfor,a), (a,subpartof,h)
66.0	50.0	0.757575758	(a,subpartof,b) <= (a,atlocation,h), (b,mutualproxyfor,a), (a,subpartof,h)
33.0	25.0	0.757575758	(a,animalsuchasinvertebrate,b) <= (i,agentcompeteswithagent,e), (e,animalsuchasinvertebrate,b), (i,arthropodcalledarthropod,a)
33.0	25.0	0.757575758	(a,organizationhiredperson,b) <= (a,mutualproxyfor,f), (i,organizationhiredperson,f), (i,subpartof,b)
33.0	25.0	0.757575758	(a,buildinglocatedincity,b) <= (a,buildinglocatedincity,j), (j,organizationhiredperson,f), (b,organizationterminatedperson,f)
70.0	53.0	0.757142857	(a,teamplaysagainstteam,b) <= (i,personbelongstoorganization,a), (i,subpartof,e), (e,teamplaysagainstteam,b)
107.0	81.0	0.757009346	(a,subpartoforganization,b) <= (f,agentcollaborateswithagent,j), (a,subpartoforganization,f), (j,topmemberoforganization,b)
37.0	28.0	0.756756757	(a,sportschoolincountry,b) <= (i,citycapitalofcountry,b), (i,citylocatedincountry,f), (a,sportschoolincountry,f)
37.0	28.0	0.756756757	(a,personleadsorganization,b) <= (h,organizationhiredperson,a), (b,organizationterminatedperson,a), (a,personleadsorganization,h)
37.0	28.0	0.756756757	(a,proxyfor,b) <= (h,agentactsinlocation,b), (b,mutualproxyfor,a), (b,mutualproxyfor,h)
37.0	28.0	0.756756757	(a,ceoof,b) <= (e,ceoof,b), (e,ceoof,j), (j,subpartof,a)
37.0	28.0	0.756756757	(a,proxyfor,b) <= (b,locationlocatedwithinlocation,h), (b,mutualproxyfor,a), (h,proxyfor,b)
37.0	28.0	0.756756757	(a,headquarteredin,b) <= (a,headquarteredin,f), (i,organizationheadquarteredincity,f), (i,televisionstationincity,b)
74.0	56.0	0.756756757	(a,arthropodcalledarthropod,b) <= (f,agentcompeteswithagent,j), (b,arthropodcalledarthropod,f), (a,arthropodcalledarthropod,j)
312.0	236.0	0.756410256	(a,sportsgameteam,b) <= (e,athleteledsportsteam,j), (e,athleteplaysforteam,b), (a,sportsgameteam,j)
164.0	124.0	0.756097561	(a,mutualproxyfor,b) <= (j,mutualproxyfor,b), (a,mutualproxyfor,f), (f,personleadsorganization,j)
86.0	65.0	0.755813953	(a,sportsgamewinner,b) <= (i,athleteledsportsteam,b), (i,athleteplaysforteam,f), (a,sportsgamewinner,f)
135.0	102.0	0.755555556	(a,headquarteredin,b) <= (a,headquarteredin,j), (j,organizationhiredperson,f), (b,organizationterminatedperson,f)
49.0	37.0	0.755102041	(a,organizationhiredperson,b) <= (b,ceoof,f), (a,organizationhiredperson,j), (f,organizationterminatedperson,j)
49.0	37.0	0.755102041	(a,locationlocatedwithinlocation,b) <= (a,locationlocatedwithinlocation,h), (a,proxyfor,h), (a,subpartof,b)
236.0	178.0	0.754237288	(a,atlocation,b) <= (i,airportincity,f), (a,atlocation,f), (i,buildinglocatedincity,b)
297.0	224.0	0.754208754	(a,automakerproducesmodel,b) <= (i,automakerproducesmodel,b), (i,automakerproducesmodel,f), (a,producesproduct,f)
61.0	46.0	0.754098361	(a,mutualproxyfor,b) <= (i,citylocatedingeopoliticallocation,e), (i,locationlocatedwithinlocation,a), (e,mutualproxyfor,b)
65.0	49.0	0.753846154	(a,topmemberoforganization,b) <= (b,organizationhiredperson,f), (j,organizationterminatedperson,f), (a,topmemberoforganization,j)
69.0	52.0	0.753623188	(a,stateorprovinceisborderedbystateorprovince,b) <= (a,statelocatedingeopoliticallocation,f), (i,stateorprovinceisborderedbystateorprovince,b), (i,stateorprovinceisborderedbystateorprovince,f)
81.0	61.0	0.75308642	(a,subpartof,b) <= (a,organizationhiredperson,f), (i,subpartof,b), (i,subpartof,f)
745.0	561.0	0.753020134	(a,athleteplaysforteam,b) <= (i,athleteledsportsteam,f), (i,athleteplaysforteam,b), (a,athleteplaysforteam,f)
93.0	70.0	0.752688172	(a,worksfor,b) <= (j,agentcollaborateswithagent,b), (f,agentcontrols,j), (a,worksfor,f)
97.0	73.0	0.75257732	(a,newspaperincity,b) <= (i,airportincity,f), (i,buildinglocatedincity,b), (a,newspaperincity,f)
97.0	73.0	0.75257732	(a,arthropodcalledarthropod,b) <= (i,agentcompeteswithagent,e), (i,arthropodcalledarthropod,a), (e,arthropodcalledarthropod,b)
371.0	279.0	0.752021563	(a,hotelincity,b) <= (i,airportincity,b), (i,buildinglocatedincity,f), (a,hotelincity,f)
409.0	307.0	0.750611247	(a,teamplaysagainstteam,b) <= (i,athleteplaysforteam,a), (i,personbelongstoorganization,e), (e,teamplaysagainstteam,b)
16.0	12.0	0.75	(a,agentcollaborateswithagent,b) <= (a,agentcollaborateswithagent,f), (j,organizationhiredperson,b), (f,topmemberoforganization,j)
4.0	3.0	0.75	(a,mutualproxyfor,b) <= (e,mutualproxyfor,b), (i,organizationheadquarteredincity,a), (i,televisionstationincity,e)
4.0	3.0	0.75	(a,agentcompeteswithagent,b) <= (b,agentcompeteswithagent,a), (b,agentcompeteswithagent,h), (h,subpartoforganization,a)
12.0	9.0	0.75	(a,sportsgameteam,b) <= (b,agentcompeteswithagent,f), (a,sportsgameteam,j), (j,synonymfor,f)
4.0	3.0	0.75	(a,agentcontrols,b) <= (h,agentcollaborateswithagent,a), (a,subpartof,b), (a,topmemberoforganization,h)
4.0	3.0	0.75	(a,personbelongstoorganization,b) <= (i,athleteplaysforteam,f), (i,personbelongstoorganization,b), (a,subpartof,f)
12.0	9.0	0.75	(a,countryalsoknownas,b) <= (i,citylocatedincountry,a), (e,countryalsoknownas,b), (i,locationlocatedwithinlocation,e)
4.0	3.0	0.75	(a,organizationheadquarteredincity,b) <= (b,agentcollaborateswithagent,f), (f,personbelongstoorganization,j), (a,televisionstationincity,j)
4.0	3.0	0.75	(a,animalistypeofanimal,b) <= (h,animalistypeofanimal,b), (a,mammalsuchasmammal,h), (a,specializationof,b)
4.0	3.0	0.75	(a,personbelongstoorganization,b) <= (i,athleteledsportsteam,f), (i,personbelongstoorganization,b), (a,subpartof,f)
4.0	3.0	0.75	(a,worksfor,b) <= (b,agentcollaborateswithagent,f), (f,journalistwritesforpublication,j), (a,personleadsorganization,j)
4.0	3.0	0.75	(a,agentinvolvedwithitem,b) <= (a,agentinvolvedwithitem,j), (b,mutualproxyfor,f), (f,synonymfor,j)
4.0	3.0	0.75	(a,worksfor,b) <= (e,atlocation,b), (j,organizationhiredperson,a), (e,worksfor,j)
8.0	6.0	0.75	(a,organizationterminatedperson,b) <= (b,ceoof,f), (f,subpartof,j), (j,topmemberoforganization,a)
4.0	3.0	0.75	(a,countrylocatedingeopoliticallocation,b) <= (a,countryalsoknownas,j), (j,organizationalsoknownas,f), (b,statelocatedingeopoliticallocation,f)
4.0	3.0	0.75	(a,agentcollaborateswithagent,b) <= (a,agentcontrols,b), (g,mutualproxyfor,b), (g,subpartof,b)
12.0	9.0	0.75	(a,organizationhiredperson,b) <= (b,personleadsorganization,f), (f,subpartof,j), (j,worksfor,a)
16.0	12.0	0.75	(a,journalistwritesforpublication,b) <= (i,agentbelongstoorganization,f), (i,journalistwritesforpublication,b), (a,worksfor,f)
4.0	3.0	0.75	(a,hasofficeincity,b) <= (g,competeswith,a), (a,newspaperincity,b), (g,organizationheadquarteredincity,b)
4.0	3.0	0.75	(a,proxyfor,b) <= (f,buildinglocatedincity,j), (j,proxyfor,b), (a,proxyfor,f)
4.0	3.0	0.75	(a,personhasjobposition,b) <= (f,mutualproxyfor,j), (j,personhasjobposition,b), (a,worksfor,f)
4.0	3.0	0.75	(a,agentinvolvedwithitem,b) <= (a,agentcreated,j), (b,mutualproxyfor,f), (j,synonymfor,f)
4.0	3.0	0.75	(a,organizationterminatedperson,b) <= (j,organizationhiredperson,b), (a,organizationterminatedperson,f), (f,proxyfor,j)
4.0	3.0	0.75	(a,proxyfor,b) <= (j,organizationhiredperson,a), (b,organizationterminatedperson,f), (f,proxyfor,j)
16.0	12.0	0.75	(a,topmemberoforganization,b) <= (h,mutualproxyfor,a), (b,subpartof,a), (a,topmemberoforganization,h)
4.0	3.0	0.75	(a,personleadsorganization,b) <= (j,mutualproxyfor,f), (a,mutualproxyfor,j), (b,organizationterminatedperson,f)
4.0	3.0	0.75	(a,proxyfor,b) <= (f,agentcontrols,j), (j,proxyfor,b), (a,proxyfor,f)
4.0	3.0	0.75	(a,mutualproxyfor,b) <= (e,mutualproxyfor,b), (i,organizationheadquarteredincity,e), (i,televisionstationincity,a)
4.0	3.0	0.75	(a,agentcompeteswithagent,b) <= (b,agentcompeteswithagent,a), (h,agentcompeteswithagent,b), (b,specializationof,h)
4.0	3.0	0.75	(a,sportfansincountry,b) <= (b,countrylocatedingeopoliticallocation,h), (a,sportschoolincountry,b), (h,statelocatedincountry,b)
20.0	15.0	0.75	(a,subpartof,b) <= (f,agentcompeteswithagent,j), (j,organizationheadquarteredincity,b), (a,subpartof,f)
4.0	3.0	0.75	(a,mutualproxyfor,b) <= (e,mutualproxyfor,b), (e,organizationhiredperson,j), (j,proxyfor,a)
8.0	6.0	0.75	(a,agentcompeteswithagent,b) <= (b,agentcompeteswithagent,a), (b,animalistypeofanimal,h), (b,animalsuchasinvertebrate,h)
12.0	9.0	0.75	(a,agentactsinlocation,b) <= (a,agentactsinlocation,f), (i,hasofficeincountry,b), (i,organizationheadquarteredincountry,f)
4.0	3.0	0.75	(a,countrycurrency,b) <= (i,citylocatedingeopoliticallocation,a), (e,countrycurrency,b), (i,proxyfor,e)
4.0	3.0	0.75	(a,countrylocatedingeopoliticallocation,b) <= (f,agentactsinlocation,j), (a,countryalsoknownas,j), (b,statelocatedingeopoliticallocation,f)
8.0	6.0	0.75	(a,agentbelongstoorganization,b) <= (b,agentcollaborateswithagent,g), (b,agentcontrols,a), (g,teamplaysinleague,b)
4.0	3.0	0.75	(a,agentbelongstoorganization,b) <= (a,agentbelongstoorganization,h), (b,agentcollaborateswithagent,a), (a,subpartof,h)
4.0	3.0	0.75	(a,organizationhiredperson,b) <= (e,agentcontrols,b), (e,mutualproxyfor,j), (j,topmemberoforganization,a)
8.0	6.0	0.75	(a,agentbelongstoorganization,b) <= (a,agentbelongstoorganization,h), (b,agentcollaborateswithagent,a), (h,agentcontrols,a)
4.0	3.0	0.75	(a,animalpreyson,b) <= (a,animalistypeofanimal,h), (h,animalpreyson,b), (b,specializationof,a)
8.0	6.0	0.75	(a,politicianusendorsedbypoliticianus,b) <= (b,agentcollaborateswithagent,f), (f,agentcontrols,j), (a,politicianusendorsedbypoliticianus,j)
4.0	3.0	0.75	(a,animalthatfeedoninsect,b) <= (b,animalsuchasinsect,h), (a,animalsuchasinvertebrate,b), (h,animalthatfeedoninsect,b)
12.0	9.0	0.75	(a,agentparticipatedinevent,b) <= (e,agentparticipatedinevent,b), (i,coachesteam,e), (i,worksfor,a)
8.0	6.0	0.75	(a,agentcompeteswithagent,b) <= (b,agentcompeteswithagent,a), (a,agentcompeteswithagent,h), (h,animalpreyson,b)
4.0	3.0	0.75	(a,agentcompeteswithagent,b) <= (e,agentactsinlocation,j), (j,subpartoforganization,a), (e,subpartoforganization,b)
12.0	9.0	0.75	(a,locationlocatedwithinlocation,b) <= (a,locationlocatedwithinlocation,f), (i,personhasresidenceingeopoliticallocation,b), (i,worksfor,f)
4.0	3.0	0.75	(a,agentcompeteswithagent,b) <= (i,agentcontrols,e), (i,subpartof,a), (e,subpartoforganization,b)
4.0	3.0	0.75	(a,agentcompeteswithagent,b) <= (e,agentcontrols,j), (e,subpartof,b), (j,subpartoforganization,a)
4.0	3.0	0.75	(a,organizationhiredperson,b) <= (f,subpartof,j), (b,topmemberoforganization,f), (j,worksfor,a)
4.0	3.0	0.75	(a,animalpreyson,b) <= (a,animalistypeofanimal,b), (h,animalsuchasinvertebrate,a), (a,arthropodandotherarthropod,h)
20.0	15.0	0.75	(a,subpartof,b) <= (j,ceoof,a), (e,mutualproxyfor,b), (e,subpartof,j)
8.0	6.0	0.75	(a,politicianusendorsedbypoliticianus,b) <= (i,agentcollaborateswithagent,b), (i,agentcontrols,f), (a,politicianusendorsedbypoliticianus,f)
4.0	3.0	0.75	(a,agentcompeteswithagent,b) <= (b,agentcompeteswithagent,a), (a,animalistypeofanimal,h), (h,animalpreyson,b)
4.0	3.0	0.75	(a,countrycurrency,b) <= (i,citylocatedincountry,a), (e,countrycurrency,b), (i,locationlocatedwithinlocation,e)
4.0	3.0	0.75	(a,organizationhiredperson,b) <= (e,agentcontrols,j), (e,mutualproxyfor,b), (j,topmemberoforganization,a)
4.0	3.0	0.75	(a,agentparticipatedinevent,b) <= (e,agentparticipatedinevent,b), (i,istallerthan,a), (i,organizationalsoknownas,e)
4.0	3.0	0.75	(a,agentcompeteswithagent,b) <= (i,agentactsinlocation,e), (i,subpartoforganization,a), (e,subpartoforganization,b)
4.0	3.0	0.75	(a,organizationhiredperson,b) <= (e,mutualproxyfor,b), (e,organizationhiredperson,j), (j,proxyfor,a)
4.0	3.0	0.75	(a,animalpreyson,b) <= (a,animalistypeofanimal,b), (h,animalpreyson,a), (a,animalthatfeedoninsect,h)
4.0	3.0	0.75	(a,citylocatedingeopoliticallocation,b) <= (e,citylocatedingeopoliticallocation,b), (i,personleadsgeopoliticalorganization,e), (i,worksfor,a)
28.0	21.0	0.75	(a,locationlocatedwithinlocation,b) <= (i,headquarteredin,e), (e,locationlocatedwithinlocation,b), (i,organizationheadquarteredincity,a)
16.0	12.0	0.75	(a,agentcollaborateswithagent,b) <= (a,agentcollaborateswithagent,f), (i,agentcompeteswithagent,f), (i,teamalsoknownas,b)
8.0	6.0	0.75	(a,agentactsinlocation,b) <= (a,agentactsinlocation,f), (i,personhasresidenceingeopoliticallocation,f), (i,personleadsorganization,b)
20.0	15.0	0.75	(a,organizationhiredperson,b) <= (a,subpartof,b), (h,subpartof,b), (b,worksfor,h)
4.0	3.0	0.75	(a,agentcollaborateswithagent,b) <= (a,agentcontrols,f), (i,hasspouse,b), (i,hasspouse,f)
20.0	15.0	0.75	(a,animalthatfeedoninsect,b) <= (i,agentcompeteswithagent,b), (a,animalthatfeedoninsect,f), (i,specializationof,f)
8.0	6.0	0.75	(a,personhasjobposition,b) <= (i,fatherofperson,e), (i,parentofperson,a), (e,personhasjobposition,b)
4.0	3.0	0.75	(a,organizationterminatedperson,b) <= (a,companyalsoknownas,f), (f,organizationalsoknownas,j), (j,organizationterminatedperson,b)
4.0	3.0	0.75	(a,companyalsoknownas,b) <= (i,companyalsoknownas,b), (a,organizationalsoknownas,f), (i,synonymfor,f)
4.0	3.0	0.75	(a,atlocation,b) <= (j,atlocation,b), (a,mutualproxyfor,f), (f,personleadsorganization,j)
4.0	3.0	0.75	(a,personleadsorganization,b) <= (j,organizationhiredperson,a), (b,organizationterminatedperson,f), (f,proxyfor,j)
12.0	9.0	0.75	(a,subpartof,b) <= (a,organizationterminatedperson,b), (b,personleadsorganization,h), (h,subpartof,b)
16.0	12.0	0.75	(a,proxyfor,b) <= (f,organizationhiredperson,j), (a,proxyfor,f), (j,subpartof,b)
4.0	3.0	0.75	(a,atdate,b) <= (i,atdate,b), (i,cityalsoknownas,f), (a,mutualproxyfor,f)
4.0	3.0	0.75	(a,statelocatedingeopoliticallocation,b) <= (f,agentactsinlocation,j), (j,countrylocatedingeopoliticallocation,b), (a,statelocatedingeopoliticallocation,f)
4.0	3.0	0.75	(a,statelocatedingeopoliticallocation,b) <= (b,countrylocatedingeopoliticallocation,f), (a,stateorprovinceisborderedbystateorprovince,f)
12.0	9.0	0.75	(a,agentcollaborateswithagent,b) <= (b,agentbelongstoorganization,h), (b,agentcollaborateswithagent,a), (h,agentcollaborateswithagent,b)
8.0	6.0	0.75	(a,agentbelongstoorganization,b) <= (b,agentcontrols,a), (g,coachesinleague,b), (g,personbelongstoorganization,b)
4.0	3.0	0.75	(a,agriculturalproducttoattractinsect,b) <= (b,animaleatfood,a), (h,animaleatfood,a), (b,animalthatfeedoninsect,h)
4.0	3.0	0.75	(a,agentcompeteswithagent,b) <= (b,agentcompeteswithagent,a), (a,teamalsoknownas,h), (b,teamplaysagainstteam,h)
4.0	3.0	0.75	(a,parentofperson,b) <= (i,fatherofperson,e), (i,parentofperson,a), (e,parentofperson,b)
4.0	3.0	0.75	(a,agentcompeteswithagent,b) <= (b,agentcompeteswithagent,a), (a,teamalsoknownas,h), (h,teamplaysagainstteam,b)
4.0	3.0	0.75	(a,organizationterminatedperson,b) <= (b,ceoof,f), (j,companyalsoknownas,a), (f,organizationalsoknownas,j)
12.0	9.0	0.75	(a,personbornincity,b) <= (i,headquarteredin,b), (i,newspaperincity,f), (a,personbornincity,f)
8.0	6.0	0.75	(a,agentparticipatedinevent,b) <= (e,agentparticipatedinevent,b), (i,citylocatedingeopoliticallocation,a), (i,proxyfor,e)
4.0	3.0	0.75	(a,teamwontrophy,b) <= (i,coachwontrophy,b), (a,teamalsoknownas,f), (i,worksfor,f)
4.0	3.0	0.75	(a,coachwontrophy,b) <= (i,athleteledsportsteam,f), (i,athletewinsawardtrophytournament,b), (a,coachesteam,f)
8.0	6.0	0.75	(a,personborninlocation,b) <= (h,agentcollaborateswithagent,a), (a,agentcollaborateswithagent,h), (a,personbornincity,b)
4.0	3.0	0.75	(a,agentcollaborateswithagent,b) <= (b,agentcollaborateswithagent,a), (h,organizationterminatedperson,b), (b,topmemberoforganization,h)
8.0	6.0	0.75	(a,agentbelongstoorganization,b) <= (b,agentcontrols,a), (g,athleteplaysinleague,b), (g,personbelongstoorganization,b)
8.0	6.0	0.75	(a,agentbelongstoorganization,b) <= (b,agentcontrols,a), (g,agentcontrols,b), (g,teamplaysinleague,b)
4.0	3.0	0.75	(a,personbelongstoorganization,b) <= (f,agentcollaborateswithagent,j), (j,personbelongstoorganization,b), (a,personleadsgeopoliticalorganization,f)
4.0	3.0	0.75	(a,atdate,b) <= (j,atdate,b), (a,organizationhiredperson,f), (f,personhasjobposition,j)
12.0	9.0	0.75	(a,proxyfor,b) <= (f,citylocatedingeopoliticallocation,j), (a,mutualproxyfor,f), (j,proxyfor,b)
24.0	18.0	0.75	(a,proxyfor,b) <= (i,citycapitalofcountry,b), (i,citylocatedincountry,f), (a,proxyfor,f)
4.0	3.0	0.75	(a,mutualproxyfor,b) <= (h,ceoof,a), (a,organizationhiredperson,h), (b,worksfor,a)
4.0	3.0	0.75	(a,athleteledsportsteam,b) <= (b,agentcollaborateswithagent,a), (a,athleteledsportsteam,h), (a,athleteplaysforteam,h)
4.0	3.0	0.75	(a,synonymfor,b) <= (a,companyalsoknownas,f), (i,organizationalsoknownas,f), (i,synonymfor,b)
4.0	3.0	0.75	(a,synonymfor,b) <= (a,companyalsoknownas,f), (i,organizationalsoknownas,b), (i,synonymfor,f)
4.0	3.0	0.75	(a,agentcontrols,b) <= (h,agentcollaborateswithagent,a), (a,agentcontrols,h), (b,mutualproxyfor,a)
8.0	6.0	0.75	(a,stadiumlocatedincity,b) <= (b,organizationterminatedperson,f), (a,stadiumlocatedincity,j), (f,worksfor,j)
8.0	6.0	0.75	(a,stadiumlocatedincity,b) <= (f,citylocatedingeopoliticallocation,j), (b,mutualproxyfor,f), (a,stadiumlocatedincity,j)
4.0	3.0	0.75	(a,mutualproxyfor,b) <= (a,organizationhiredperson,h), (h,proxyfor,a), (b,worksfor,a)
4.0	3.0	0.75	(a,headquarteredin,b) <= (a,mutualproxyfor,h), (a,organizationheadquarteredincity,b), (h,personleadsorganization,a)
4.0	3.0	0.75	(a,agentbelongstoorganization,b) <= (b,agentcompeteswithagent,a), (b,agentcompeteswithagent,h), (a,subpartof,h)
4.0	3.0	0.75	(a,headquarteredin,b) <= (a,mutualproxyfor,h), (a,organizationheadquarteredincity,b), (h,worksfor,a)
4.0	3.0	0.75	(a,ceoof,b) <= (i,ceoof,b), (a,ceoof,f), (i,proxyfor,f)
4.0	3.0	0.75	(a,proxyfor,b) <= (i,mutualproxyfor,a), (i,organizationhiredperson,e), (e,proxyfor,b)
8.0	6.0	0.75	(a,sportschoolincountry,b) <= (b,organizationhiredperson,f), (a,sportschoolincountry,j), (f,worksfor,j)
8.0	6.0	0.75	(a,synonymfor,b) <= (a,organizationterminatedperson,f), (j,synonymfor,b), (f,worksfor,j)
8.0	6.0	0.75	(a,synonymfor,b) <= (a,organizationterminatedperson,f), (j,synonymfor,b), (f,topmemberoforganization,j)
4.0	3.0	0.75	(a,companyalsoknownas,b) <= (b,companyalsoknownas,a), (g,personleadsorganization,a), (g,topmemberoforganization,b)
8.0	6.0	0.75	(a,proxyfor,b) <= (j,mutualproxyfor,a), (e,personleadsorganization,j), (e,proxyfor,b)
4.0	3.0	0.75	(a,atlocation,b) <= (e,atlocation,b), (i,personleadsorganization,e), (i,worksfor,a)
4.0	3.0	0.75	(a,topmemberoforganization,b) <= (g,agentcontrols,a), (g,mutualproxyfor,a), (b,organizationhiredperson,a)
12.0	9.0	0.75	(a,arthropodandotherarthropod,b) <= (i,agentcompeteswithagent,a), (e,arthropodandotherarthropod,b), (i,specializationof,e)
4.0	3.0	0.75	(a,acquired,b) <= (a,acquired,j), (b,agentcollaborateswithagent,f), (f,worksfor,j)
4.0	3.0	0.75	(a,organizationalsoknownas,b) <= (b,organizationhiredperson,h), (h,personbelongstoorganization,b), (a,synonymfor,b)
4.0	3.0	0.75	(a,athleteledsportsteam,b) <= (g,athleteplaysforteam,b), (a,personbelongstoorganization,b), (g,subpartof,b)
12.0	9.0	0.75	(a,arthropodandotherarthropod,b) <= (j,agentcompeteswithagent,a), (e,animalthatfeedoninsect,j), (e,arthropodandotherarthropod,b)
4.0	3.0	0.75	(a,athleteledsportsteam,b) <= (g,athleteledsportsteam,b), (a,personbelongstoorganization,b), (g,subpartof,b)
4.0	3.0	0.75	(a,organizationterminatedperson,b) <= (i,synonymfor,a), (i,synonymfor,f), (b,topmemberoforganization,f)
4.0	3.0	0.75	(a,organizationheadquarteredincity,b) <= (b,agentcollaborateswithagent,h), (h,personbelongstoorganization,b), (a,televisionstationincity,b)
4.0	3.0	0.75	(a,organizationalsoknownas,b) <= (a,companyalsoknownas,b), (g,organizationalsoknownas,b), (g,synonymfor,b)
16.0	12.0	0.75	(a,arthropodcalledarthropod,b) <= (a,animalsuchasinsect,h), (h,arthropodandotherarthropod,a), (b,arthropodcalledarthropod,a)
4.0	3.0	0.75	(a,animalthatfeedoninsect,b) <= (a,animalsuchasinsect,b), (h,animalsuchasinsect,b), (b,arthropodandotherarthropod,h)
4.0	3.0	0.75	(a,ceoof,b) <= (f,agentcollaborateswithagent,j), (b,agentcontrols,f), (a,ceoof,j)
16.0	12.0	0.75	(a,organizationterminatedperson,b) <= (a,organizationhiredperson,j), (f,subpartof,j), (b,worksfor,f)
4.0	3.0	0.75	(a,teamwontrophy,b) <= (i,coachesteam,a), (i,subpartof,e), (e,teamwontrophy,b)
8.0	6.0	0.75	(a,mutualproxyfor,b) <= (h,ceoof,a), (a,mutualproxyfor,h), (b,worksfor,a)
12.0	9.0	0.75	(a,companyeconomicsector,b) <= (a,automakerproducesmodel,f), (i,companyeconomicsector,b), (i,producesproduct,f)
4.0	3.0	0.75	(a,animalthatfeedoninsect,b) <= (g,animalsuchasinsect,b), (g,animalthatfeedoninsect,b), (a,specializationof,b)
4.0	3.0	0.75	(a,ceoof,b) <= (f,agentcollaborateswithagent,j), (j,ceoof,b), (a,ceoof,f)
12.0	9.0	0.75	(a,mutualproxyfor,b) <= (a,organizationterminatedperson,h), (a,subpartof,h), (b,worksfor,a)
4.0	3.0	0.75	(a,headquarteredin,b) <= (b,citylocatedincountry,h), (a,hasofficeincountry,h), (a,organizationheadquarteredincity,b)
4.0	3.0	0.75	(a,arthropodcalledarthropod,b) <= (a,animalthatfeedoninsect,h), (h,arthropodandotherarthropod,b), (b,arthropodcalledarthropod,a)
4.0	3.0	0.75	(a,organizationacronymhasname,b) <= (a,agentcollaborateswithagent,f), (j,organizationacronymhasname,b), (f,worksfor,j)
4.0	3.0	0.75	(a,organizationacronymhasname,b) <= (a,agentcollaborateswithagent,f), (i,agentcontrols,f), (i,organizationacronymhasname,b)
8.0	6.0	0.75	(a,ceoof,b) <= (b,automakerproducesmodel,f), (a,ceoof,j), (j,producesproduct,f)
4.0	3.0	0.75	(a,organizationacronymhasname,b) <= (e,mutualproxyfor,j), (e,organizationacronymhasname,b), (j,personleadsorganization,a)
4.0	3.0	0.75	(a,agentcollaborateswithagent,b) <= (b,agentbelongstoorganization,f), (a,agentcollaborateswithagent,j), (f,mutualproxyfor,j)
8.0	6.0	0.75	(a,organizationacronymhasname,b) <= (j,agentbelongstoorganization,a), (e,agentcontrols,j), (e,organizationacronymhasname,b)
16.0	12.0	0.75	(a,arthropodcalledarthropod,b) <= (h,agentcompeteswithagent,a), (a,animalthatfeedoninsect,h), (b,arthropodcalledarthropod,a)
4.0	3.0	0.75	(a,ceoof,b) <= (a,ceoof,j), (f,personleadsorganization,j), (b,subpartof,f)
4.0	3.0	0.75	(a,atlocation,b) <= (e,atlocation,b), (i,countrylocatedingeopoliticallocation,a), (i,locationlocatedwithinlocation,e)
4.0	3.0	0.75	(a,automobilemakerdealersincity,b) <= (a,automobilemakerdealersincity,f), (j,statehascapital,b), (f,subpartof,j)
8.0	6.0	0.75	(a,cityalsoknownas,b) <= (a,cityalsoknownas,j), (j,citylocatedincountry,f), (b,proxyfor,f)
8.0	6.0	0.75	(a,organizationterminatedperson,b) <= (j,ceoof,a), (f,subpartof,j), (b,topmemberoforganization,f)
4.0	3.0	0.75	(a,hasspouse,b) <= (i,hasspouse,a), (e,hasspouse,b), (i,haswife,e)
4.0	3.0	0.75	(a,animalthatfeedoninsect,b) <= (a,animalsuchasinsect,b), (a,specializationof,b)
64.0	48.0	0.75	(a,organizationterminatedperson,b) <= (f,organizationhiredperson,j), (a,organizationterminatedperson,j), (b,topmemberoforganization,f)
8.0	6.0	0.75	(a,airportincity,b) <= (a,airportincity,j), (b,mutualproxyfor,f), (j,organizationhiredperson,f)
4.0	3.0	0.75	(a,ceoof,b) <= (j,agentcollaborateswithagent,f), (b,agentcontrols,f), (a,ceoof,j)
12.0	9.0	0.75	(a,subpartof,b) <= (i,buildinglocatedincity,b), (i,locationlocatedwithinlocation,f), (a,subpartof,f)
8.0	6.0	0.75	(a,atlocation,b) <= (e,atlocation,b), (i,buildinglocatedincity,a), (i,locationlocatedwithinlocation,e)
4.0	3.0	0.75	(a,ceoof,b) <= (a,ceoof,f), (j,personleadsorganization,b), (f,subpartof,j)
32.0	24.0	0.75	(a,worksfor,b) <= (f,citylocatedingeopoliticallocation,j), (b,mutualproxyfor,f), (a,worksfor,j)
8.0	6.0	0.75	(a,automakerproducesmodel,b) <= (i,producesproduct,b), (a,subpartoforganization,f), (i,subpartoforganization,f)
4.0	3.0	0.75	(a,companyalsoknownas,b) <= (b,acquired,f), (a,companyalsoknownas,j), (f,subpartoforganization,j)
4.0	3.0	0.75	(a,proxyfor,b) <= (i,politicianrepresentslocation,e), (i,proxyfor,a), (e,proxyfor,b)
4.0	3.0	0.75	(a,stadiumlocatedincity,b) <= (f,buildinglocatedincity,j), (b,proxyfor,f), (a,stadiumlocatedincity,j)
4.0	3.0	0.75	(a,agentcollaborateswithagent,b) <= (b,agentcontrols,h), (b,subpartof,h), (b,worksfor,a)
24.0	18.0	0.75	(a,mutualproxyfor,b) <= (b,ceoof,a), (a,mutualproxyfor,h), (a,organizationhiredperson,h)
8.0	6.0	0.75	(a,proxyfor,b) <= (i,atdate,a), (i,citylocatedinstate,e), (e,proxyfor,b)
4.0	3.0	0.75	(a,haswife,b) <= (b,hashusband,a), (h,hasspouse,a), (a,haswife,h)
8.0	6.0	0.75	(a,animalistypeofanimal,b) <= (b,animalpreyson,a), (h,animalpreyson,b), (a,mammalsuchasmammal,h)
4.0	3.0	0.75	(a,organizationacronymhasname,b) <= (a,organizationacronymhasname,f), (f,organizationterminatedperson,j), (j,topmemberoforganization,b)
4.0	3.0	0.75	(a,arthropodcalledarthropod,b) <= (a,animalthatfeedoninsect,h), (b,arthropodandotherarthropod,h), (b,arthropodcalledarthropod,a)
4.0	3.0	0.75	(a,animalthatfeedoninsect,b) <= (a,animalsuchasinsect,h), (a,specializationof,b), (a,specializationof,h)
16.0	12.0	0.75	(a,arthropodcalledarthropod,b) <= (h,animalpreyson,a), (a,animalsuchasinsect,h), (b,arthropodcalledarthropod,a)
4.0	3.0	0.75	(a,acquired,b) <= (a,acquired,j), (b,organizationhiredperson,f), (j,organizationterminatedperson,f)
4.0	3.0	0.75	(a,persongraduatedfromuniversity,b) <= (a,haswife,h), (h,persongraduatedfromuniversity,b), (a,persongraduatedschool,b)
4.0	3.0	0.75	(a,synonymfor,b) <= (g,citylocatedingeopoliticallocation,b), (g,locationlocatedwithinlocation,b), (b,synonymfor,a)
4.0	3.0	0.75	(a,persongraduatedfromuniversity,b) <= (g,hassibling,a), (g,persongraduatedfromuniversity,b), (a,persongraduatedschool,b)
4.0	3.0	0.75	(a,synonymfor,b) <= (g,atlocation,a), (g,subpartof,a), (b,synonymfor,a)
8.0	6.0	0.75	(a,synonymfor,b) <= (g,agentcontrols,a), (g,subpartof,a), (b,synonymfor,a)
4.0	3.0	0.75	(a,arthropodandotherarthropod,b) <= (h,animalistypeofanimal,b), (a,arthropodcalledarthropod,b), (b,arthropodcalledarthropod,h)
32.0	24.0	0.75	(a,arthropodandotherarthropod,b) <= (i,agentcompeteswithagent,f), (a,arthropodandotherarthropod,f), (i,arthropodcalledarthropod,b)
4.0	3.0	0.75	(a,politicianrepresentslocation,b) <= (i,agentcollaborateswithagent,f), (i,politicianusendorsedbypoliticianus,a), (b,statelocatedingeopoliticallocation,f)
4.0	3.0	0.75	(a,synonymfor,b) <= (g,atlocation,b), (g,subpartof,b), (b,synonymfor,a)
4.0	3.0	0.75	(a,personleadsorganization,b) <= (a,agentcontrols,j), (b,organizationhiredperson,f), (f,proxyfor,j)
4.0	3.0	0.75	(a,synonymfor,b) <= (a,companyalsoknownas,b), (g,organizationalsoknownas,b), (g,synonymfor,b)
4.0	3.0	0.75	(a,locationlocatedwithinlocation,b) <= (g,hasofficeincity,a), (g,organizationheadquarteredincity,a), (a,subpartof,b)
8.0	6.0	0.75	(a,subpartof,b) <= (i,citylocatedingeopoliticallocation,a), (e,subpartof,b), (i,subpartof,e)
4.0	3.0	0.75	(a,locationlocatedwithinlocation,b) <= (g,organizationheadquarteredincity,a), (a,subpartof,b), (g,televisionstationincity,a)
4.0	3.0	0.75	(a,agentcollaborateswithagent,b) <= (a,agentcontrols,j), (j,ceoof,f), (b,topmemberoforganization,f)
4.0	3.0	0.75	(a,agentcontrols,b) <= (a,agentcontrols,h), (a,proxyfor,b), (a,worksfor,h)
4.0	3.0	0.75	(a,organizationhiredperson,b) <= (i,organizationheadquarteredinstateorprovince,a), (i,organizationheadquarteredinstateorprovince,f), (b,personbelongstoorganization,f)
8.0	6.0	0.75	(a,agentcontrols,b) <= (a,agentcollaborateswithagent,b), (g,agentcontrols,b), (g,mutualproxyfor,b)
4.0	3.0	0.75	(a,subpartof,b) <= (i,athleteplaysforteam,f), (i,personbelongstoorganization,b), (a,subpartof,f)
4.0	3.0	0.75	(a,agentcontrols,b) <= (h,agentcollaborateswithagent,a), (a,proxyfor,b), (a,topmemberoforganization,h)
4.0	3.0	0.75	(a,animalpreyson,b) <= (b,animalistypeofanimal,h), (h,animalpreyson,a), (a,specializationof,b)
4.0	3.0	0.75	(a,statelocatedingeopoliticallocation,b) <= (j,mutualproxyfor,f), (a,statelocatedingeopoliticallocation,j), (b,stateorprovinceisborderedbystateorprovince,f)
4.0	3.0	0.75	(a,agentcollaborateswithagent,b) <= (a,agentcollaborateswithagent,j), (f,mutualproxyfor,j), (b,personleadsgeopoliticalorganization,f)
4.0	3.0	0.75	(a,persongraduatedfromuniversity,b) <= (a,hasspouse,h), (h,persongraduatedfromuniversity,b), (a,persongraduatedschool,b)
4.0	3.0	0.75	(a,subpartof,b) <= (i,athleteledsportsteam,f), (i,personbelongstoorganization,b), (a,subpartof,f)
4.0	3.0	0.75	(a,personhasjobposition,b) <= (f,agentcollaborateswithagent,j), (a,personbelongstoorganization,f), (j,personhasjobposition,b)
24.0	18.0	0.75	(a,ceoof,b) <= (f,ceoof,j), (j,mutualproxyfor,a), (b,organizationhiredperson,f)
4.0	3.0	0.75	(a,locationlocatedwithinlocation,b) <= (i,agentbelongstoorganization,f), (i,atlocation,b), (a,locationlocatedwithinlocation,f)
4.0	3.0	0.75	(a,animalpreyson,b) <= (g,animalistypeofanimal,a), (g,animalpreyson,b), (a,specializationof,b)
4.0	3.0	0.75	(a,journalistwritesforpublication,b) <= (b,agentcollaborateswithagent,a), (g,topmemberoforganization,b), (g,worksfor,b)
4.0	3.0	0.75	(a,animalpreyson,b) <= (g,animalistypeofanimal,a), (g,animalistypeofanimal,b), (a,specializationof,b)
4.0	3.0	0.75	(a,worksfor,b) <= (f,bankboughtbank,j), (b,subpartoforganization,f), (a,worksfor,j)
4.0	3.0	0.75	(a,agentcontrols,b) <= (a,personbornincity,h), (a,personborninlocation,h), (a,proxyfor,b)
4.0	3.0	0.75	(a,locationlocatedwithinlocation,b) <= (j,atlocation,a), (e,countrycurrency,j), (e,organizationalsoknownas,b)
12.0	9.0	0.75	(a,proxyfor,b) <= (e,agentactsinlocation,b), (i,atdate,a), (i,sportsgameteam,e)
4.0	3.0	0.75	(a,locationlocatedwithinlocation,b) <= (e,countryalsoknownas,j), (e,organizationalsoknownas,b), (j,proxyfor,a)
8.0	6.0	0.75	(a,synonymfor,b) <= (a,mutualproxyfor,h), (b,proxyfor,h), (b,synonymfor,a)
20.0	15.0	0.75	(a,teamplaysagainstteam,b) <= (a,teamalsoknownas,b), (b,teamplaysagainstteam,a)
4.0	3.0	0.75	(a,countryalsoknownas,b) <= (i,countryalsoknownas,a), (i,mutualproxyfor,e), (e,subpartof,b)
4.0	3.0	0.75	(a,athleteplaysinleague,b) <= (a,athleteplaysforteam,f), (a,coachesinleague,b), (f,teamplaysinleague,b)
4.0	3.0	0.75	(a,statelocatedingeopoliticallocation,b) <= (i,personleadsorganization,f), (i,politicianrepresentslocation,a), (b,statelocatedingeopoliticallocation,f)
4.0	3.0	0.75	(a,animalsuchasinsect,b) <= (b,animalpreyson,a), (g,animalsuchasinsect,b), (g,arthropodcalledarthropod,b)
4.0	3.0	0.75	(a,ceoof,b) <= (b,agentcollaborateswithagent,f), (a,ceoof,j), (f,personbelongstoorganization,j)
4.0	3.0	0.75	(a,airportincity,b) <= (a,buildinglocatedincity,j), (j,citycapitalofcountry,f), (b,proxyfor,f)
4.0	3.0	0.75	(a,airportincity,b) <= (a,airportincity,j), (f,attractionofcity,j), (b,proxyfor,f)
16.0	12.0	0.75	(a,arthropodcalledarthropod,b) <= (g,agentcompeteswithagent,a), (b,arthropodcalledarthropod,a), (g,specializationof,a)
4.0	3.0	0.75	(a,organizationheadquarteredincity,b) <= (g,automobilemakerdealersincity,b), (g,organizationheadquarteredincity,b), (a,televisionstationincity,b)
8.0	6.0	0.75	(a,airportincity,b) <= (a,airportincity,f), (i,locationlocatedwithinlocation,f), (i,subpartof,b)
8.0	6.0	0.75	(a,agentcontrols,b) <= (a,agentcollaborateswithagent,b), (a,agentcontrols,h), (a,mutualproxyfor,h)
4.0	3.0	0.75	(a,organizationalsoknownas,b) <= (a,countryalsoknownas,b), (g,locationlocatedwithinlocation,a), (g,locationlocatedwithinlocation,b)
4.0	3.0	0.75	(a,ceoof,b) <= (e,agentcontrols,j), (e,ceoof,b), (j,mutualproxyfor,a)
4.0	3.0	0.75	(a,ceoof,b) <= (j,agentcollaborateswithagent,a), (e,ceoof,b), (e,proxyfor,j)
16.0	12.0	0.75	(a,athleteledsportsteam,b) <= (a,athleteledsportsteam,j), (b,organizationterminatedperson,f), (f,worksfor,j)
4.0	3.0	0.75	(a,organizationterminatedperson,b) <= (b,agentcontrols,f), (a,organizationhiredperson,j), (j,proxyfor,f)
4.0	3.0	0.75	(a,topmemberoforganization,b) <= (g,agentcontrols,a), (g,mutualproxyfor,a), (b,organizationterminatedperson,a)
4.0	3.0	0.75	(a,persongraduatedfromuniversity,b) <= (g,hasspouse,a), (g,persongraduatedfromuniversity,b), (a,persongraduatedschool,b)
4.0	3.0	0.75	(a,organizationhiredperson,b) <= (f,subpartof,j), (j,topmemberoforganization,a), (b,worksfor,f)
4.0	3.0	0.75	(a,animalpreyson,b) <= (b,animalistypeofanimal,a), (h,animalistypeofanimal,b), (b,specializationof,h)
4.0	3.0	0.75	(a,countrylocatedingeopoliticallocation,b) <= (a,countryalsoknownas,j), (j,organizationheadquarteredinstateorprovince,f), (b,stateorprovinceisborderedbystateorprovince,f)
4.0	3.0	0.75	(a,locationlocatedwithinlocation,b) <= (a,citycapitalofcountry,h), (a,locationlocatedwithinlocation,h), (a,proxyfor,b)
4.0	3.0	0.75	(a,personbelongstoorganization,b) <= (b,agentcollaborateswithagent,a), (b,proxyfor,h), (h,subpartof,b)
8.0	6.0	0.75	(a,animalthatfeedoninsect,b) <= (a,animalsuchasinsect,b), (h,animalsuchasinsect,b), (a,animalsuchasinsect,h)
4.0	3.0	0.75	(a,teamwontrophy,b) <= (a,agentcompeteswithagent,f), (i,athleteledsportsteam,f), (i,coachwontrophy,b)
4.0	3.0	0.75	(a,acquired,b) <= (e,acquired,b), (e,mutualproxyfor,j), (j,proxyfor,a)
8.0	6.0	0.75	(a,agentcontrols,b) <= (b,agentbelongstoorganization,h), (a,agentcollaborateswithagent,b), (h,agentcontrols,b)
4.0	3.0	0.75	(a,worksfor,b) <= (f,bankboughtbank,j), (b,subpartoforganization,f), (a,topmemberoforganization,j)
4.0	3.0	0.75	(a,organizationheadquarteredincity,b) <= (j,citycapitalofcountry,f), (a,hasofficeincity,j), (b,proxyfor,f)
8.0	6.0	0.75	(a,organizationterminatedperson,b) <= (a,organizationterminatedperson,j), (b,proxyfor,f), (j,subpartof,f)
4.0	3.0	0.75	(a,arthropodcalledarthropod,b) <= (b,animalsuchasinvertebrate,a), (b,arthropodandotherarthropod,a), (b,arthropodcalledarthropod,a)
4.0	3.0	0.75	(a,headquarteredin,b) <= (j,headquarteredin,b), (a,organizationterminatedperson,f), (f,personbelongstoorganization,j)
8.0	6.0	0.75	(a,competeswith,b) <= (j,agentcreated,f), (b,agentinvolvedwithitem,f), (a,competeswith,j)
4.0	3.0	0.75	(a,leaguestadiums,b) <= (e,agentcollaborateswithagent,j), (j,athleteplaysinleague,a), (e,teamhomestadium,b)
4.0	3.0	0.75	(a,arthropodcalledarthropod,b) <= (b,animalsuchasinvertebrate,a), (a,animalthatfeedoninsect,h), (h,arthropodandotherarthropod,b)
4.0	3.0	0.75	(a,organizationhiredperson,b) <= (f,agentcollaborateswithagent,j), (j,athleteledsportsteam,a), (b,worksfor,f)
8.0	6.0	0.75	(a,automakerproducesmodel,b) <= (e,agentcontrols,j), (e,agentinvolvedwithitem,b), (j,topmemberoforganization,a)
4.0	3.0	0.75	(a,agentcontrols,b) <= (b,agentcollaborateswithagent,f), (a,agentcontrols,j), (f,personbelongstoorganization,j)
4.0	3.0	0.75	(a,athleteplaysforteam,b) <= (b,agentcollaborateswithagent,h), (a,athleteledsportsteam,b), (h,subpartof,b)
4.0	3.0	0.75	(a,athleteplaysforteam,b) <= (b,agentcollaborateswithagent,f), (a,athleteledsportsteam,j), (f,subpartof,j)
4.0	3.0	0.75	(a,agentcompeteswithagent,b) <= (b,agentactsinlocation,f), (i,subpartoforganization,a), (i,teamhomestadium,f)
8.0	6.0	0.75	(a,agentcreated,b) <= (i,agentbelongstoorganization,a), (e,agentcreated,b), (i,subpartof,e)
8.0	6.0	0.75	(a,fishservedwithfood,b) <= (i,animalpreyson,e), (e,animalsuchasfish,a), (i,fishservedwithfood,b)
8.0	6.0	0.75	(a,fishservedwithfood,b) <= (e,animalpreyson,j), (e,animalsuchasfish,a), (j,fishservedwithfood,b)
8.0	6.0	0.75	(a,fishservedwithfood,b) <= (e,animalsuchasfish,a), (j,fishservedwithfood,b), (e,specializationof,j)
4.0	3.0	0.75	(a,agentcontrols,b) <= (e,agentcontrols,b), (i,personbelongstoorganization,e), (i,politicianusmemberofpoliticalgroup,a)
4.0	3.0	0.75	(a,ceoof,b) <= (a,ceoof,h), (b,organizationhiredperson,a), (a,personleadsorganization,h)
8.0	6.0	0.75	(a,subpartof,b) <= (a,locationlocatedwithinlocation,f), (f,organizationheadquarteredincity,j), (j,subpartof,b)
16.0	12.0	0.75	(a,subpartof,b) <= (j,personleadsorganization,a), (f,subpartof,j), (b,worksfor,f)
12.0	9.0	0.75	(a,organizationhiredperson,b) <= (b,personleadsorganization,h), (h,subpartof,b), (b,worksfor,a)
4.0	3.0	0.75	(a,organizationhiredperson,b) <= (g,agentcontrols,b), (g,mutualproxyfor,b), (b,topmemberoforganization,a)
4.0	3.0	0.75	(a,organizationalsoknownas,b) <= (i,companyalsoknownas,e), (i,organizationalsoknownas,a), (e,organizationalsoknownas,b)
8.0	6.0	0.75	(a,personleadsorganization,b) <= (j,mutualproxyfor,a), (e,personleadsorganization,j), (e,proxyfor,b)
4.0	3.0	0.75	(a,organizationheadquarteredincity,b) <= (i,automobilemakerdealersincity,b), (i,organizationheadquarteredincity,f), (a,televisionstationincity,f)
4.0	3.0	0.75	(a,proxyfor,b) <= (a,citylocatedinstate,b), (h,locationlocatedwithinlocation,a), (b,proxyfor,h)
8.0	6.0	0.75	(a,mutualproxyfor,b) <= (a,agentcollaborateswithagent,b), (a,agentcontrols,h), (a,mutualproxyfor,h)
16.0	12.0	0.75	(a,hasofficeincity,b) <= (a,agentcollaborateswithagent,f), (j,hasofficeincity,b), (f,proxyfor,j)
4.0	3.0	0.75	(a,personleadsorganization,b) <= (i,mutualproxyfor,a), (i,organizationhiredperson,e), (e,proxyfor,b)
4.0	3.0	0.75	(a,istallerthan,b) <= (i,atlocation,f), (i,istallerthan,b), (a,statelocatedincountry,f)
4.0	3.0	0.75	(a,organizationalsoknownas,b) <= (i,ceoof,a), (e,organizationalsoknownas,b), (i,personleadsorganization,e)
4.0	3.0	0.75	(a,organizationterminatedperson,b) <= (e,agentcontrols,b), (e,mutualproxyfor,j), (j,topmemberoforganization,a)
16.0	12.0	0.75	(a,personleadsorganization,b) <= (j,personleadsorganization,b), (f,subpartof,j), (a,worksfor,f)
4.0	3.0	0.75	(a,persongraduatedschool,b) <= (a,haswife,h), (a,persongraduatedfromuniversity,b), (h,persongraduatedfromuniversity,b)
4.0	3.0	0.75	(a,organizationhiredperson,b) <= (a,agentcompeteswithagent,f), (j,organizationhiredperson,b), (f,synonymfor,j)
4.0	3.0	0.75	(a,agentcontrols,b) <= (a,agentcontrols,f), (i,athleteplaysforteam,f), (i,personbelongstoorganization,b)
4.0	3.0	0.75	(a,organizationterminatedperson,b) <= (h,mutualproxyfor,b), (b,mutualproxyfor,h), (b,personleadsorganization,a)
4.0	3.0	0.75	(a,animalsuchasinsect,b) <= (g,animalthatfeedoninsect,b), (a,specializationof,b), (g,specializationof,b)
48.0	36.0	0.75	(a,organizationhiredperson,b) <= (a,organizationterminatedperson,b), (a,subpartof,b)
4.0	3.0	0.75	(a,organizationhiredperson,b) <= (h,subpartof,b), (b,topmemberoforganization,h), (b,worksfor,a)
16.0	12.0	0.75	(a,subpartof,b) <= (a,mutualproxyfor,j), (f,subpartof,j), (b,topmemberoforganization,f)
4.0	3.0	0.75	(a,subpartof,b) <= (a,organizationterminatedperson,h), (b,personleadsorganization,a), (h,proxyfor,a)
4.0	3.0	0.75	(a,persongraduatedschool,b) <= (a,hassibling,h), (a,persongraduatedfromuniversity,b), (h,persongraduatedschool,b)
4.0	3.0	0.75	(a,agriculturalproductcomingfromvertebrate,b) <= (f,agentcompeteswithagent,b), (a,agriculturalproductcomingfromvertebrate,f), (b,agriculturalproductincludingagriculturalproduct,f)
8.0	6.0	0.75	(a,organizationhiredperson,b) <= (b,coachesteam,h), (h,organizationhiredperson,b), (b,personbelongstoorganization,a)
4.0	3.0	0.75	(a,teamalsoknownas,b) <= (i,athleteledsportsteam,f), (i,personbelongstoorganization,b), (a,teamalsoknownas,f)
4.0	3.0	0.75	(a,animalsuchasinsect,b) <= (g,animalsuchasinsect,b), (g,animalthatfeedoninsect,b), (a,specializationof,b)
4.0	3.0	0.75	(a,agriculturalproductcomingfromvertebrate,b) <= (b,agentcompeteswithagent,f), (a,agriculturalproductcomingfromvertebrate,f), (b,agriculturalproductincludingagriculturalproduct,f)
4.0	3.0	0.75	(a,locationlocatedwithinlocation,b) <= (f,countryalsoknownas,b), (a,locationlocatedwithinlocation,f), (f,organizationalsoknownas,b)
4.0	3.0	0.75	(a,citycapitalofcountry,b) <= (a,citycapitalofcountry,h), (a,locationlocatedwithinlocation,b), (a,proxyfor,h)
4.0	3.0	0.75	(a,organizationalsoknownas,b) <= (e,companyalsoknownas,j), (j,organizationalsoknownas,a), (e,organizationalsoknownas,b)
4.0	3.0	0.75	(a,buildinglocatedincity,b) <= (a,airportincity,j), (f,attractionofcity,j), (b,proxyfor,f)
12.0	9.0	0.75	(a,subpartof,b) <= (e,organizationterminatedperson,b), (j,personleadsorganization,a), (e,subpartof,j)
4.0	3.0	0.75	(a,organizationalsoknownas,b) <= (a,companyalsoknownas,f), (i,organizationalsoknownas,f), (i,synonymfor,b)
4.0	3.0	0.75	(a,animalpreyson,b) <= (h,animalistypeofanimal,b), (b,animalpreyson,h), (b,specializationof,a)
8.0	6.0	0.75	(a,agentcompeteswithagent,b) <= (e,agentcompeteswithagent,b), (e,organizationterminatedperson,j), (j,topmemberoforganization,a)
4.0	3.0	0.75	(a,organizationalsoknownas,b) <= (a,companyalsoknownas,f), (i,organizationalsoknownas,b), (i,synonymfor,f)
4.0	3.0	0.75	(a,mutualproxyfor,b) <= (a,locationlocatedwithinlocation,h), (h,organizationdissolvedatdate,b), (b,proxyfor,a)
4.0	3.0	0.75	(a,televisionstationincity,b) <= (j,agentbelongstoorganization,b), (f,mutualproxyfor,j), (a,televisionstationincity,f)
32.0	24.0	0.75	(a,topmemberoforganization,b) <= (j,mutualproxyfor,f), (b,organizationterminatedperson,f), (a,topmemberoforganization,j)
4.0	3.0	0.75	(a,countryalsoknownas,b) <= (b,countryalsoknownas,a), (a,countrylocatedingeopoliticallocation,h), (a,organizationalsoknownas,h)
4.0	3.0	0.75	(a,countryalsoknownas,b) <= (b,countryalsoknownas,a), (a,countryalsoknownas,h), (a,organizationalsoknownas,h)
4.0	3.0	0.75	(a,agentcompeteswithagent,b) <= (e,agentcompeteswithagent,b), (i,athleteledsportsteam,e), (i,subpartof,a)
4.0	3.0	0.75	(a,countryalsoknownas,b) <= (a,agentcollaborateswithagent,h), (b,countryalsoknownas,a), (h,worksfor,a)
4.0	3.0	0.75	(a,hasofficeincountry,b) <= (i,hasofficeincountry,b), (i,mutualproxyfor,f), (a,organizationhiredperson,f)
4.0	3.0	0.75	(a,countryalsoknownas,b) <= (b,countryalsoknownas,a), (a,mutualproxyfor,h), (h,subpartof,a)
4.0	3.0	0.75	(a,countryalsoknownas,b) <= (b,countryalsoknownas,a), (h,locationlocatedwithinlocation,a), (a,mutualproxyfor,h)
4.0	3.0	0.75	(a,statelocatedingeopoliticallocation,b) <= (i,countrylocatedingeopoliticallocation,b), (i,organizationheadquarteredinstateorprovince,f), (a,stateorprovinceisborderedbystateorprovince,f)
4.0	3.0	0.75	(a,subpartof,b) <= (a,agentcollaborateswithagent,h), (a,proxyfor,b), (a,proxyfor,h)
4.0	3.0	0.75	(a,citylocatedincountry,b) <= (j,citylocatedincountry,b), (a,organizationhiredperson,f), (f,worksfor,j)
4.0	3.0	0.75	(a,proxyfor,b) <= (h,agentcollaborateswithagent,a), (a,proxyfor,h), (a,subpartof,b)
4.0	3.0	0.75	(a,awardtrophytournamentisthechampionshipgameofthenationalsport,b) <= (e,athleteplaysforteam,j), (e,athletewinsawardtrophytournament,a), (j,teamplayssport,b)
8.0	6.0	0.75	(a,companyalsoknownas,b) <= (i,companyalsoknownas,a), (e,companyalsoknownas,b), (i,organizationalsoknownas,e)
4.0	3.0	0.75	(a,agentcollaborateswithagent,b) <= (h,agentcollaborateswithagent,b), (b,athleteledsportsteam,h), (b,athleteplaysforteam,a)
4.0	3.0	0.75	(a,organizationhiredperson,b) <= (a,subpartof,h), (b,topmemberoforganization,a), (h,worksfor,a)
8.0	6.0	0.75	(a,agentbelongstoorganization,b) <= (j,agentcontrols,a), (e,agentcontrols,j), (e,teamplaysinleague,b)
4.0	3.0	0.75	(a,buildinglocatedincity,b) <= (a,buildinglocatedincity,j), (j,citycapitalofcountry,f), (b,proxyfor,f)
4.0	3.0	0.75	(a,organizationhiredperson,b) <= (h,subpartof,b), (b,topmemberoforganization,a), (b,worksfor,h)
4.0	3.0	0.75	(a,animalpreyson,b) <= (g,animalistypeofanimal,b), (g,animalpreyson,a), (b,specializationof,a)
4.0	3.0	0.75	(a,organizationheadquarteredincity,b) <= (i,automobilemakerdealersincity,f), (i,organizationheadquarteredincity,b), (a,televisionstationincity,f)
12.0	9.0	0.75	(a,organizationhiredperson,b) <= (i,organizationheadquarteredinstateorprovince,a), (i,organizationheadquarteredinstateorprovince,e), (e,organizationterminatedperson,b)
8.0	6.0	0.75	(a,organizationhiredperson,b) <= (g,teamalsoknownas,a), (g,teamplaysagainstteam,a), (b,worksfor,a)
4.0	3.0	0.75	(a,politicianrepresentslocation,b) <= (f,hashusband,j), (a,haswife,f), (j,politicianrepresentslocation,b)
8.0	6.0	0.75	(a,organizationhiredperson,b) <= (h,organizationhiredperson,b), (b,topmemberoforganization,a), (b,worksfor,h)
4.0	3.0	0.75	(a,animalpreyson,b) <= (b,agentcompeteswithagent,h), (b,animalsuchasinsect,a), (h,animalsuchasinvertebrate,b)
8.0	6.0	0.75	(a,headquarteredin,b) <= (e,organizationheadquarteredincity,b), (e,organizationhiredperson,j), (j,topmemberoforganization,a)
4.0	3.0	0.75	(a,organizationhiredperson,b) <= (a,organizationhiredperson,j), (b,personleadsgeopoliticalorganization,f), (j,personleadsorganization,f)
4.0	3.0	0.75	(a,arthropodcalledarthropod,b) <= (a,animalthatfeedoninsect,f), (f,arthropodandotherarthropod,a), (f,arthropodcalledarthropod,b)
4.0	3.0	0.75	(a,personhasresidenceingeopoliticallocation,b) <= (a,personhasresidenceingeopoliticallocation,f), (i,statelocatedingeopoliticallocation,b), (i,subpartof,f)
4.0	3.0	0.75	(a,citycapitalofcountry,b) <= (a,citycapitalofcountry,h), (a,locationlocatedwithinlocation,h), (a,proxyfor,b)
4.0	3.0	0.75	(a,mutualproxyfor,b) <= (h,mutualproxyfor,b), (a,organizationhiredperson,b), (b,proxyfor,h)
4.0	3.0	0.75	(a,organizationheadquarteredincity,b) <= (f,agentcollaborateswithagent,j), (j,personbelongstoorganization,b), (a,televisionstationincity,f)
8.0	6.0	0.75	(a,citylocatedincountry,b) <= (a,citycapitalofcountry,b), (g,hasofficeincity,a), (g,organizationheadquarteredincity,a)
4.0	3.0	0.75	(a,languageofcountry,b) <= (a,languageofcountry,f), (f,organizationhiredperson,j), (j,personbelongstoorganization,b)
16.0	12.0	0.75	(a,subpartoforganization,b) <= (a,organizationhiredperson,f), (i,organizationterminatedperson,f), (i,subpartoforganization,b)
8.0	6.0	0.75	(a,bankbankincountry,b) <= (e,bankbankincountry,b), (i,ceoof,a), (i,personleadsorganization,e)
8.0	6.0	0.75	(a,atdate,b) <= (e,atdate,b), (i,personleadsorganization,e), (i,politicianusmemberofpoliticalgroup,a)
4.0	3.0	0.75	(a,agentcompeteswithagent,b) <= (a,agentcompeteswithagent,f), (i,personbelongstoorganization,b), (i,subpartof,f)
4.0	3.0	0.75	(a,automobilemakercardealersinstateorprovince,b) <= (e,automobilemakercardealersinstateorprovince,b), (i,ceoof,a), (i,topmemberoforganization,e)
4.0	3.0	0.75	(a,personleadsorganization,b) <= (b,bankbankincountry,h), (b,hasofficeincountry,h), (b,organizationhiredperson,a)
8.0	6.0	0.75	(a,agentcompeteswithagent,b) <= (a,agentcompeteswithagent,f), (i,athleteledsportsteam,f), (i,personbelongstoorganization,b)
12.0	9.0	0.75	(a,organizationhiredperson,b) <= (b,personleadsorganization,a), (h,subpartof,b), (b,worksfor,h)
12.0	9.0	0.75	(a,fatherofperson,b) <= (j,fatherofperson,f), (a,fatherofperson,j), (b,parentofperson,f)
4.0	3.0	0.75	(a,stateorprovinceisborderedbystateorprovince,b) <= (j,proxyfor,f), (b,statelocatedincountry,f), (a,statelocatedingeopoliticallocation,j)
12.0	9.0	0.75	(a,organizationhiredperson,b) <= (b,personleadsorganization,a), (a,subpartof,h), (h,worksfor,a)
4.0	3.0	0.75	(a,atlocation,b) <= (a,agentactsinlocation,b), (a,atlocation,h), (a,proxyfor,h)
8.0	6.0	0.75	(a,organizationterminatedperson,b) <= (b,ceoof,a), (h,subpartof,b), (b,topmemberoforganization,h)
4.0	3.0	0.75	(a,organizationhiredperson,b) <= (a,subpartof,h), (h,topmemberoforganization,a), (b,worksfor,a)
4.0	3.0	0.75	(a,organizationhiredperson,b) <= (j,organizationhiredperson,b), (a,organizationterminatedperson,f), (f,proxyfor,j)
4.0	3.0	0.75	(a,agentcompeteswithagent,b) <= (a,agentcollaborateswithagent,f), (j,agentcompeteswithagent,b), (f,personbelongstoorganization,j)
4.0	3.0	0.75	(a,subpartof,b) <= (b,agentcollaborateswithagent,a), (a,agentcollaborateswithagent,h), (a,proxyfor,h)
4.0	3.0	0.75	(a,organizationhiredperson,b) <= (a,organizationterminatedperson,h), (b,personleadsorganization,a), (h,proxyfor,a)
4.0	3.0	0.75	(a,subpartoforganization,b) <= (b,agentcontrols,f), (f,mutualproxyfor,j), (a,subpartoforganization,j)
8.0	6.0	0.75	(a,organizationterminatedperson,b) <= (b,ceoof,a), (a,subpartof,h), (h,topmemberoforganization,a)
4.0	3.0	0.75	(a,worksfor,b) <= (a,ceoof,h), (b,organizationhiredperson,a), (a,personleadsorganization,h)
12.0	9.0	0.75	(a,subpartof,b) <= (a,organizationterminatedperson,j), (b,personleadsorganization,f), (f,subpartof,j)
8.0	6.0	0.75	(a,personhasresidenceingeopoliticallocation,b) <= (f,agentcontrols,j), (j,atlocation,b), (a,personhasresidenceingeopoliticallocation,f)
4.0	3.0	0.75	(a,locationlocatedwithinlocation,b) <= (i,locationlocatedwithinlocation,b), (a,mutualproxyfor,f), (i,organizationhiredperson,f)
4.0	3.0	0.75	(a,newspaperincity,b) <= (a,newspaperincity,j), (b,organizationhiredperson,f), (f,personleadsgeopoliticalorganization,j)
4.0	3.0	0.75	(a,organizationhiredperson,b) <= (h,athleteplaysforteam,a), (a,organizationhiredperson,h), (b,worksfor,a)
4.0	3.0	0.75	(a,organizationhiredperson,b) <= (h,atlocation,a), (a,organizationhiredperson,h), (b,worksfor,a)
4.0	3.0	0.75	(a,agentcompeteswithagent,b) <= (a,agentactsinlocation,f), (i,subpartoforganization,b), (i,teamhomestadium,f)
4.0	3.0	0.75	(a,personleadsorganization,b) <= (a,agentcontrols,h), (b,organizationhiredperson,a), (a,proxyfor,h)
16.0	12.0	0.75	(a,subpartof,b) <= (h,personleadsorganization,a), (a,subpartof,h), (b,worksfor,a)
8.0	6.0	0.75	(a,organizationterminatedperson,b) <= (b,ceoof,h), (h,subpartof,b), (b,topmemberoforganization,a)
4.0	3.0	0.75	(a,locationlocatedwithinlocation,b) <= (i,organizationheadquarteredincity,e), (e,subpartof,b), (i,televisionstationincity,a)
4.0	3.0	0.75	(a,organizationalsoknownas,b) <= (e,companyalsoknownas,b), (i,topmemberoforganization,a), (i,worksfor,e)
4.0	3.0	0.75	(a,ceoof,b) <= (g,ceoof,b), (b,organizationhiredperson,a), (g,personleadsorganization,b)
8.0	6.0	0.75	(a,agentcontrols,b) <= (j,agentcontrols,b), (f,organizationhiredperson,j), (a,personleadsorganization,f)
4.0	3.0	0.75	(a,organizationterminatedperson,b) <= (g,agentcontrols,b), (g,mutualproxyfor,b), (b,topmemberoforganization,a)
4.0	3.0	0.75	(a,subpartof,b) <= (a,organizationhiredperson,h), (h,proxyfor,a), (b,worksfor,a)
4.0	3.0	0.75	(a,teamplayssport,b) <= (i,sportsgamesport,b), (i,sportsgameteam,f), (a,teamalsoknownas,f)
4.0	3.0	0.75	(a,istallerthan,b) <= (i,buildinglocatedincity,a), (e,istallerthan,b), (i,subpartof,e)
8.0	6.0	0.75	(a,organizationhiredperson,b) <= (b,coachwontrophy,h), (a,teamwontrophy,h), (b,worksfor,a)
4.0	3.0	0.75	(a,hasofficeincity,b) <= (j,ceoof,a), (e,hasofficeincity,b), (e,mutualproxyfor,j)
4.0	3.0	0.75	(a,agentcompeteswithagent,b) <= (j,agentcompeteswithagent,b), (a,agentcompeteswithagent,f), (f,newspaperincity,j)
8.0	6.0	0.75	(a,teamplaysagainstteam,b) <= (i,athleteplaysforteam,f), (i,personbelongstoorganization,b), (a,teamalsoknownas,f)
4.0	3.0	0.75	(a,atdate,b) <= (e,atdate,b), (i,athleteledsportsteam,e), (i,athleteplaysforteam,a)
24.0	18.0	0.75	(a,organizationhiredperson,b) <= (b,ceoof,a), (a,mutualproxyfor,h), (a,organizationhiredperson,h)
28.0	21.0	0.75	(a,organizationhiredperson,b) <= (b,ceoof,a), (a,subpartof,b)
20.0	15.0	0.75	(a,organizationhiredperson,b) <= (j,subpartof,b), (a,subpartof,f), (f,worksfor,j)
12.0	9.0	0.75	(a,topmemberoforganization,b) <= (f,agentcollaborateswithagent,j), (b,agentcontrols,f), (a,topmemberoforganization,j)
4.0	3.0	0.75	(a,animalsuchasinvertebrate,b) <= (a,agentcompeteswithagent,h), (a,animalsuchasinvertebrate,h), (b,arthropodcalledarthropod,a)
4.0	3.0	0.75	(a,personhasresidenceingeopoliticallocation,b) <= (f,attractionofcity,j), (a,personhasresidenceingeopoliticallocation,j), (b,proxyfor,f)
4.0	3.0	0.75	(a,animalsuchasinvertebrate,b) <= (h,animalsuchasinvertebrate,b), (a,arthropodandotherarthropod,h), (b,arthropodcalledarthropod,a)
4.0	3.0	0.75	(a,animalsuchasinvertebrate,b) <= (a,agentcompeteswithagent,h), (a,arthropodandotherarthropod,h), (b,arthropodcalledarthropod,a)
4.0	3.0	0.75	(a,agentcollaborateswithagent,b) <= (b,agentcontrols,a), (h,coachesteam,a), (a,organizationhiredperson,h)
4.0	3.0	0.75	(a,animalpreyson,b) <= (h,animalistypeofanimal,b), (a,animalpreyson,h), (b,animalsuchasinvertebrate,a)
8.0	6.0	0.75	(a,ceoof,b) <= (a,ceoof,h), (b,mutualproxyfor,a), (a,worksfor,h)
12.0	9.0	0.75	(a,personleadsorganization,b) <= (j,agentcollaborateswithagent,a), (e,personleadsorganization,b), (e,proxyfor,j)
8.0	6.0	0.75	(a,bankbankincountry,b) <= (e,bankbankincountry,b), (i,ceoof,a), (i,worksfor,e)
4.0	3.0	0.75	(a,persongraduatedschool,b) <= (g,hassibling,a), (a,persongraduatedfromuniversity,b), (g,persongraduatedschool,b)
12.0	9.0	0.75	(a,personleadsorganization,b) <= (i,organizationterminatedperson,a), (e,personleadsorganization,b), (i,subpartof,e)
4.0	3.0	0.75	(a,personleadsorganization,b) <= (g,ceoof,b), (b,organizationhiredperson,a), (g,personleadsorganization,b)
28.0	21.0	0.75	(a,organizationhiredperson,b) <= (b,ceoof,a), (h,ceoof,a), (a,subpartof,h)
4.0	3.0	0.75	(a,agentcollaborateswithagent,b) <= (b,agentcollaborateswithagent,a), (a,personhasresidenceingeopoliticallocation,h), (a,personleadsorganization,h)
4.0	3.0	0.75	(a,animaleatfood,b) <= (j,animaleatfood,b), (a,arthropodandotherarthropod,f), (f,specializationof,j)
4.0	3.0	0.75	(a,animaleatfood,b) <= (j,agentcompeteswithagent,a), (e,animaleatfood,b), (e,animalthatfeedoninsect,j)
4.0	3.0	0.75	(a,coachesteam,b) <= (i,agentcollaborateswithagent,a), (i,agentcontrols,e), (e,coachesteam,b)
16.0	12.0	0.75	(a,topmemberoforganization,b) <= (j,mutualproxyfor,a), (b,subpartof,f), (f,topmemberoforganization,j)
16.0	12.0	0.75	(a,agentcreated,b) <= (i,agentcreated,b), (i,automakerproducesmodel,f), (a,producesproduct,f)
4.0	3.0	0.75	(a,subpartof,b) <= (a,agentbelongstoorganization,h), (b,agentcollaborateswithagent,a), (a,subpartof,h)
20.0	15.0	0.75	(a,subpartof,b) <= (b,ceoof,a), (g,mutualproxyfor,b), (g,subpartof,b)
4.0	3.0	0.75	(a,teamplayssport,b) <= (i,athleteplaysforteam,e), (e,teamplayssport,b), (i,worksfor,a)
8.0	6.0	0.75	(a,organizationterminatedperson,b) <= (h,ceoof,a), (a,subpartof,h), (b,topmemberoforganization,a)
4.0	3.0	0.75	(a,proxyfor,b) <= (a,citycapitalofcountry,h), (a,locationlocatedwithinlocation,b), (a,proxyfor,h)
4.0	3.0	0.75	(a,organizationhiredperson,b) <= (a,agentcollaborateswithagent,h), (h,athleteledsportsteam,a), (b,worksfor,a)
28.0	21.0	0.75	(a,organizationhiredperson,b) <= (b,ceoof,a), (b,ceoof,h), (h,subpartof,b)
4.0	3.0	0.75	(a,organizationhiredperson,b) <= (i,agentcollaborateswithagent,b), (a,organizationterminatedperson,f), (i,subpartof,f)
8.0	6.0	0.75	(a,cityliesonriver,b) <= (e,cityliesonriver,b), (i,personhasresidenceingeopoliticallocation,e), (i,personleadsorganization,a)
4.0	3.0	0.75	(a,coachesteam,b) <= (i,agentcollaborateswithagent,e), (i,agentcontrols,a), (e,coachesteam,b)
4.0	3.0	0.75	(a,organizationhiredperson,b) <= (a,agentcollaborateswithagent,h), (h,athleteplaysforteam,a), (b,worksfor,a)
4.0	3.0	0.75	(a,agentcollaborateswithagent,b) <= (h,agentcollaborateswithagent,b), (b,proxyfor,h), (b,subpartof,a)
8.0	6.0	0.75	(a,agentcontrols,b) <= (e,agentcontrols,b), (e,ceoof,j), (j,organizationterminatedperson,a)
4.0	3.0	0.75	(a,istallerthan,b) <= (i,buildinglocatedincity,e), (e,istallerthan,b), (i,subpartof,a)
4.0	3.0	0.75	(a,transportationincity,b) <= (i,buildinglocatedincity,f), (i,subpartof,b), (a,transportationincity,f)
4.0	3.0	0.75	(a,agentcompeteswithagent,b) <= (e,agentcompeteswithagent,b), (i,athleteplaysforteam,e), (i,subpartof,a)
4.0	3.0	0.75	(a,countryalsoknownas,b) <= (b,countryalsoknownas,a), (b,mutualproxyfor,h), (h,subpartof,b)
4.0	3.0	0.75	(a,athleteplaysforteam,b) <= (b,agentcompeteswithagent,h), (a,athleteledsportsteam,b), (b,teamalsoknownas,h)
4.0	3.0	0.75	(a,arthropodandotherarthropod,b) <= (g,animalsuchasinsect,a), (a,animalsuchasinsect,b), (g,arthropodcalledarthropod,b)
4.0	3.0	0.75	(a,animalsuchasinvertebrate,b) <= (a,animalistypeofanimal,b), (a,animalsuchasinsect,h), (h,animalsuchasinvertebrate,b)
48.0	36.0	0.75	(a,organizationhiredperson,b) <= (a,organizationterminatedperson,h), (a,subpartof,b), (a,subpartof,h)
4.0	3.0	0.75	(a,mutualproxyfor,b) <= (g,atlocation,b), (b,subpartof,a), (g,subpartof,a)
4.0	3.0	0.75	(a,animalpreyson,b) <= (b,animalpreyson,a), (a,animalpreyson,h), (a,arthropodandotherarthropod,h)
4.0	3.0	0.75	(a,companyalsoknownas,b) <= (g,companyalsoknownas,b), (a,organizationalsoknownas,b), (g,synonymfor,b)
4.0	3.0	0.75	(a,countryalsoknownas,b) <= (b,countryalsoknownas,f), (f,countryalsoknownas,j), (a,organizationalsoknownas,j)
4.0	3.0	0.75	(a,teamplaysinleague,b) <= (e,coachesinleague,b), (j,teamalsoknownas,a), (e,worksfor,j)
28.0	21.0	0.75	(a,organizationhiredperson,b) <= (h,ceoof,a), (a,subpartof,b), (a,subpartof,h)
4.0	3.0	0.75	(a,agentcollaborateswithagent,b) <= (g,agentcollaborateswithagent,b), (g,proxyfor,b), (a,subpartof,b)
4.0	3.0	0.75	(a,countryalsoknownas,b) <= (b,countryalsoknownas,f), (a,countryalsoknownas,j), (f,organizationalsoknownas,j)
4.0	3.0	0.75	(a,subpartof,b) <= (a,agentcollaborateswithagent,b), (a,agentcollaborateswithagent,h), (a,proxyfor,h)
4.0	3.0	0.75	(a,arthropodandotherarthropod,b) <= (a,agentcompeteswithagent,h), (a,arthropodandotherarthropod,h), (b,arthropodcalledarthropod,a)
4.0	3.0	0.75	(a,countryalsoknownas,b) <= (f,agentcollaborateswithagent,j), (b,countryalsoknownas,f), (j,worksfor,a)
4.0	3.0	0.75	(a,subpartof,b) <= (h,agentcollaborateswithagent,a), (a,agentcollaborateswithagent,b), (a,proxyfor,h)
4.0	3.0	0.75	(a,worksfor,b) <= (b,agentcollaborateswithagent,h), (h,journalistwritesforpublication,b), (a,personleadsorganization,b)
4.0	3.0	0.75	(a,companyalsoknownas,b) <= (f,ceoof,j), (j,organizationalsoknownas,b), (a,organizationhiredperson,f)
4.0	3.0	0.75	(a,statelocatedingeopoliticallocation,b) <= (i,countrylocatedingeopoliticallocation,b), (i,organizationalsoknownas,f), (a,statelocatedingeopoliticallocation,f)
4.0	3.0	0.75	(a,worksfor,b) <= (b,agentcollaborateswithagent,a), (a,personleadsorganization,b), (a,proxyfor,b)
4.0	3.0	0.75	(a,hasspouse,b) <= (a,hashusband,h), (a,hasspouse,h), (b,haswife,a)
16.0	12.0	0.75	(a,countryalsoknownas,b) <= (b,countryalsoknownas,a), (a,countryalsoknownas,h), (b,countrylocatedingeopoliticallocation,h)
4.0	3.0	0.75	(a,organizationterminatedperson,b) <= (i,companyalsoknownas,e), (i,organizationalsoknownas,a), (e,organizationterminatedperson,b)
4.0	3.0	0.75	(a,countrylocatedingeopoliticallocation,b) <= (a,countryalsoknownas,f), (f,countrylocatedingeopoliticallocation,b), (f,organizationalsoknownas,b)
4.0	3.0	0.75	(a,organizationhiredperson,b) <= (g,agentcollaborateswithagent,b), (a,organizationterminatedperson,b), (g,subpartof,b)
4.0	3.0	0.75	(a,athleteplaysforteam,b) <= (g,athleteplaysforteam,b), (a,personbelongstoorganization,b), (g,subpartof,b)
4.0	3.0	0.75	(a,organizationterminatedperson,b) <= (i,companyalsoknownas,a), (i,organizationalsoknownas,e), (e,organizationterminatedperson,b)
4.0	3.0	0.75	(a,coachwontrophy,b) <= (j,coachwontrophy,b), (f,organizationterminatedperson,j), (a,worksfor,f)
4.0	3.0	0.75	(a,organizationalsoknownas,b) <= (f,ceoof,j), (j,organizationalsoknownas,b), (a,organizationhiredperson,f)
4.0	3.0	0.75	(a,mutualproxyfor,b) <= (b,citylocatedingeopoliticallocation,h), (b,mutualproxyfor,a), (b,proxyfor,h)
4.0	3.0	0.75	(a,statelocatedingeopoliticallocation,b) <= (i,personhasresidenceingeopoliticallocation,f), (a,statelocatedingeopoliticallocation,f), (i,worksfor,b)
4.0	3.0	0.75	(a,athleteplaysforteam,b) <= (g,athleteledsportsteam,b), (a,personbelongstoorganization,b), (g,subpartof,b)
4.0	3.0	0.75	(a,agentcollaborateswithagent,b) <= (e,agentcollaborateswithagent,b), (i,companyalsoknownas,e), (i,synonymfor,a)
4.0	3.0	0.75	(a,organizationheadquarteredincountry,b) <= (i,organizationheadquarteredincountry,b), (i,organizationhiredperson,f), (a,subpartof,f)
4.0	3.0	0.75	(a,teamplaysinleague,b) <= (i,personbelongstoorganization,a), (i,subpartof,e), (e,teamplaysinleague,b)
4.0	3.0	0.75	(a,organizationhiredperson,b) <= (i,atlocation,a), (e,organizationhiredperson,b), (i,worksfor,e)
12.0	9.0	0.75	(a,agriculturalproducttoattractinsect,b) <= (a,agriculturalproducttoattractinsect,h), (b,animaleatfood,a), (h,arthropodcalledarthropod,b)
4.0	3.0	0.75	(a,organizationheadquarteredincountry,b) <= (i,organizationheadquarteredincountry,b), (i,organizationterminatedperson,f), (a,subpartof,f)
4.0	3.0	0.75	(a,countryalsoknownas,b) <= (b,countryalsoknownas,f), (f,mutualproxyfor,j), (j,subpartof,a)
4.0	3.0	0.75	(a,countryalsoknownas,b) <= (a,agentcollaborateswithagent,j), (b,countryalsoknownas,f), (j,worksfor,f)
4.0	3.0	0.75	(a,countrylocatedingeopoliticallocation,b) <= (a,countryalsoknownas,f), (j,countrylocatedingeopoliticallocation,b), (f,organizationalsoknownas,j)
4.0	3.0	0.75	(a,subpartoforganization,b) <= (j,athleteplaysinleague,a), (e,organizationhiredperson,j), (e,subpartoforganization,b)
12.0	9.0	0.75	(a,organizationterminatedperson,b) <= (e,organizationterminatedperson,b), (j,personleadsorganization,a), (e,subpartof,j)
4.0	3.0	0.75	(a,worksfor,b) <= (g,journalistwritesforpublication,b), (a,personleadsorganization,b), (g,worksfor,b)
4.0	3.0	0.75	(a,hasofficeincity,b) <= (j,citycapitalofcountry,f), (a,hasofficeincity,j), (b,proxyfor,f)
4.0	3.0	0.75	(a,subpartof,b) <= (j,organizationhiredperson,b), (a,organizationterminatedperson,f), (f,proxyfor,j)
4.0	3.0	0.75	(a,subpartoforganization,b) <= (i,personbelongstoorganization,a), (i,subpartof,e), (e,subpartoforganization,b)
4.0	3.0	0.75	(a,arthropodandotherarthropod,b) <= (a,agentcompeteswithagent,h), (a,animalsuchasinvertebrate,h), (b,arthropodcalledarthropod,a)
8.0	6.0	0.75	(a,agentbelongstoorganization,b) <= (b,agentcontrols,a), (h,coachesinleague,b), (b,organizationhiredperson,h)
4.0	3.0	0.75	(a,agentcollaborateswithagent,b) <= (a,agentcontrols,b), (b,ceoof,h), (b,topmemberoforganization,h)
8.0	6.0	0.75	(a,worksfor,b) <= (h,organizationhiredperson,a), (a,topmemberoforganization,b), (a,worksfor,h)
8.0	6.0	0.75	(a,agentcompeteswithagent,b) <= (b,agentcompeteswithagent,a), (g,agentcompeteswithagent,a), (g,teamalsoknownas,a)
4.0	3.0	0.75	(a,locationlocatedwithinlocation,b) <= (i,istallerthan,b), (a,locationlocatedwithinlocation,f), (i,organizationalsoknownas,f)
4.0	3.0	0.75	(a,atdate,b) <= (i,atdate,b), (a,citylocatedingeopoliticallocation,f), (i,persondiedincountry,f)
4.0	3.0	0.75	(a,animalsuchasinsect,b) <= (a,animalistypeofanimal,b), (a,animalistypeofanimal,h), (h,animalthatfeedoninsect,b)
8.0	6.0	0.75	(a,agentcompeteswithagent,b) <= (b,agentcompeteswithagent,a), (g,agentcompeteswithagent,b), (g,animalpreyson,a)
4.0	3.0	0.75	(a,topmemberoforganization,b) <= (g,agentcollaborateswithagent,a), (g,agentcontrols,a), (a,ceoof,b)
4.0	3.0	0.75	(a,countryalsoknownas,b) <= (j,citylocatedincountry,b), (a,countryalsoknownas,f), (f,mutualproxyfor,j)
4.0	3.0	0.75	(a,worksfor,b) <= (i,mutualproxyfor,a), (i,organizationhiredperson,e), (e,proxyfor,b)
8.0	6.0	0.75	(a,agentcontrols,b) <= (b,agentbelongstoorganization,f), (a,agentcompeteswithagent,f), (f,agentcontrols,b)
4.0	3.0	0.75	(a,worksfor,b) <= (a,personleadsorganization,b), (g,topmemberoforganization,b), (g,worksfor,b)
4.0	3.0	0.75	(a,subpartof,b) <= (a,agentcollaborateswithagent,b), (a,proxyfor,b)
76.0	57.0	0.75	(a,teamplaysagainstteam,b) <= (g,athleteplaysforteam,a), (b,teamplaysagainstteam,a), (g,worksfor,a)
8.0	6.0	0.75	(a,ceoof,b) <= (h,ceoof,b), (b,mutualproxyfor,h), (a,worksfor,b)
4.0	3.0	0.75	(a,agentcompeteswithagent,b) <= (h,agentcompeteswithagent,b), (a,agentcompeteswithagent,h), (b,teamalsoknownas,a)
4.0	3.0	0.75	(a,agentcompeteswithagent,b) <= (a,agentcompeteswithagent,h), (a,arthropodandotherarthropod,h), (b,arthropodcalledarthropod,a)
8.0	6.0	0.75	(a,sportfansincountry,b) <= (a,sportfansincountry,f), (i,statelocatedincountry,f), (i,subpartof,b)
4.0	3.0	0.75	(a,agentcompeteswithagent,b) <= (a,agentcompeteswithagent,h), (a,animalsuchasinvertebrate,h), (b,arthropodcalledarthropod,a)
4.0	3.0	0.75	(a,animalthatfeedoninsect,b) <= (h,agriculturalproducttoattractinsect,b), (a,animaleatfood,h), (b,animalsuchasinvertebrate,a)
4.0	3.0	0.75	(a,organizationterminatedperson,b) <= (e,companyalsoknownas,j), (j,organizationalsoknownas,a), (e,organizationterminatedperson,b)
32.0	24.0	0.75	(a,sportfansincountry,b) <= (i,citylocatedingeopoliticallocation,b), (i,proxyfor,f), (a,sportfansincountry,f)
4.0	3.0	0.75	(a,proxyfor,b) <= (h,mutualproxyfor,a), (b,organizationhiredperson,a), (a,proxyfor,h)
16.0	12.0	0.75	(a,agentactsinlocation,b) <= (a,agentactsinlocation,f), (f,organizationterminatedperson,j), (j,worksfor,b)
4.0	3.0	0.75	(a,proxyfor,b) <= (a,agentactsinlocation,h), (b,mutualproxyfor,a), (a,proxyfor,h)
4.0	3.0	0.75	(a,personhasresidenceingeopoliticallocation,b) <= (i,personhasresidenceingeopoliticallocation,b), (i,personleadsgeopoliticalorganization,f), (a,worksfor,f)
4.0	3.0	0.75	(a,mutualproxyfor,b) <= (g,statelocatedingeopoliticallocation,a), (g,statelocatedingeopoliticallocation,b), (b,subpartof,a)
4.0	3.0	0.75	(a,hashusband,b) <= (a,hashusband,h), (a,hasspouse,h), (b,haswife,a)
8.0	6.0	0.75	(a,statelocatedingeopoliticallocation,b) <= (i,personleadsorganization,b), (a,statelocatedingeopoliticallocation,f), (i,worksfor,f)
4.0	3.0	0.75	(a,hasofficeincountry,b) <= (a,companyalsoknownas,f), (i,companyalsoknownas,f), (i,organizationheadquarteredincountry,b)
76.0	57.0	0.75	(a,teamplaysagainstteam,b) <= (g,athleteplaysforteam,b), (b,teamplaysagainstteam,a), (g,worksfor,b)
28.0	21.0	0.75	(a,organizationhiredperson,b) <= (j,ceoof,a), (b,ceoof,f), (f,subpartof,j)
8.0	6.0	0.75	(a,agentcollaborateswithagent,b) <= (e,agentcontrols,b), (i,musicianinmusicartist,a), (i,musicianinmusicartist,e)
4.0	3.0	0.75	(a,buildinglocatedincity,b) <= (a,buildinglocatedincity,f), (i,personhasresidenceingeopoliticallocation,b), (i,worksfor,f)
4.0	3.0	0.75	(a,countryalsoknownas,b) <= (g,citycapitalofcountry,b), (b,countryalsoknownas,a), (g,proxyfor,b)
4.0	3.0	0.75	(a,countryalsoknownas,b) <= (b,countryalsoknownas,a), (g,statelocatedincountry,b), (g,statelocatedingeopoliticallocation,b)
4.0	3.0	0.75	(a,organizationheadquarteredinstateorprovince,b) <= (e,organizationheadquarteredinstateorprovince,b), (e,organizationterminatedperson,j), (j,worksfor,a)
8.0	6.0	0.75	(a,atlocation,b) <= (j,atlocation,b), (a,organizationterminatedperson,f), (f,worksfor,j)
4.0	3.0	0.75	(a,countryalsoknownas,b) <= (g,citylocatedingeopoliticallocation,b), (b,countryalsoknownas,a), (g,locationlocatedwithinlocation,b)
4.0	3.0	0.75	(a,organizationhiredperson,b) <= (h,citylocatedinstate,a), (a,mutualproxyfor,h), (a,organizationterminatedperson,b)
4.0	3.0	0.75	(a,organizationheadquarteredinstateorprovince,b) <= (a,agentcollaborateswithagent,f), (j,organizationheadquarteredinstateorprovince,b), (f,personbelongstoorganization,j)
20.0	15.0	0.75	(a,agentcompeteswithagent,b) <= (e,agentcompeteswithagent,b), (i,athleteledsportsteam,e), (i,athleteplaysforteam,a)
4.0	3.0	0.75	(a,arthropodandotherarthropod,b) <= (g,animalpreyson,a), (g,animalsuchasinsect,b), (b,animalthatfeedoninsect,a)
4.0	3.0	0.75	(a,proxyfor,b) <= (b,locationlocatedwithinlocation,h), (b,mutualproxyfor,a), (h,organizationdissolvedatdate,a)
8.0	6.0	0.75	(a,competeswith,b) <= (a,acquired,f), (j,competeswith,b), (f,subpartoforganization,j)
8.0	6.0	0.75	(a,organizationhiredperson,b) <= (h,agentcompeteswithagent,a), (a,organizationterminatedperson,b), (a,subpartoforganization,h)
4.0	3.0	0.75	(a,citycapitalofcountry,b) <= (a,citycapitalofcountry,f), (i,personhasresidenceingeopoliticallocation,b), (i,personleadsorganization,f)
4.0	3.0	0.75	(a,worksfor,b) <= (h,organizationhiredperson,a), (a,personleadsorganization,b), (a,topmemberoforganization,h)
8.0	6.0	0.75	(a,countryalsoknownas,b) <= (g,citylocatedincountry,b), (g,citylocatedingeopoliticallocation,b), (b,countryalsoknownas,a)
4.0	3.0	0.75	(a,countryalsoknownas,b) <= (g,bankbankincountry,b), (b,countryalsoknownas,a), (g,hasofficeincountry,a)
4.0	3.0	0.75	(a,organizationterminatedperson,b) <= (i,agentcontrols,e), (i,ceoof,a), (e,mutualproxyfor,b)
4.0	3.0	0.75	(a,countryalsoknownas,b) <= (g,citycapitalofcountry,a), (b,countryalsoknownas,a), (g,proxyfor,a)
4.0	3.0	0.75	(a,transportationincity,b) <= (i,locationlocatedwithinlocation,f), (i,subpartof,b), (a,transportationincity,f)
4.0	3.0	0.75	(a,countryalsoknownas,b) <= (b,countryalsoknownas,a), (h,locationlocatedwithinlocation,b), (b,mutualproxyfor,h)
4.0	3.0	0.75	(a,animalpreyson,b) <= (a,agentcompeteswithagent,h), (h,animalistypeofanimal,b), (b,animalpreyson,a)
4.0	3.0	0.75	(a,agentcollaborateswithagent,b) <= (h,agentcollaborateswithagent,a), (a,proxyfor,h), (a,subpartof,b)
36.0	27.0	0.75	(a,ceoof,b) <= (h,ceoof,b), (b,mutualproxyfor,h), (b,organizationterminatedperson,a)
8.0	6.0	0.75	(a,animalistypeofanimal,b) <= (f,agentcompeteswithagent,j), (a,animalistypeofanimal,j), (b,arthropodcalledarthropod,f)
16.0	12.0	0.75	(a,arthropodcalledarthropod,b) <= (i,agentcompeteswithagent,f), (b,arthropodcalledarthropod,f), (i,specializationof,a)
4.0	3.0	0.75	(a,countryalsoknownas,b) <= (b,countryalsoknownas,a), (a,countryalsoknownas,h), (h,countrylocatedingeopoliticallocation,b)
48.0	36.0	0.75	(a,organizationhiredperson,b) <= (a,organizationterminatedperson,b), (a,organizationterminatedperson,h), (a,subpartof,h)
4.0	3.0	0.75	(a,organizationheadquarteredinstateorprovince,b) <= (e,agentcollaborateswithagent,j), (e,organizationheadquarteredinstateorprovince,b), (j,worksfor,a)
4.0	3.0	0.75	(a,organizationheadquarteredinstateorprovince,b) <= (e,agentcollaborateswithagent,j), (e,organizationheadquarteredinstateorprovince,b), (j,personbelongstoorganization,a)
4.0	3.0	0.75	(a,organizationterminatedperson,b) <= (b,agentcontrols,h), (h,mutualproxyfor,b), (a,organizationhiredperson,b)
4.0	3.0	0.75	(a,organizationterminatedperson,b) <= (b,agentcontrols,h), (a,organizationhiredperson,b), (b,proxyfor,h)
12.0	9.0	0.75	(a,locationlocatedwithinlocation,b) <= (a,locationlocatedwithinlocation,f), (f,organizationhiredperson,j), (j,personhasresidenceingeopoliticallocation,b)
4.0	3.0	0.75	(a,proxyfor,b) <= (g,statelocatedingeopoliticallocation,a), (g,statelocatedingeopoliticallocation,b), (a,subpartof,b)
4.0	3.0	0.75	(a,organizationheadquarteredinstateorprovince,b) <= (a,agentcollaborateswithagent,f), (f,athleteplaysforteam,j), (j,organizationheadquarteredinstateorprovince,b)
4.0	3.0	0.75	(a,mutualproxyfor,b) <= (b,atdate,h), (h,proxyfor,a), (b,subpartof,a)
4.0	3.0	0.75	(a,animalsuchasinvertebrate,b) <= (a,animalpreyson,b), (a,animalthatfeedoninsect,h), (b,arthropodandotherarthropod,h)
4.0	3.0	0.75	(a,organizationterminatedperson,b) <= (e,mutualproxyfor,b), (i,mutualproxyfor,e), (i,personleadsorganization,a)
4.0	3.0	0.75	(a,animalpreyson,b) <= (b,arthropodandotherarthropod,f), (i,arthropodcalledarthropod,f), (i,specializationof,a)
16.0	12.0	0.75	(a,personleadsorganization,b) <= (h,personleadsorganization,b), (b,subpartof,h), (a,worksfor,b)
4.0	3.0	0.75	(a,organizationterminatedperson,b) <= (e,agentcontrols,j), (e,mutualproxyfor,b), (j,topmemberoforganization,a)
8.0	6.0	0.75	(a,worksfor,b) <= (b,organizationterminatedperson,h), (a,personleadsorganization,b), (b,subpartof,h)
4.0	3.0	0.75	(a,personhasresidenceingeopoliticallocation,b) <= (i,buildinglocatedincity,b), (i,locationlocatedwithinlocation,f), (a,personhasresidenceingeopoliticallocation,f)
16.0	12.0	0.75	(a,agentactsinlocation,b) <= (a,agentactsinlocation,j), (b,organizationterminatedperson,f), (f,worksfor,j)
8.0	6.0	0.75	(a,organizationalsoknownas,b) <= (f,ceoof,j), (j,organizationalsoknownas,b), (a,organizationterminatedperson,f)
12.0	9.0	0.75	(a,mutualproxyfor,b) <= (a,organizationterminatedperson,b), (a,subpartof,h), (h,worksfor,a)
4.0	3.0	0.75	(a,citylocatedingeopoliticallocation,b) <= (e,citylocatedingeopoliticallocation,b), (e,organizationhiredperson,j), (j,personhasresidenceingeopoliticallocation,a)
48.0	36.0	0.75	(a,organizationhiredperson,b) <= (a,organizationterminatedperson,b), (g,organizationterminatedperson,b), (g,subpartof,b)
4.0	3.0	0.75	(a,locationlocatedwithinlocation,b) <= (i,agentactsinlocation,a), (e,atlocation,b), (i,organizationhiredperson,e)
4.0	3.0	0.75	(a,organizationterminatedperson,b) <= (i,headquarteredin,a), (i,newspaperincity,e), (e,organizationterminatedperson,b)
4.0	3.0	0.75	(a,proxyfor,b) <= (g,automobilemakercardealersinstateorprovince,b), (g,automobilemakerdealersincity,a), (a,citylocatedingeopoliticallocation,b)
4.0	3.0	0.75	(a,proxyfor,b) <= (g,agentcollaborateswithagent,b), (g,proxyfor,b), (a,subpartof,b)
8.0	6.0	0.75	(a,sportschoolincountry,b) <= (j,citylocatedincountry,b), (f,mutualproxyfor,j), (a,sportschoolincountry,f)
4.0	3.0	0.75	(a,athleteplaysforteam,b) <= (b,agentcollaborateswithagent,a), (a,athleteledsportsteam,h), (a,athleteplaysforteam,h)
8.0	6.0	0.75	(a,agentactsinlocation,b) <= (a,agentactsinlocation,j), (b,mutualproxyfor,f), (j,organizationhiredperson,f)
4.0	3.0	0.75	(a,animalistypeofanimal,b) <= (i,agentcompeteswithagent,b), (a,animalistypeofanimal,f), (i,arthropodandotherarthropod,f)
4.0	3.0	0.75	(a,animalistypeofanimal,b) <= (i,animalistypeofanimal,b), (a,animalistypeofanimal,f), (i,ismultipleof,f)
1611.0	1207.0	0.749224084	(a,teamplaysagainstteam,b) <= (i,athleteledsportsteam,b), (i,athleteplaysforteam,f), (a,teamplaysagainstteam,f)
127.0	95.0	0.748031496	(a,agentbelongstoorganization,b) <= (b,agentcontrols,a), (h,agentcontrols,a), (a,subpartof,h)
162.0	121.0	0.74691358	(a,agentinvolvedwithitem,b) <= (a,agentcollaborateswithagent,f), (j,agentinvolvedwithitem,b), (f,personleadsorganization,j)
67.0	50.0	0.746268657	(a,teamalsoknownas,b) <= (j,organizationalsoknownas,a), (e,synonymfor,j), (e,teamalsoknownas,b)
67.0	50.0	0.746268657	(a,teamalsoknownas,b) <= (i,organizationalsoknownas,a), (i,synonymfor,e), (e,teamalsoknownas,b)
106.0	79.0	0.745283019	(a,proxyfor,b) <= (a,locationlocatedwithinlocation,h), (b,mutualproxyfor,a), (a,proxyfor,h)
208.0	155.0	0.745192308	(a,agentbelongstoorganization,b) <= (i,agentcollaborateswithagent,f), (i,subpartof,b), (a,subpartof,f)
35.0	26.0	0.742857143	(a,animalthatfeedoninsect,b) <= (a,animalthatfeedoninsect,f), (i,animalthatfeedoninsect,f), (i,specializationof,b)
35.0	26.0	0.742857143	(a,organizationterminatedperson,b) <= (j,subpartof,b), (a,subpartof,f), (f,topmemberoforganization,j)
35.0	26.0	0.742857143	(a,organizationterminatedperson,b) <= (a,subpartof,b), (h,subpartof,b), (b,topmemberoforganization,h)
101.0	75.0	0.742574257	(a,proxyfor,b) <= (a,locationlocatedwithinlocation,b), (h,mutualproxyfor,a), (a,proxyfor,h)
31.0	23.0	0.741935484	(a,subpartof,b) <= (b,mutualproxyfor,f), (f,personhasresidenceingeopoliticallocation,j), (a,subpartof,j)
62.0	46.0	0.741935484	(a,arthropodcalledarthropod,b) <= (i,agentcompeteswithagent,f), (i,arthropodcalledarthropod,b), (a,arthropodcalledarthropod,f)
31.0	23.0	0.741935484	(a,subpartof,b) <= (a,organizationterminatedperson,f), (j,subpartof,b), (f,worksfor,j)
62.0	46.0	0.741935484	(a,proxyfor,b) <= (a,atlocation,h), (a,proxyfor,h), (a,subpartof,b)
31.0	23.0	0.741935484	(a,arthropodandotherarthropod,b) <= (i,agentcompeteswithagent,b), (a,arthropodandotherarthropod,f), (i,arthropodcalledarthropod,f)
58.0	43.0	0.74137931	(a,teamplaysagainstteam,b) <= (g,sportsgameteam,a), (g,sportsgamewinner,b), (b,teamplaysagainstteam,a)
112.0	83.0	0.741071429	(a,agentbelongstoorganization,b) <= (a,agentcollaborateswithagent,h), (a,subpartof,b), (a,subpartof,h)
54.0	40.0	0.740740741	(a,athleteflyouttosportsteamposition,b) <= (f,agentcollaborateswithagent,j), (j,athleteflyouttosportsteamposition,b), (a,athleteplaysforteam,f)
27.0	20.0	0.740740741	(a,headquarteredin,b) <= (e,headquarteredin,b), (e,organizationterminatedperson,j), (j,personleadsorganization,a)
50.0	37.0	0.74	(a,ceoof,b) <= (e,ceoof,b), (j,organizationterminatedperson,a), (e,topmemberoforganization,j)
142.0	105.0	0.73943662	(a,worksfor,b) <= (j,organizationterminatedperson,a), (e,personleadsorganization,j), (e,worksfor,b)
23.0	17.0	0.739130435	(a,animalsuchasinsect,b) <= (i,agentcompeteswithagent,a), (e,animalsuchasinsect,b), (i,arthropodandotherarthropod,e)
46.0	34.0	0.739130435	(a,ceoof,b) <= (g,ceoof,b), (b,organizationterminatedperson,a), (g,topmemberoforganization,b)
23.0	17.0	0.739130435	(a,companyeconomicsector,b) <= (i,ceoof,a), (e,companyeconomicsector,b), (i,worksfor,e)
46.0	34.0	0.739130435	(a,organizationterminatedperson,b) <= (b,ceoof,f), (f,mutualproxyfor,j), (a,organizationterminatedperson,j)
23.0	17.0	0.739130435	(a,agriculturalproducttoattractinsect,b) <= (a,agriculturalproducttoattractinsect,f), (i,animalthatfeedoninsect,f), (i,specializationof,b)
23.0	17.0	0.739130435	(a,ceoof,b) <= (i,ceoof,b), (a,ceoof,f), (i,worksfor,f)
46.0	34.0	0.739130435	(a,ceoof,b) <= (e,ceoof,b), (i,organizationhiredperson,a), (i,organizationterminatedperson,e)
23.0	17.0	0.739130435	(a,subpartof,b) <= (j,personleadsorganization,f), (a,subpartof,j), (b,worksfor,f)
46.0	34.0	0.739130435	(a,teamhomestadium,b) <= (i,athleteledsportsteam,a), (i,athleteplaysforteam,e), (e,teamhomestadium,b)
23.0	17.0	0.739130435	(a,animalsuchasinsect,b) <= (e,animalsuchasinsect,b), (i,animalthatfeedoninsect,e), (i,specializationof,a)
23.0	17.0	0.739130435	(a,agentcollaborateswithagent,b) <= (a,agentcollaborateswithagent,f), (j,organizationterminatedperson,b), (f,topmemberoforganization,j)
65.0	48.0	0.738461538	(a,mutualproxyfor,b) <= (a,mutualproxyfor,f), (i,organizationhiredperson,b), (i,organizationterminatedperson,f)
65.0	48.0	0.738461538	(a,agentcompeteswithagent,b) <= (f,agentbelongstoorganization,j), (j,agentcompeteswithagent,b), (a,agentcontrols,f)
42.0	31.0	0.738095238	(a,sportfansincountry,b) <= (b,countryalsoknownas,h), (b,countrylocatedingeopoliticallocation,h), (a,sportschoolincountry,b)
38.0	28.0	0.736842105	(a,organizationhiredperson,b) <= (a,organizationhiredperson,h), (a,organizationterminatedperson,b), (h,personleadsorganization,a)
19.0	14.0	0.736842105	(a,organizationhiredperson,b) <= (b,ceoof,f), (f,organizationhiredperson,j), (j,topmemberoforganization,a)
19.0	14.0	0.736842105	(a,teamplaysagainstteam,b) <= (g,sportsgameteam,a), (g,sportsgameteam,b), (a,teamalsoknownas,b)
19.0	14.0	0.736842105	(a,arthropodcalledarthropod,b) <= (h,animalpreyson,a), (a,animalthatfeedoninsect,h), (b,arthropodcalledarthropod,a)
19.0	14.0	0.736842105	(a,mutualproxyfor,b) <= (g,mutualproxyfor,b), (g,organizationhiredperson,b), (b,personleadsorganization,a)
95.0	70.0	0.736842105	(a,arthropodcalledarthropod,b) <= (j,agentcompeteswithagent,a), (e,arthropodcalledarthropod,b), (e,arthropodcalledarthropod,j)
19.0	14.0	0.736842105	(a,lakeinstate,b) <= (a,lakeinstate,f), (f,organizationhiredperson,j), (j,personbelongstoorganization,b)
76.0	56.0	0.736842105	(a,teamwontrophy,b) <= (i,athleteplaysforteam,a), (i,personbelongstoorganization,e), (e,teamwontrophy,b)
19.0	14.0	0.736842105	(a,topmemberoforganization,b) <= (a,ceoof,h), (b,organizationhiredperson,a), (a,topmemberoforganization,h)
19.0	14.0	0.736842105	(a,topmemberoforganization,b) <= (j,mutualproxyfor,a), (b,organizationhiredperson,f), (f,topmemberoforganization,j)
19.0	14.0	0.736842105	(a,agentcompeteswithagent,b) <= (b,agentcompeteswithagent,a), (g,animalistypeofanimal,b), (g,animalpreyson,b)
19.0	14.0	0.736842105	(a,mutualproxyfor,b) <= (h,mutualproxyfor,b), (a,organizationhiredperson,b), (b,personleadsorganization,h)
19.0	14.0	0.736842105	(a,ceoof,b) <= (a,ceoof,h), (b,organizationhiredperson,a), (a,topmemberoforganization,h)
19.0	14.0	0.736842105	(a,sportfansincountry,b) <= (i,citylocatedincountry,b), (i,citylocatedingeopoliticallocation,f), (a,sportfansincountry,f)
19.0	14.0	0.736842105	(a,agentcompeteswithagent,b) <= (b,agentcompeteswithagent,a), (h,animalistypeofanimal,b), (b,animalpreyson,h)
159.0	117.0	0.735849057	(a,automakerproducesmodel,b) <= (i,agentcreated,f), (a,agentinvolvedwithitem,f), (i,automakerproducesmodel,b)
189.0	139.0	0.735449735	(a,agentbelongstoorganization,b) <= (i,personleadsorganization,b), (a,subpartof,f), (i,worksfor,f)
68.0	50.0	0.735294118	(a,mutualproxyfor,b) <= (b,ceoof,f), (a,mutualproxyfor,j), (f,organizationterminatedperson,j)
34.0	25.0	0.735294118	(a,organizationhiredperson,b) <= (a,subpartof,b), (a,subpartof,h), (h,topmemberoforganization,a)
34.0	25.0	0.735294118	(a,organizationhiredperson,b) <= (a,subpartof,h), (b,topmemberoforganization,a), (h,topmemberoforganization,a)
34.0	25.0	0.735294118	(a,organizationhiredperson,b) <= (f,subpartof,j), (j,topmemberoforganization,a), (b,topmemberoforganization,f)
34.0	25.0	0.735294118	(a,mutualproxyfor,b) <= (h,mutualproxyfor,b), (a,organizationterminatedperson,b), (b,personleadsorganization,h)
34.0	25.0	0.735294118	(a,organizationhiredperson,b) <= (h,subpartof,b), (b,topmemberoforganization,a), (b,topmemberoforganization,h)
34.0	25.0	0.735294118	(a,organizationhiredperson,b) <= (a,subpartof,b), (b,topmemberoforganization,a)
34.0	25.0	0.735294118	(a,mutualproxyfor,b) <= (a,mutualproxyfor,j), (f,organizationhiredperson,j), (b,worksfor,f)
83.0	61.0	0.734939759	(a,organizationhiredperson,b) <= (g,organizationhiredperson,b), (g,organizationterminatedperson,b), (b,worksfor,a)
83.0	61.0	0.734939759	(a,organizationhiredperson,b) <= (i,organizationhiredperson,b), (i,organizationhiredperson,f), (a,subpartof,f)
49.0	36.0	0.734693878	(a,organizationhiredperson,b) <= (a,organizationhiredperson,h), (a,organizationterminatedperson,b), (h,worksfor,a)
49.0	36.0	0.734693878	(a,organizationhiredperson,b) <= (i,athleteledsportsteam,a), (e,organizationhiredperson,b), (i,personbelongstoorganization,e)
49.0	36.0	0.734693878	(a,organizationhiredperson,b) <= (i,mutualproxyfor,f), (a,organizationhiredperson,f), (i,subpartof,b)
79.0	58.0	0.734177215	(a,organizationhiredperson,b) <= (i,coachesteam,e), (e,organizationhiredperson,b), (i,worksfor,a)
124.0	91.0	0.733870968	(a,proxyfor,b) <= (b,mutualproxyfor,f), (f,personleadsorganization,j), (a,proxyfor,j)
15.0	11.0	0.733333333	(a,countryalsoknownas,b) <= (j,countryalsoknownas,b), (a,organizationhiredperson,f), (f,worksfor,j)
15.0	11.0	0.733333333	(a,agentbelongstoorganization,b) <= (i,athleteplaysinleague,b), (i,athleteplaysinleague,f), (a,subpartof,f)
15.0	11.0	0.733333333	(a,proxyfor,b) <= (b,locationlocatedwithinlocation,f), (j,mutualproxyfor,a), (f,newspaperincity,j)
15.0	11.0	0.733333333	(a,ceoof,b) <= (j,ceoof,b), (f,mutualproxyfor,j), (a,worksfor,f)
15.0	11.0	0.733333333	(a,proxyfor,b) <= (g,attractionofcity,b), (b,mutualproxyfor,a), (g,subpartof,b)
15.0	11.0	0.733333333	(a,arthropodandotherarthropod,b) <= (i,animalthatfeedoninsect,e), (e,arthropodandotherarthropod,b), (i,specializationof,a)
15.0	11.0	0.733333333	(a,proxyfor,b) <= (b,agentcompeteswithagent,h), (h,headquarteredin,b), (b,mutualproxyfor,a)
15.0	11.0	0.733333333	(a,hasofficeincity,b) <= (b,citycapitalofcountry,h), (b,citylocatedincountry,h), (a,organizationheadquarteredincity,b)
90.0	66.0	0.733333333	(a,teamplaysincity,b) <= (i,headquarteredin,f), (i,organizationheadquarteredincity,b), (a,teamplaysincity,f)
15.0	11.0	0.733333333	(a,organizationhiredperson,b) <= (h,ceoof,a), (a,mutualproxyfor,b), (a,subpartof,h)
15.0	11.0	0.733333333	(a,worksfor,b) <= (i,agentcollaborateswithagent,a), (i,mutualproxyfor,e), (e,worksfor,b)
30.0	22.0	0.733333333	(a,citylocatedincountry,b) <= (e,citylocatedincountry,b), (i,hasofficeincity,a), (i,organizationheadquarteredincity,e)
15.0	11.0	0.733333333	(a,proxyfor,b) <= (e,attractionofcity,j), (j,mutualproxyfor,a), (e,subpartof,b)
15.0	11.0	0.733333333	(a,proxyfor,b) <= (b,agentcompeteswithagent,h), (b,mutualproxyfor,a), (h,organizationheadquarteredincity,b)
15.0	11.0	0.733333333	(a,proxyfor,b) <= (b,locationlocatedwithinlocation,h), (b,mutualproxyfor,a), (h,newspaperincity,b)
15.0	11.0	0.733333333	(a,citylocatedincountry,b) <= (i,citycapitalofcountry,b), (a,citylocatedincountry,f), (i,locationlocatedwithinlocation,f)
15.0	11.0	0.733333333	(a,citylocatedingeopoliticallocation,b) <= (j,citylocatedingeopoliticallocation,b), (a,citylocatedingeopoliticallocation,f), (f,mutualproxyfor,j)
30.0	22.0	0.733333333	(a,subpartof,b) <= (b,ceoof,f), (f,mutualproxyfor,j), (a,subpartof,j)
60.0	44.0	0.733333333	(a,topmemberoforganization,b) <= (j,organizationhiredperson,a), (b,organizationterminatedperson,f), (f,topmemberoforganization,j)
15.0	11.0	0.733333333	(a,agentbelongstoorganization,b) <= (i,coachesinleague,b), (i,coachesinleague,f), (a,subpartof,f)
15.0	11.0	0.733333333	(a,proxyfor,b) <= (g,citylocatedingeopoliticallocation,b), (b,mutualproxyfor,a), (g,subpartof,b)
15.0	11.0	0.733333333	(a,teamplaysagainstteam,b) <= (b,teamalsoknownas,f), (a,teamhomestadium,j), (f,teamhomestadium,j)
15.0	11.0	0.733333333	(a,proxyfor,b) <= (b,locationlocatedwithinlocation,h), (b,mutualproxyfor,a), (h,organizationheadquarteredincity,b)
15.0	11.0	0.733333333	(a,proxyfor,b) <= (b,citylocatedincountry,h), (b,mutualproxyfor,a), (b,subpartof,h)
15.0	11.0	0.733333333	(a,haswife,b) <= (i,hashusband,e), (i,hasspouse,a), (e,haswife,b)
15.0	11.0	0.733333333	(a,organizationhiredperson,b) <= (h,ceoof,a), (a,mutualproxyfor,h), (a,subpartof,b)
30.0	22.0	0.733333333	(a,worksfor,b) <= (h,mutualproxyfor,a), (b,organizationterminatedperson,a), (a,worksfor,h)
15.0	11.0	0.733333333	(a,proxyfor,b) <= (e,attractionofcity,b), (i,mutualproxyfor,a), (e,subpartof,i)
168.0	123.0	0.732142857	(a,agentbelongstoorganization,b) <= (a,agentcollaborateswithagent,f), (i,topmemberoforganization,b), (i,topmemberoforganization,f)
41.0	30.0	0.731707317	(a,sportfansincountry,b) <= (b,agentcollaborateswithagent,f), (j,agentcollaborateswithagent,f), (a,sportschoolincountry,j)
41.0	30.0	0.731707317	(a,mutualproxyfor,b) <= (i,mutualproxyfor,f), (i,organizationhiredperson,b), (a,organizationterminatedperson,f)
41.0	30.0	0.731707317	(a,organizationhiredperson,b) <= (e,mutualproxyfor,j), (e,organizationhiredperson,b), (j,personleadsorganization,a)
41.0	30.0	0.731707317	(a,sportfansincountry,b) <= (b,organizationhiredperson,f), (f,personleadsorganization,j), (a,sportschoolincountry,j)
41.0	30.0	0.731707317	(a,sportfansincountry,b) <= (j,countryalsoknownas,f), (b,organizationalsoknownas,f), (a,sportschoolincountry,j)
41.0	30.0	0.731707317	(a,sportfansincountry,b) <= (b,agentcollaborateswithagent,f), (a,sportschoolincountry,j), (f,worksfor,j)
41.0	30.0	0.731707317	(a,ceoof,b) <= (f,ceoof,j), (b,organizationhiredperson,f), (j,organizationterminatedperson,a)
41.0	30.0	0.731707317	(a,sportfansincountry,b) <= (f,agentcollaborateswithagent,j), (a,sportschoolincountry,f), (j,worksfor,b)
41.0	30.0	0.731707317	(a,sportfansincountry,b) <= (b,countryalsoknownas,f), (j,organizationalsoknownas,f), (a,sportschoolincountry,j)
41.0	30.0	0.731707317	(a,sportfansincountry,b) <= (b,organizationhiredperson,h), (h,personleadsorganization,b), (a,sportschoolincountry,b)
41.0	30.0	0.731707317	(a,sportfansincountry,b) <= (b,countryalsoknownas,h), (b,organizationalsoknownas,h), (a,sportschoolincountry,b)
41.0	30.0	0.731707317	(a,sportfansincountry,b) <= (b,countrylocatedingeopoliticallocation,h), (b,organizationalsoknownas,h), (a,sportschoolincountry,b)
41.0	30.0	0.731707317	(a,sportfansincountry,b) <= (i,agentbelongstoorganization,b), (i,agentbelongstoorganization,f), (a,sportschoolincountry,f)
41.0	30.0	0.731707317	(a,sportfansincountry,b) <= (b,organizationalsoknownas,f), (j,organizationalsoknownas,f), (a,sportschoolincountry,j)
41.0	30.0	0.731707317	(a,sportfansincountry,b) <= (b,agentcollaborateswithagent,h), (a,sportschoolincountry,b), (h,worksfor,b)
26.0	19.0	0.730769231	(a,personbelongstoorganization,b) <= (i,citylocatedingeopoliticallocation,b), (a,personbelongstoorganization,f), (i,proxyfor,f)
208.0	152.0	0.730769231	(a,topmemberoforganization,b) <= (b,organizationterminatedperson,f), (a,topmemberoforganization,j), (f,topmemberoforganization,j)
78.0	57.0	0.730769231	(a,athleteledsportsteam,b) <= (a,athleteledsportsteam,f), (i,athleteplaysforteam,b), (i,personbelongstoorganization,f)
26.0	19.0	0.730769231	(a,personleadsorganization,b) <= (i,agentcollaborateswithagent,e), (i,mutualproxyfor,a), (e,personleadsorganization,b)
26.0	19.0	0.730769231	(a,organizationterminatedperson,b) <= (g,organizationhiredperson,b), (g,subpartof,b), (b,topmemberoforganization,a)
26.0	19.0	0.730769231	(a,hasofficeincity,b) <= (a,hasofficeincity,f), (j,locationlocatedwithinlocation,b), (f,mutualproxyfor,j)
26.0	19.0	0.730769231	(a,personhasresidenceingeopoliticallocation,b) <= (j,organizationhiredperson,f), (b,organizationterminatedperson,f), (a,personhasresidenceingeopoliticallocation,j)
26.0	19.0	0.730769231	(a,proxyfor,b) <= (f,organizationterminatedperson,j), (j,personleadsorganization,b), (a,proxyfor,f)
26.0	19.0	0.730769231	(a,mutualproxyfor,b) <= (i,headquarteredin,f), (a,mutualproxyfor,f), (i,organizationheadquarteredincity,b)
26.0	19.0	0.730769231	(a,organizationterminatedperson,b) <= (e,organizationhiredperson,b), (e,subpartof,j), (j,topmemberoforganization,a)
52.0	38.0	0.730769231	(a,ceoof,b) <= (a,ceoof,j), (j,organizationhiredperson,f), (b,organizationterminatedperson,f)
26.0	19.0	0.730769231	(a,organizationalsoknownas,b) <= (b,organizationalsoknownas,a), (g,organizationalsoknownas,b), (g,synonymfor,b)
256.0	187.0	0.73046875	(a,proxyfor,b) <= (i,citylocatedingeopoliticallocation,b), (i,locationlocatedwithinlocation,f), (a,proxyfor,f)
615.0	449.0	0.730081301	(a,agentcollaborateswithagent,b) <= (b,agentcollaborateswithagent,f), (a,agentcollaborateswithagent,j), (j,agentcontrols,f)
37.0	27.0	0.72972973	(a,competeswith,b) <= (b,competeswith,a), (b,hasofficeincity,h), (b,newspaperincity,h)
192.0	140.0	0.729166667	(a,competeswith,b) <= (i,agentactsinlocation,f), (i,competeswith,b), (a,mutualproxyfor,f)
48.0	35.0	0.729166667	(a,athleteplaysforteam,b) <= (j,athleteplaysforteam,b), (a,athleteplaysforteam,f), (f,organizationhiredperson,j)
169.0	123.0	0.727810651	(a,agentbelongstoorganization,b) <= (a,agentcollaborateswithagent,b), (g,personleadsorganization,b), (g,worksfor,b)
466.0	339.0	0.727467811	(a,organizationheadquarteredincity,b) <= (i,headquarteredin,f), (i,organizationheadquarteredincity,b), (a,organizationheadquarteredincity,f)
11.0	8.0	0.727272727	(a,bankbankincountry,b) <= (g,atlocation,b), (a,hasofficeincountry,b), (g,subpartof,b)
11.0	8.0	0.727272727	(a,agentcontrols,b) <= (j,agentcollaborateswithagent,b), (a,agentcontrols,f), (f,personbelongstoorganization,j)
11.0	8.0	0.727272727	(a,agentcontrols,b) <= (e,agentcontrols,b), (j,ceoof,a), (e,organizationterminatedperson,j)
33.0	24.0	0.727272727	(a,competeswith,b) <= (i,ceoof,a), (e,competeswith,b), (i,worksfor,e)
11.0	8.0	0.727272727	(a,organizationheadquarteredinstateorprovince,b) <= (i,athleteplaysforteam,a), (e,organizationheadquarteredinstateorprovince,b), (i,personbelongstoorganization,e)
33.0	24.0	0.727272727	(a,locationlocatedwithinlocation,b) <= (a,locationlocatedwithinlocation,f), (i,statelocatedincountry,f), (i,subpartof,b)
22.0	16.0	0.727272727	(a,personleadsorganization,b) <= (j,organizationhiredperson,a), (f,personleadsorganization,j), (b,subpartof,f)
11.0	8.0	0.727272727	(a,proxyfor,b) <= (e,locationlocatedwithinlocation,j), (j,newspaperincity,a), (e,proxyfor,b)
11.0	8.0	0.727272727	(a,ceoof,b) <= (a,agentcontrols,f), (i,ceoof,b), (i,proxyfor,f)
11.0	8.0	0.727272727	(a,worksfor,b) <= (b,organizationhiredperson,h), (a,topmemberoforganization,b), (h,worksfor,b)
11.0	8.0	0.727272727	(a,acquired,b) <= (e,acquired,b), (e,mutualproxyfor,j), (j,topmemberoforganization,a)
11.0	8.0	0.727272727	(a,athleteledsportsteam,b) <= (a,athleteledsportsteam,f), (j,athleteplaysforteam,b), (f,organizationhiredperson,j)
22.0	16.0	0.727272727	(a,weaponmadeincountry,b) <= (i,proxyfor,f), (i,subpartof,b), (a,weaponmadeincountry,f)
11.0	8.0	0.727272727	(a,agentbelongstoorganization,b) <= (f,agentcollaborateswithagent,j), (a,subpartof,f), (j,teamplaysinleague,b)
11.0	8.0	0.727272727	(a,organizationheadquarteredincity,b) <= (j,attractionofcity,b), (f,proxyfor,j), (a,radiostationincity,f)
11.0	8.0	0.727272727	(a,countrylocatedingeopoliticallocation,b) <= (j,countrylocatedingeopoliticallocation,b), (a,organizationhiredperson,f), (f,personbelongstoorganization,j)
11.0	8.0	0.727272727	(a,agentbelongstoorganization,b) <= (g,agentbelongstoorganization,b), (b,agentcollaborateswithagent,a), (g,agentcontrols,b)
11.0	8.0	0.727272727	(a,organizationheadquarteredincity,b) <= (h,attractionofcity,b), (b,proxyfor,h), (a,radiostationincity,b)
11.0	8.0	0.727272727	(a,mutualproxyfor,b) <= (g,agentcollaborateswithagent,b), (g,mutualproxyfor,b), (b,worksfor,a)
11.0	8.0	0.727272727	(a,hasofficeincountry,b) <= (f,ceoof,j), (j,hasofficeincountry,b), (a,mutualproxyfor,f)
11.0	8.0	0.727272727	(a,agriculturalproducttoattractinsect,b) <= (b,animaleatfood,a), (g,animaleatfood,a), (g,arthropodcalledarthropod,b)
11.0	8.0	0.727272727	(a,topmemberoforganization,b) <= (f,agentbelongstoorganization,j), (b,agentcontrols,f), (a,topmemberoforganization,j)
11.0	8.0	0.727272727	(a,agentcompeteswithagent,b) <= (b,agentcompeteswithagent,a), (g,athleteledsportsteam,a), (g,athleteplaysforteam,a)
22.0	16.0	0.727272727	(a,mutualproxyfor,b) <= (b,ceoof,h), (h,mutualproxyfor,b), (a,subpartof,b)
11.0	8.0	0.727272727	(a,animalpreyson,b) <= (a,animalistypeofanimal,b), (a,animalistypeofanimal,h), (h,specializationof,a)
66.0	48.0	0.727272727	(a,personleadsorganization,b) <= (b,organizationterminatedperson,a), (a,personleadsorganization,h), (a,worksfor,h)
11.0	8.0	0.727272727	(a,automakerproducesmodel,b) <= (a,organizationhiredperson,h), (h,personleadsorganization,a), (a,producesproduct,b)
11.0	8.0	0.727272727	(a,topmemberoforganization,b) <= (i,agentbelongstoorganization,b), (i,agentcollaborateswithagent,f), (a,topmemberoforganization,f)
11.0	8.0	0.727272727	(a,personleadsorganization,b) <= (b,organizationhiredperson,h), (h,personleadsorganization,b), (a,proxyfor,b)
11.0	8.0	0.727272727	(a,languageofcountry,b) <= (i,citylocatedincountry,b), (i,citylocatedingeopoliticallocation,f), (a,languageofcountry,f)
22.0	16.0	0.727272727	(a,organizationterminatedperson,b) <= (j,ceoof,a), (e,organizationterminatedperson,j), (e,subpartof,b)
22.0	16.0	0.727272727	(a,mutualproxyfor,b) <= (j,agentcollaborateswithagent,b), (a,mutualproxyfor,f), (f,worksfor,j)
55.0	40.0	0.727272727	(a,mutualproxyfor,b) <= (a,mutualproxyfor,f), (j,organizationterminatedperson,b), (f,worksfor,j)
11.0	8.0	0.727272727	(a,synonymfor,b) <= (i,agentcontrols,f), (i,subpartof,b), (a,synonymfor,f)
132.0	96.0	0.727272727	(a,personbelongstoorganization,b) <= (f,agentcollaborateswithagent,j), (j,personbelongstoorganization,b), (a,personbelongstoorganization,f)
11.0	8.0	0.727272727	(a,topmemberoforganization,b) <= (a,ceoof,b), (g,topmemberoforganization,b), (g,worksfor,b)
11.0	8.0	0.727272727	(a,mutualproxyfor,b) <= (b,ceoof,a), (h,mutualproxyfor,b), (b,worksfor,h)
11.0	8.0	0.727272727	(a,agentcompeteswithagent,b) <= (e,agentcompeteswithagent,b), (i,coachesteam,e), (i,worksfor,a)
22.0	16.0	0.727272727	(a,hasspouse,b) <= (j,hashusband,f), (b,hasspouse,f), (a,hasspouse,j)
22.0	16.0	0.727272727	(a,athleteplaysforteam,b) <= (a,athleteledsportsteam,b), (a,coachwontrophy,h), (b,teamwontrophy,h)
11.0	8.0	0.727272727	(a,organizationheadquarteredincity,b) <= (f,attractionofcity,j), (b,proxyfor,f), (a,radiostationincity,j)
22.0	16.0	0.727272727	(a,acquired,b) <= (e,acquired,b), (j,ceoof,a), (e,organizationhiredperson,j)
22.0	16.0	0.727272727	(a,mutualproxyfor,b) <= (f,ceoof,j), (j,mutualproxyfor,b), (a,subpartof,f)
22.0	16.0	0.727272727	(a,personhasresidenceingeopoliticallocation,b) <= (i,airportincity,b), (i,buildinglocatedincity,f), (a,personhasresidenceingeopoliticallocation,f)
11.0	8.0	0.727272727	(a,automakerproducesmodel,b) <= (a,organizationhiredperson,f), (f,personleadsorganization,j), (j,producesproduct,b)
11.0	8.0	0.727272727	(a,agentcontrols,b) <= (e,agentcontrols,b), (i,athleteplaysinleague,a), (i,personbelongstoorganization,e)
44.0	32.0	0.727272727	(a,worksfor,b) <= (i,locationlocatedwithinlocation,f), (i,subpartof,b), (a,worksfor,f)
11.0	8.0	0.727272727	(a,hasofficeincountry,b) <= (j,hasofficeincountry,b), (a,organizationterminatedperson,f), (f,worksfor,j)
252.0	183.0	0.726190476	(a,organizationhiredperson,b) <= (f,coachesteam,j), (j,organizationhiredperson,b), (a,organizationhiredperson,f)
368.0	267.0	0.725543478	(a,teamplaysagainstteam,b) <= (i,athleteledsportsteam,f), (i,personbelongstoorganization,b), (a,teamplaysagainstteam,f)
51.0	37.0	0.725490196	(a,organizationhiredperson,b) <= (h,coachesteam,a), (a,organizationhiredperson,h), (b,worksfor,a)
40.0	29.0	0.725	(a,teamplaysagainstteam,b) <= (b,agentcompeteswithagent,f), (j,synonymfor,f), (a,teamplaysagainstteam,j)
991.0	718.0	0.724520686	(a,subpartoforganization,b) <= (f,agentbelongstoorganization,j), (b,agentcontrols,f), (a,subpartoforganization,j)
145.0	105.0	0.724137931	(a,organizationhiredperson,b) <= (i,athleteledsportsteam,e), (i,athleteplaysforteam,a), (e,organizationhiredperson,b)
29.0	21.0	0.724137931	(a,athleteflyouttosportsteamposition,b) <= (i,athleteflyouttosportsteamposition,b), (a,athleteledsportsteam,f), (i,worksfor,f)
47.0	34.0	0.723404255	(a,ceoof,b) <= (e,ceoof,b), (i,mutualproxyfor,a), (i,organizationterminatedperson,e)
65.0	47.0	0.723076923	(a,organizationterminatedperson,b) <= (a,organizationhiredperson,j), (f,organizationterminatedperson,j), (b,topmemberoforganization,f)
18.0	13.0	0.722222222	(a,organizationhiredperson,b) <= (h,atlocation,a), (a,mutualproxyfor,h), (a,organizationterminatedperson,b)
36.0	26.0	0.722222222	(a,agriculturalproductcamefromcountry,b) <= (a,agriculturalproductcamefromcountry,f), (i,citycapitalofcountry,b), (i,citylocatedincountry,f)
36.0	26.0	0.722222222	(a,topmemberoforganization,b) <= (j,organizationterminatedperson,a), (e,topmemberoforganization,b), (e,worksfor,j)
18.0	13.0	0.722222222	(a,organizationhiredperson,b) <= (h,locationlocatedwithinlocation,a), (a,mutualproxyfor,h), (a,organizationterminatedperson,b)
36.0	26.0	0.722222222	(a,teamplaysinleague,b) <= (b,agentcompeteswithagent,f), (f,subpartoforganization,j), (a,teamplaysagainstteam,j)
18.0	13.0	0.722222222	(a,worksfor,b) <= (e,ceoof,j), (j,organizationhiredperson,a), (e,worksfor,b)
36.0	26.0	0.722222222	(a,mutualproxyfor,b) <= (g,mutualproxyfor,b), (a,organizationhiredperson,b), (g,subpartof,b)
18.0	13.0	0.722222222	(a,organizationterminatedperson,b) <= (j,ceoof,a), (f,mutualproxyfor,j), (b,topmemberoforganization,f)
36.0	26.0	0.722222222	(a,personleadsorganization,b) <= (f,ceoof,j), (b,organizationterminatedperson,f), (a,personleadsorganization,j)
18.0	13.0	0.722222222	(a,personbelongstoorganization,b) <= (i,agentcollaborateswithagent,f), (a,personbelongstoorganization,f), (i,subpartof,b)
18.0	13.0	0.722222222	(a,mutualproxyfor,b) <= (a,mutualproxyfor,h), (a,organizationhiredperson,h), (b,personleadsorganization,a)
36.0	26.0	0.722222222	(a,teamplaysinleague,b) <= (i,agentcompeteswithagent,b), (i,subpartoforganization,f), (a,teamplaysagainstteam,f)
18.0	13.0	0.722222222	(a,ceoof,b) <= (j,ceoof,b), (f,mutualproxyfor,j), (a,topmemberoforganization,f)
18.0	13.0	0.722222222	(a,hasspouse,b) <= (a,hashusband,b), (h,hasspouse,b), (b,hasspouse,h)
18.0	13.0	0.722222222	(a,mutualproxyfor,b) <= (b,ceoof,a), (a,mutualproxyfor,h), (h,topmemberoforganization,a)
18.0	13.0	0.722222222	(a,arthropodcalledarthropod,b) <= (h,animalpreyson,a), (a,animalsuchasinvertebrate,h), (b,arthropodcalledarthropod,a)
36.0	26.0	0.722222222	(a,mutualproxyfor,b) <= (i,mutualproxyfor,b), (a,organizationhiredperson,f), (i,subpartof,f)
18.0	13.0	0.722222222	(a,istallerthan,b) <= (e,istallerthan,b), (i,locationlocatedwithinlocation,e), (i,subpartof,a)
484.0	349.0	0.72107438	(a,agentcontrols,b) <= (i,agentbelongstoorganization,a), (i,agentcollaborateswithagent,e), (e,agentcontrols,b)
43.0	31.0	0.720930233	(a,mutualproxyfor,b) <= (j,ceoof,a), (e,mutualproxyfor,j), (e,organizationterminatedperson,b)
630.0	454.0	0.720634921	(a,agentcontributedtocreativework,b) <= (i,agentcontributedtocreativework,b), (i,agentcontributedtocreativework,f), (a,agentcreated,f)
68.0	49.0	0.720588235	(a,agentcompeteswithagent,b) <= (i,agentbelongstoorganization,a), (e,agentcompeteswithagent,b), (i,subpartof,e)
25.0	18.0	0.72	(a,competeswith,b) <= (f,ceoof,j), (a,competeswith,j), (b,mutualproxyfor,f)
125.0	90.0	0.72	(a,worksfor,b) <= (i,organizationhiredperson,a), (i,organizationterminatedperson,e), (e,worksfor,b)
50.0	36.0	0.72	(a,organizationterminatedperson,b) <= (a,organizationhiredperson,f), (i,organizationterminatedperson,f), (i,subpartof,b)
50.0	36.0	0.72	(a,organizationhiredperson,b) <= (i,organizationterminatedperson,b), (a,organizationterminatedperson,f), (i,subpartof,f)
25.0	18.0	0.72	(a,worksfor,b) <= (b,mutualproxyfor,a), (h,organizationhiredperson,a), (a,worksfor,h)
25.0	18.0	0.72	(a,organizationterminatedperson,b) <= (a,organizationhiredperson,b), (h,subpartof,b), (b,topmemberoforganization,h)
25.0	18.0	0.72	(a,organizationterminatedperson,b) <= (a,organizationhiredperson,h), (a,subpartof,h), (b,topmemberoforganization,a)
25.0	18.0	0.72	(a,organizationterminatedperson,b) <= (a,organizationhiredperson,j), (f,subpartof,j), (b,topmemberoforganization,f)
50.0	36.0	0.72	(a,organizationhiredperson,b) <= (a,organizationhiredperson,f), (i,organizationterminatedperson,f), (i,subpartof,b)
25.0	18.0	0.72	(a,organizationterminatedperson,b) <= (a,organizationhiredperson,b), (a,subpartof,h), (h,topmemberoforganization,a)
107.0	77.0	0.719626168	(a,organizationheadquarteredinstateorprovince,b) <= (i,mutualproxyfor,f), (a,organizationheadquarteredinstateorprovince,f), (i,subpartof,b)
57.0	41.0	0.719298246	(a,sportschoolincountry,b) <= (j,countrylocatedingeopoliticallocation,f), (b,organizationalsoknownas,f), (a,sportschoolincountry,j)
57.0	41.0	0.719298246	(a,organizationterminatedperson,b) <= (j,ceoof,a), (f,organizationterminatedperson,j), (b,topmemberoforganization,f)
64.0	46.0	0.71875	(a,mutualproxyfor,b) <= (b,atlocation,h), (h,mutualproxyfor,b), (b,subpartof,a)
39.0	28.0	0.717948718	(a,teamplaysinleague,b) <= (b,subpartoforganization,f), (f,teamplaysagainstteam,a)
39.0	28.0	0.717948718	(a,mutualproxyfor,b) <= (b,ceoof,f), (a,mutualproxyfor,j), (j,topmemberoforganization,f)
39.0	28.0	0.717948718	(a,organizationterminatedperson,b) <= (j,mutualproxyfor,b), (a,organizationterminatedperson,f), (f,topmemberoforganization,j)
46.0	33.0	0.717391304	(a,organizationterminatedperson,b) <= (j,ceoof,a), (e,organizationhiredperson,b), (e,organizationterminatedperson,j)
46.0	33.0	0.717391304	(a,mutualproxyfor,b) <= (b,ceoof,f), (f,mutualproxyfor,j), (a,organizationterminatedperson,j)
53.0	38.0	0.716981132	(a,animalthatfeedoninsect,b) <= (i,agentcompeteswithagent,a), (e,animalthatfeedoninsect,b), (i,arthropodcalledarthropod,e)
194.0	139.0	0.716494845	(a,agentbelongstoorganization,b) <= (i,personleadsorganization,f), (a,subpartof,f), (i,worksfor,b)
7.0	5.0	0.714285714	(a,agentcontrols,b) <= (a,agentcontrols,f), (f,coachesteam,j), (j,organizationhiredperson,b)
14.0	10.0	0.714285714	(a,organizationterminatedperson,b) <= (i,agentcollaborateswithagent,b), (i,mutualproxyfor,f), (a,organizationterminatedperson,f)
7.0	5.0	0.714285714	(a,producesproduct,b) <= (a,organizationterminatedperson,f), (j,producesproduct,b), (f,subpartof,j)
140.0	100.0	0.714285714	(a,subpartof,b) <= (b,organizationhiredperson,f), (j,organizationterminatedperson,f), (a,subpartof,j)
7.0	5.0	0.714285714	(a,organizationhiredperson,b) <= (b,coachesteam,a), (h,organizationhiredperson,b), (b,personbelongstoorganization,h)
7.0	5.0	0.714285714	(a,teamalsoknownas,b) <= (f,agentcompeteswithagent,b), (f,teamalsoknownas,a), (a,teamalsoknownas,f)
7.0	5.0	0.714285714	(a,organizationhiredperson,b) <= (b,ceoof,a), (h,organizationhiredperson,b), (b,worksfor,h)
14.0	10.0	0.714285714	(a,agentinvolvedwithitem,b) <= (a,agentcollaborateswithagent,f), (i,agentinvolvedwithitem,b), (i,subpartof,f)
7.0	5.0	0.714285714	(a,organizationterminatedperson,b) <= (i,companyalsoknownas,e), (e,organizationterminatedperson,b), (i,synonymfor,a)
14.0	10.0	0.714285714	(a,agentcontrols,b) <= (a,agentcontrols,h), (a,proxyfor,b), (a,subpartof,h)
42.0	30.0	0.714285714	(a,sportfansincountry,b) <= (b,organizationhiredperson,h), (h,personbelongstoorganization,b), (a,sportschoolincountry,b)
7.0	5.0	0.714285714	(a,organizationterminatedperson,b) <= (j,agentbelongstoorganization,a), (e,agentcontrols,j), (e,organizationterminatedperson,b)
7.0	5.0	0.714285714	(a,agentparticipatedinevent,b) <= (e,agentparticipatedinevent,b), (i,istallerthan,a), (i,organizationheadquarteredincountry,e)
7.0	5.0	0.714285714	(a,agentbelongstoorganization,b) <= (a,agentbelongstoorganization,j), (b,agentcollaborateswithagent,f), (f,topmemberoforganization,j)
7.0	5.0	0.714285714	(a,headquarteredin,b) <= (i,companyalsoknownas,f), (i,headquarteredin,b), (a,organizationalsoknownas,f)
7.0	5.0	0.714285714	(a,languageofcountry,b) <= (a,languageofcountry,j), (b,organizationhiredperson,f), (f,worksfor,j)
7.0	5.0	0.714285714	(a,leaguestadiums,b) <= (i,coachesinleague,a), (i,coachesteam,e), (e,teamhomestadium,b)
7.0	5.0	0.714285714	(a,animalistypeofanimal,b) <= (a,animalistypeofanimal,h), (h,animalpreyson,b), (a,animalsuchasinvertebrate,b)
7.0	5.0	0.714285714	(a,acquired,b) <= (i,acquired,b), (a,automakerproducesmodel,f), (i,producesproduct,f)
7.0	5.0	0.714285714	(a,subpartof,b) <= (a,organizationhiredperson,b), (a,organizationhiredperson,h), (h,proxyfor,a)
49.0	35.0	0.714285714	(a,coachesteam,b) <= (i,athleteledsportsteam,f), (i,athleteplaysforteam,b), (a,coachesteam,f)
21.0	15.0	0.714285714	(a,agentcompeteswithagent,b) <= (e,agentcompeteswithagent,b), (i,athleteledsportsteam,a), (i,athleteplaysforteam,e)
7.0	5.0	0.714285714	(a,topmemberoforganization,b) <= (g,agentcollaborateswithagent,a), (g,mutualproxyfor,a), (b,organizationhiredperson,a)
7.0	5.0	0.714285714	(a,personleadsorganization,b) <= (i,citylocatedincountry,f), (i,citylocatedingeopoliticallocation,b), (a,personleadsorganization,f)
7.0	5.0	0.714285714	(a,topmemberoforganization,b) <= (e,agentcollaborateswithagent,j), (j,agentcontrols,a), (e,topmemberoforganization,b)
14.0	10.0	0.714285714	(a,competeswith,b) <= (b,competeswith,a), (g,topmemberoforganization,a), (g,worksfor,a)
14.0	10.0	0.714285714	(a,atlocation,b) <= (a,mutualproxyfor,b), (b,mutualproxyfor,h), (h,personleadsorganization,b)
7.0	5.0	0.714285714	(a,organizationhiredperson,b) <= (g,citylocatedinstate,a), (b,personbelongstoorganization,a), (g,proxyfor,a)
7.0	5.0	0.714285714	(a,subpartof,b) <= (h,agentcollaborateswithagent,a), (a,proxyfor,b), (a,subpartof,h)
49.0	35.0	0.714285714	(a,organizationterminatedperson,b) <= (b,ceoof,f), (a,organizationhiredperson,j), (f,organizationterminatedperson,j)
7.0	5.0	0.714285714	(a,cityliesonriver,b) <= (j,cityliesonriver,b), (f,citylocatedingeopoliticallocation,j), (a,mutualproxyfor,f)
7.0	5.0	0.714285714	(a,teamplayssport,b) <= (i,athleteledsportsteam,e), (i,personbelongstoorganization,a), (e,teamplayssport,b)
7.0	5.0	0.714285714	(a,subpartof,b) <= (a,organizationhiredperson,h), (b,personleadsorganization,a), (h,proxyfor,a)
7.0	5.0	0.714285714	(a,athleteflyouttosportsteamposition,b) <= (i,athleteflyouttosportsteamposition,b), (a,athleteplaysforteam,f), (i,coachesteam,f)
28.0	20.0	0.714285714	(a,agentcreated,b) <= (e,agentcreated,b), (e,organizationterminatedperson,j), (j,topmemberoforganization,a)
7.0	5.0	0.714285714	(a,agentparticipatedinevent,b) <= (e,agentparticipatedinevent,b), (j,athleteplaysforteam,a), (e,organizationhiredperson,j)
7.0	5.0	0.714285714	(a,proxyfor,b) <= (i,agentcollaborateswithagent,f), (i,proxyfor,b), (a,proxyfor,f)
7.0	5.0	0.714285714	(a,atlocation,b) <= (e,agentcompeteswithagent,j), (e,atlocation,b), (j,organizationheadquarteredincity,a)
7.0	5.0	0.714285714	(a,organizationhiredperson,b) <= (g,agentcollaborateswithagent,b), (g,subpartof,b), (b,topmemberoforganization,a)
21.0	15.0	0.714285714	(a,agriculturalproducttoattractinsect,b) <= (i,agentcompeteswithagent,b), (a,agriculturalproducttoattractinsect,f), (i,specializationof,f)
7.0	5.0	0.714285714	(a,acquired,b) <= (e,acquired,b), (e,agentcontrols,j), (j,subpartof,a)
7.0	5.0	0.714285714	(a,atlocation,b) <= (e,agentcompeteswithagent,j), (e,atlocation,b), (j,headquarteredin,a)
7.0	5.0	0.714285714	(a,personbelongstoorganization,b) <= (e,ceoof,j), (j,organizationterminatedperson,a), (e,personbelongstoorganization,b)
14.0	10.0	0.714285714	(a,organizationterminatedperson,b) <= (a,mutualproxyfor,f), (j,subpartof,b), (f,topmemberoforganization,j)
7.0	5.0	0.714285714	(a,proxyfor,b) <= (b,mutualproxyfor,f), (i,statehascapital,a), (i,statehascapital,f)
7.0	5.0	0.714285714	(a,sportfansincountry,b) <= (j,locationlocatedwithinlocation,f), (b,organizationalsoknownas,f), (a,sportschoolincountry,j)
7.0	5.0	0.714285714	(a,subpartof,b) <= (h,organizationhiredperson,b), (b,proxyfor,a), (b,proxyfor,h)
7.0	5.0	0.714285714	(a,acquired,b) <= (e,acquired,b), (i,agentbelongstoorganization,a), (i,subpartof,e)
7.0	5.0	0.714285714	(a,subpartof,b) <= (a,organizationhiredperson,h), (b,proxyfor,a), (h,proxyfor,a)
7.0	5.0	0.714285714	(a,acquired,b) <= (e,acquired,b), (i,personbelongstoorganization,e), (i,personleadsorganization,a)
7.0	5.0	0.714285714	(a,organizationhiredperson,b) <= (e,agentcollaborateswithagent,b), (e,subpartof,j), (j,topmemberoforganization,a)
7.0	5.0	0.714285714	(a,ceoof,b) <= (g,ceoof,b), (b,mutualproxyfor,a), (g,personleadsorganization,b)
7.0	5.0	0.714285714	(a,istallerthan,b) <= (i,airportincity,a), (i,buildinglocatedincity,e), (e,istallerthan,b)
7.0	5.0	0.714285714	(a,organizationheadquarteredincity,b) <= (i,companyalsoknownas,f), (i,headquarteredin,b), (a,organizationalsoknownas,f)
14.0	10.0	0.714285714	(a,countrylocatedingeopoliticallocation,b) <= (i,citycapitalofcountry,a), (e,countrylocatedingeopoliticallocation,b), (i,locationlocatedwithinlocation,e)
7.0	5.0	0.714285714	(a,sportfansincountry,b) <= (b,countryalsoknownas,f), (j,locationlocatedwithinlocation,f), (a,sportschoolincountry,j)
7.0	5.0	0.714285714	(a,statelocatedincountry,b) <= (a,organizationhiredperson,f), (i,organizationterminatedperson,f), (i,statelocatedincountry,b)
7.0	5.0	0.714285714	(a,agentparticipatedinevent,b) <= (e,agentparticipatedinevent,b), (i,headquarteredin,e), (i,organizationheadquarteredincity,a)
14.0	10.0	0.714285714	(a,locationlocatedwithinlocation,b) <= (j,atlocation,a), (e,bankbankincountry,b), (e,hasofficeincountry,j)
7.0	5.0	0.714285714	(a,newspaperincity,b) <= (a,newspaperincity,f), (f,organizationhiredperson,j), (j,personhasresidenceingeopoliticallocation,b)
7.0	5.0	0.714285714	(a,organizationheadquarteredincity,b) <= (i,headquarteredin,b), (a,subpartof,f), (i,subpartof,f)
7.0	5.0	0.714285714	(a,agentcontrols,b) <= (j,agentcontrols,b), (f,organizationhiredperson,j), (a,worksfor,f)
14.0	10.0	0.714285714	(a,organizationterminatedperson,b) <= (a,mutualproxyfor,h), (a,subpartof,h), (b,topmemberoforganization,a)
14.0	10.0	0.714285714	(a,organizationterminatedperson,b) <= (a,mutualproxyfor,h), (a,organizationhiredperson,h), (b,topmemberoforganization,a)
7.0	5.0	0.714285714	(a,arthropodcalledarthropod,b) <= (b,animalpreyson,a), (b,arthropodandotherarthropod,h), (h,arthropodcalledarthropod,b)
7.0	5.0	0.714285714	(a,countryalsoknownas,b) <= (i,citycapitalofcountry,a), (i,citylocatedingeopoliticallocation,e), (e,countryalsoknownas,b)
7.0	5.0	0.714285714	(a,teamplaysinleague,b) <= (a,agentcollaborateswithagent,f), (f,athleteplaysinleague,b)
14.0	10.0	0.714285714	(a,proxyfor,b) <= (i,agentcollaborateswithagent,f), (i,proxyfor,b), (a,subpartof,f)
7.0	5.0	0.714285714	(a,atlocation,b) <= (e,atlocation,b), (j,organizationhiredperson,a), (e,personleadsorganization,j)
21.0	15.0	0.714285714	(a,agriculturalproducttoattractinsect,b) <= (j,agentcompeteswithagent,b), (a,agriculturalproducttoattractinsect,f), (f,arthropodcalledarthropod,j)
7.0	5.0	0.714285714	(a,cityliesonriver,b) <= (e,cityliesonriver,b), (e,organizationterminatedperson,j), (j,worksfor,a)
7.0	5.0	0.714285714	(a,headquarteredin,b) <= (e,agentcollaborateswithagent,j), (e,headquarteredin,b), (j,topmemberoforganization,a)
7.0	5.0	0.714285714	(a,mutualproxyfor,b) <= (a,mutualproxyfor,f), (i,personhasresidenceingeopoliticallocation,f), (i,worksfor,b)
28.0	20.0	0.714285714	(a,teamalsoknownas,b) <= (i,athleteledsportsteam,e), (i,athleteplaysforteam,a), (e,teamalsoknownas,b)
7.0	5.0	0.714285714	(a,journalistwritesforpublication,b) <= (f,agentcompeteswithagent,j), (b,organizationheadquarteredincity,f), (a,personbelongstoorganization,j)
7.0	5.0	0.714285714	(a,subpartof,b) <= (e,subpartof,b), (i,topmemberoforganization,e), (i,worksfor,a)
21.0	15.0	0.714285714	(a,synonymfor,b) <= (j,persongraduatedfromuniversity,f), (b,synonymfor,f), (a,synonymfor,j)
7.0	5.0	0.714285714	(a,arthropodandotherarthropod,b) <= (a,animalpreyson,b), (a,arthropodandotherarthropod,h), (h,arthropodcalledarthropod,a)
7.0	5.0	0.714285714	(a,personleadsorganization,b) <= (b,organizationterminatedperson,f), (a,personleadsorganization,j), (f,proxyfor,j)
7.0	5.0	0.714285714	(a,arthropodandotherarthropod,b) <= (a,animalpreyson,b), (h,animalthatfeedoninsect,a), (a,arthropodandotherarthropod,h)
7.0	5.0	0.714285714	(a,politicianusmemberofpoliticalgroup,b) <= (f,personbelongstoorganization,b), (a,politicianusendorsedbypoliticianus,f), (f,politicianusmemberofpoliticalgroup,b)
7.0	5.0	0.714285714	(a,countrylocatedingeopoliticallocation,b) <= (h,countrylocatedingeopoliticallocation,b), (a,countrylocatedingeopoliticallocation,h), (a,locationlocatedwithinlocation,b)
7.0	5.0	0.714285714	(a,athleteplaysforteam,b) <= (a,athleteledsportsteam,b), (a,athleteplaysinleague,h), (h,subpartoforganization,b)
7.0	5.0	0.714285714	(a,animalistypeofanimal,b) <= (i,agentcompeteswithagent,f), (a,animalistypeofanimal,f), (i,arthropodcalledarthropod,b)
7.0	5.0	0.714285714	(a,weaponmadeincountry,b) <= (i,citylocatedingeopoliticallocation,b), (i,subpartof,f), (a,weaponmadeincountry,f)
7.0	5.0	0.714285714	(a,worksfor,b) <= (f,citylocatedinstate,j), (b,mutualproxyfor,f), (a,worksfor,j)
7.0	5.0	0.714285714	(a,athletehomestadium,b) <= (i,athletehomestadium,b), (a,coachesteam,f), (i,worksfor,f)
14.0	10.0	0.714285714	(a,topmemberoforganization,b) <= (a,agentcontrols,f), (i,subpartof,f), (i,topmemberoforganization,b)
7.0	5.0	0.714285714	(a,cityliesonriver,b) <= (j,cityliesonriver,b), (a,locationlocatedwithinlocation,f), (f,newspaperincity,j)
21.0	15.0	0.714285714	(a,weaponmadeincountry,b) <= (i,statelocatedincountry,b), (i,subpartof,f), (a,weaponmadeincountry,f)
14.0	10.0	0.714285714	(a,transportationincity,b) <= (i,organizationhiredperson,f), (b,organizationterminatedperson,f), (a,transportationincity,i)
7.0	5.0	0.714285714	(a,organizationterminatedperson,b) <= (b,agentcontrols,f), (a,organizationterminatedperson,j), (j,worksfor,f)
7.0	5.0	0.714285714	(a,organizationhiredperson,b) <= (j,ceoof,f), (a,organizationhiredperson,j), (b,personleadsorganization,f)
7.0	5.0	0.714285714	(a,subpartof,b) <= (a,organizationhiredperson,b), (b,proxyfor,a)
7.0	5.0	0.714285714	(a,hasofficeincity,b) <= (b,citylocatedincountry,h), (a,organizationheadquarteredincity,b), (b,proxyfor,h)
7.0	5.0	0.714285714	(a,organizationhiredperson,b) <= (a,companyalsoknownas,f), (i,organizationalsoknownas,f), (i,organizationhiredperson,b)
14.0	10.0	0.714285714	(a,teamplayssport,b) <= (e,sportsgamesport,b), (e,sportsgameteam,a)
21.0	15.0	0.714285714	(a,teamplaysagainstteam,b) <= (b,teamalsoknownas,a), (b,teamplaysagainstteam,a)
7.0	5.0	0.714285714	(a,animalpreyson,b) <= (b,animalistypeofanimal,a), (h,animalistypeofanimal,a), (b,mammalsuchasmammal,h)
7.0	5.0	0.714285714	(a,animalpreyson,b) <= (i,animalistypeofanimal,a), (e,animalpreyson,b), (i,ismultipleof,e)
7.0	5.0	0.714285714	(a,citycapitalofcountry,b) <= (a,citycapitalofcountry,f), (i,citylocatedincountry,b), (i,citylocatedingeopoliticallocation,f)
7.0	5.0	0.714285714	(a,competeswith,b) <= (a,acquired,f), (i,agentcollaborateswithagent,f), (i,competeswith,b)
7.0	5.0	0.714285714	(a,citycapitalofcountry,b) <= (i,citycapitalofcountry,b), (a,citycapitalofcountry,f), (i,proxyfor,f)
7.0	5.0	0.714285714	(a,personborninlocation,b) <= (i,citylocatedincountry,b), (i,mutualproxyfor,f), (a,personborninlocation,f)
7.0	5.0	0.714285714	(a,companyeconomicsector,b) <= (i,companyeconomicsector,b), (i,organizationterminatedperson,f), (a,subpartof,f)
21.0	15.0	0.714285714	(a,synonymfor,b) <= (j,persongraduatedschool,f), (b,synonymfor,f), (a,synonymfor,j)
7.0	5.0	0.714285714	(a,athleteplaysforteam,b) <= (a,athleteledsportsteam,f), (i,athleteplaysforteam,b), (i,subpartof,f)
7.0	5.0	0.714285714	(a,athleteplaysforteam,b) <= (i,athleteledsportsteam,b), (a,athleteledsportsteam,f), (i,subpartof,f)
7.0	5.0	0.714285714	(a,proxyfor,b) <= (b,agentcollaborateswithagent,a), (g,proxyfor,b), (g,worksfor,b)
7.0	5.0	0.714285714	(a,proxyfor,b) <= (b,agentcollaborateswithagent,a), (a,proxyfor,h), (a,worksfor,h)
7.0	5.0	0.714285714	(a,hasofficeincountry,b) <= (a,organizationheadquarteredincountry,b), (a,organizationhiredperson,h), (a,organizationterminatedperson,h)
21.0	15.0	0.714285714	(a,subpartof,b) <= (j,ceoof,a), (e,mutualproxyfor,j), (e,subpartof,b)
35.0	25.0	0.714285714	(a,organizationhiredperson,b) <= (a,subpartof,b), (h,subpartof,b), (b,topmemberoforganization,h)
7.0	5.0	0.714285714	(a,arthropodcalledarthropod,b) <= (a,animalthatfeedoninsect,h), (b,arthropodcalledarthropod,a), (h,arthropodcalledarthropod,b)
7.0	5.0	0.714285714	(a,proxyfor,b) <= (i,athleteledsportsteam,a), (i,athleteplaysforteam,e), (e,proxyfor,b)
7.0	5.0	0.714285714	(a,politicianusendorsedbypoliticianus,b) <= (a,personbelongstoorganization,h), (b,politicianusendorsedbypoliticianus,a), (a,politicianusmemberofpoliticalgroup,h)
7.0	5.0	0.714285714	(a,animalthatfeedoninsect,b) <= (a,animalistypeofanimal,b), (g,animalsuchasinsect,b), (g,animalthatfeedoninsect,b)
7.0	5.0	0.714285714	(a,synonymfor,b) <= (f,agentcompeteswithagent,j), (j,synonymfor,b), (a,synonymfor,f)
7.0	5.0	0.714285714	(a,countryalsoknownas,b) <= (a,countryalsoknownas,j), (b,organizationhiredperson,f), (f,personbelongstoorganization,j)
7.0	5.0	0.714285714	(a,synonymfor,b) <= (i,companyalsoknownas,f), (i,organizationalsoknownas,b), (a,synonymfor,f)
56.0	40.0	0.714285714	(a,teamwontrophy,b) <= (e,athleteplaysforteam,a), (e,coachwontrophy,b)
7.0	5.0	0.714285714	(a,politicianusendorsedbypoliticianus,b) <= (a,personhasjobposition,h), (b,politicianusendorsedbypoliticianus,a), (b,politicianusholdsoffice,h)
7.0	5.0	0.714285714	(a,countryalsoknownas,b) <= (b,countryalsoknownas,f), (a,organizationhiredperson,j), (j,personbelongstoorganization,f)
7.0	5.0	0.714285714	(a,mutualproxyfor,b) <= (a,mutualproxyfor,f), (i,newspaperincity,b), (i,organizationheadquarteredincity,f)
7.0	5.0	0.714285714	(a,athleteplaysforteam,b) <= (a,athleteledsportsteam,b), (g,athleteplaysforteam,b), (g,subpartof,b)
7.0	5.0	0.714285714	(a,companyalsoknownas,b) <= (b,companyalsoknownas,a), (h,companyalsoknownas,b), (b,organizationalsoknownas,h)
7.0	5.0	0.714285714	(a,companyalsoknownas,b) <= (b,companyalsoknownas,a), (b,organizationterminatedperson,h), (h,personleadsorganization,b)
7.0	5.0	0.714285714	(a,athleteplaysforteam,b) <= (a,athleteledsportsteam,b), (g,athleteledsportsteam,b), (g,subpartof,b)
14.0	10.0	0.714285714	(a,proxyfor,b) <= (a,personleadsorganization,b), (a,proxyfor,h), (a,worksfor,h)
7.0	5.0	0.714285714	(a,teamplaysinleague,b) <= (b,subpartoforganization,f), (a,teamwontrophy,j), (f,teamwontrophy,j)
7.0	5.0	0.714285714	(a,agentactsinlocation,b) <= (a,agentactsinlocation,f), (f,mutualproxyfor,j), (j,personleadsgeopoliticalorganization,b)
7.0	5.0	0.714285714	(a,politicianusendorsedbypoliticianus,b) <= (b,personbelongstoorganization,h), (b,politicianusendorsedbypoliticianus,a), (b,politicianusmemberofpoliticalgroup,h)
7.0	5.0	0.714285714	(a,organizationterminatedperson,b) <= (a,organizationterminatedperson,j), (j,proxyfor,f), (b,worksfor,f)
7.0	5.0	0.714285714	(a,companyalsoknownas,b) <= (b,companyalsoknownas,a), (h,companyalsoknownas,a), (a,organizationalsoknownas,h)
14.0	10.0	0.714285714	(a,companyalsoknownas,b) <= (i,companyalsoknownas,b), (a,organizationhiredperson,f), (i,organizationterminatedperson,f)
7.0	5.0	0.714285714	(a,animaleatfood,b) <= (b,agriculturalproducttoattractinsect,a), (h,animaleatfood,b), (a,arthropodcalledarthropod,h)
7.0	5.0	0.714285714	(a,istallerthan,b) <= (j,istallerthan,b), (a,organizationterminatedperson,f), (f,worksfor,j)
7.0	5.0	0.714285714	(a,competeswith,b) <= (b,competeswith,a), (a,organizationhiredperson,h), (h,worksfor,a)
7.0	5.0	0.714285714	(a,organizationhiredperson,b) <= (j,atlocation,f), (a,organizationhiredperson,j), (b,worksfor,f)
7.0	5.0	0.714285714	(a,personbelongstoorganization,b) <= (b,agentcollaborateswithagent,a), (g,athleteplaysforteam,b), (g,personbelongstoorganization,b)
7.0	5.0	0.714285714	(a,istallerthan,b) <= (e,istallerthan,b), (e,organizationterminatedperson,j), (j,worksfor,a)
7.0	5.0	0.714285714	(a,synonymfor,b) <= (g,locationlocatedwithinlocation,b), (g,proxyfor,b), (b,synonymfor,a)
14.0	10.0	0.714285714	(a,organizationhiredperson,b) <= (e,organizationhiredperson,b), (i,topmemberoforganization,e), (i,worksfor,a)
14.0	10.0	0.714285714	(a,animalsuchasinvertebrate,b) <= (e,animalsuchasinvertebrate,b), (i,animalthatfeedoninsect,e), (i,specializationof,a)
7.0	5.0	0.714285714	(a,sportsgamewinner,b) <= (i,athleteledsportsteam,f), (a,sportsgamewinner,f), (i,subpartof,b)
7.0	5.0	0.714285714	(a,worksfor,b) <= (a,ceoof,b), (h,organizationhiredperson,a), (a,worksfor,h)
7.0	5.0	0.714285714	(a,countryalsoknownas,b) <= (i,citycapitalofcountry,b), (a,countryalsoknownas,f), (i,proxyfor,f)
7.0	5.0	0.714285714	(a,personleadsorganization,b) <= (g,ceoof,b), (b,mutualproxyfor,a), (g,personleadsorganization,b)
7.0	5.0	0.714285714	(a,statelocatedingeopoliticallocation,b) <= (b,countryalsoknownas,h), (b,countrylocatedingeopoliticallocation,a), (a,statelocatedingeopoliticallocation,h)
21.0	15.0	0.714285714	(a,synonymfor,b) <= (g,persongraduatedfromuniversity,a), (g,persongraduatedschool,a), (b,synonymfor,a)
7.0	5.0	0.714285714	(a,personalsoknownas,b) <= (b,athleteledsportsteam,h), (b,athleteplaysforteam,h), (b,personalsoknownas,a)
35.0	25.0	0.714285714	(a,competeswith,b) <= (b,agentcontrols,h), (b,competeswith,a), (b,competeswith,h)
35.0	25.0	0.714285714	(a,organizationhiredperson,b) <= (j,subpartof,b), (a,subpartof,f), (f,topmemberoforganization,j)
14.0	10.0	0.714285714	(a,personleadsorganization,b) <= (i,personbelongstoorganization,f), (a,personleadsgeopoliticalorganization,f), (i,personleadsorganization,b)
21.0	15.0	0.714285714	(a,synonymfor,b) <= (h,persongraduatedschool,a), (b,synonymfor,a), (a,synonymfor,h)
63.0	45.0	0.714285714	(a,sportsgamewinner,b) <= (i,athleteplaysforteam,f), (i,personbelongstoorganization,b), (a,sportsgamewinner,f)
7.0	5.0	0.714285714	(a,sportsgamewinner,b) <= (i,personbelongstoorganization,b), (a,sportsgamewinner,f), (i,subpartof,f)
21.0	15.0	0.714285714	(a,synonymfor,b) <= (h,persongraduatedfromuniversity,a), (b,synonymfor,a), (a,synonymfor,h)
7.0	5.0	0.714285714	(a,personalsoknownas,b) <= (a,athleteledsportsteam,h), (a,athleteplaysforteam,h), (b,personalsoknownas,a)
7.0	5.0	0.714285714	(a,animalpreyson,b) <= (f,agentcompeteswithagent,j), (b,agriculturalproductincludingagriculturalproduct,f), (a,animalpreyson,j)
7.0	5.0	0.714285714	(a,countryalsoknownas,b) <= (b,countryalsoknownas,a), (h,countryalsoknownas,b), (a,countrylocatedingeopoliticallocation,h)
7.0	5.0	0.714285714	(a,animalpreyson,b) <= (j,agentcompeteswithagent,f), (b,agriculturalproductincludingagriculturalproduct,f), (a,animalpreyson,j)
7.0	5.0	0.714285714	(a,producesproduct,b) <= (e,companyalsoknownas,a), (e,producesproduct,b), (e,synonymfor,a)
7.0	5.0	0.714285714	(a,worksfor,b) <= (b,agentcollaborateswithagent,a), (g,proxyfor,b), (g,worksfor,b)
115.0	82.0	0.713043478	(a,citylocatedincountry,b) <= (a,citycapitalofcountry,f), (i,citylocatedincountry,b), (i,citylocatedincountry,f)
101.0	72.0	0.712871287	(a,topmemberoforganization,b) <= (j,organizationhiredperson,a), (e,topmemberoforganization,b), (e,topmemberoforganization,j)
80.0	57.0	0.7125	(a,locationlocatedwithinlocation,b) <= (a,locationlocatedwithinlocation,f), (i,personhasresidenceingeopoliticallocation,b), (i,personleadsorganization,f)
80.0	57.0	0.7125	(a,subpartof,b) <= (a,agentbelongstoorganization,h), (a,agentcollaborateswithagent,b), (h,agentcontrols,a)
52.0	37.0	0.711538462	(a,organizationhiredperson,b) <= (b,coachesteam,f), (i,coachesteam,f), (i,worksfor,a)
52.0	37.0	0.711538462	(a,organizationterminatedperson,b) <= (e,subpartof,b), (e,subpartof,j), (j,topmemberoforganization,a)
142.0	101.0	0.711267606	(a,athleteflyouttosportsteamposition,b) <= (i,athleteflyouttosportsteamposition,b), (a,athleteplaysforteam,f), (i,personbelongstoorganization,f)
135.0	96.0	0.711111111	(a,subpartoforganization,b) <= (f,organizationhiredperson,j), (j,personbelongstoorganization,b), (a,subpartoforganization,f)
69.0	49.0	0.710144928	(a,specializationof,b) <= (i,agentcompeteswithagent,f), (i,specializationof,b), (a,specializationof,f)
100.0	71.0	0.71	(a,teamplaysagainstteam,b) <= (e,athleteplaysforteam,b), (j,teamplaysagainstteam,a), (e,worksfor,j)
31.0	22.0	0.709677419	(a,arthropodandotherarthropod,b) <= (i,agentcompeteswithagent,b), (a,arthropodandotherarthropod,f), (i,arthropodandotherarthropod,f)
31.0	22.0	0.709677419	(a,organizationhiredperson,b) <= (b,ceoof,f), (f,mutualproxyfor,j), (a,organizationhiredperson,j)
31.0	22.0	0.709677419	(a,animalpreyson,b) <= (f,agentcompeteswithagent,j), (j,animalpreyson,b), (a,arthropodcalledarthropod,f)
31.0	22.0	0.709677419	(a,agentinvolvedwithitem,b) <= (j,agentinvolvedwithitem,b), (a,organizationterminatedperson,f), (f,personleadsorganization,j)
62.0	44.0	0.709677419	(a,bookwriter,b) <= (f,agentcontributedtocreativework,j), (j,bookwriter,b), (a,bookwriter,f)
62.0	44.0	0.709677419	(a,statelocatedingeopoliticallocation,b) <= (i,citycapitalofcountry,b), (i,citylocatedincountry,f), (a,statelocatedingeopoliticallocation,f)
117.0	83.0	0.709401709	(a,teamplaysagainstteam,b) <= (j,athleteplaysforteam,b), (f,organizationhiredperson,j), (a,teamplaysagainstteam,f)
103.0	73.0	0.708737864	(a,buildinglocatedincity,b) <= (a,buildinglocatedincity,f), (i,headquarteredin,f), (i,organizationheadquarteredincity,b)
24.0	17.0	0.708333333	(a,proxyfor,b) <= (i,personleadsorganization,f), (i,proxyfor,b), (a,proxyfor,f)
24.0	17.0	0.708333333	(a,organizationterminatedperson,b) <= (h,organizationterminatedperson,b), (b,topmemberoforganization,a), (b,worksfor,h)
24.0	17.0	0.708333333	(a,airportincity,b) <= (a,buildinglocatedincity,j), (b,citycapitalofcountry,f), (j,citycapitalofcountry,f)
219.0	155.0	0.707762557	(a,agentbelongstoorganization,b) <= (b,agentcontrols,h), (a,subpartof,b), (h,subpartof,b)
225.0	159.0	0.706666667	(a,persongraduatedschool,b) <= (f,persongraduatedfromuniversity,j), (a,persongraduatedschool,j), (b,synonymfor,f)
17.0	12.0	0.705882353	(a,organizationterminatedperson,b) <= (h,organizationterminatedperson,b), (a,subpartof,b), (b,worksfor,h)
34.0	24.0	0.705882353	(a,organizationterminatedperson,b) <= (a,mutualproxyfor,h), (a,organizationterminatedperson,h), (b,personleadsorganization,a)
34.0	24.0	0.705882353	(a,personleadsorganization,b) <= (h,mutualproxyfor,a), (b,organizationterminatedperson,a), (a,personleadsorganization,h)
17.0	12.0	0.705882353	(a,atlocation,b) <= (a,mutualproxyfor,b), (g,personhasresidenceingeopoliticallocation,b), (g,personleadsorganization,b)
17.0	12.0	0.705882353	(a,athleteplaysforteam,b) <= (i,athleteledsportsteam,b), (a,athleteledsportsteam,f), (i,worksfor,f)
51.0	36.0	0.705882353	(a,organizationhiredperson,b) <= (g,organizationhiredperson,b), (g,organizationterminatedperson,b), (a,subpartof,b)
17.0	12.0	0.705882353	(a,agentcreated,b) <= (i,agentcreated,b), (a,automakerproducesmodel,f), (i,producesproduct,f)
17.0	12.0	0.705882353	(a,animalsuchasinsect,b) <= (i,agentcompeteswithagent,b), (a,animalsuchasinsect,f), (i,specializationof,f)
51.0	36.0	0.705882353	(a,organizationhiredperson,b) <= (g,organizationterminatedperson,b), (a,subpartof,b), (g,subpartof,b)
17.0	12.0	0.705882353	(a,acquired,b) <= (j,acquired,b), (a,organizationhiredperson,f), (f,worksfor,j)
17.0	12.0	0.705882353	(a,ceoof,b) <= (h,ceoof,b), (b,mutualproxyfor,h), (a,topmemberoforganization,b)
17.0	12.0	0.705882353	(a,acquired,b) <= (a,acquired,j), (b,organizationterminatedperson,f), (f,topmemberoforganization,j)
17.0	12.0	0.705882353	(a,worksfor,b) <= (j,organizationterminatedperson,a), (b,subpartof,f), (f,worksfor,j)
17.0	12.0	0.705882353	(a,worksfor,b) <= (a,personleadsorganization,j), (b,subpartof,f), (f,worksfor,j)
17.0	12.0	0.705882353	(a,sportsgameteam,b) <= (j,organizationhiredperson,f), (b,organizationterminatedperson,f), (a,sportsgameteam,j)
17.0	12.0	0.705882353	(a,athleteplaysforteam,b) <= (a,athleteledsportsteam,b), (g,athleteledsportsteam,b), (g,worksfor,b)
17.0	12.0	0.705882353	(a,proxyfor,b) <= (f,organizationterminatedperson,j), (a,personleadsorganization,f), (j,proxyfor,b)
17.0	12.0	0.705882353	(a,personleadsorganization,b) <= (a,personleadsorganization,h), (b,subpartof,a), (a,worksfor,h)
17.0	12.0	0.705882353	(a,worksfor,b) <= (a,personleadsorganization,h), (b,subpartof,a), (a,worksfor,h)
17.0	12.0	0.705882353	(a,proxyfor,b) <= (e,mutualproxyfor,j), (e,proxyfor,b), (j,worksfor,a)
34.0	24.0	0.705882353	(a,competeswith,b) <= (h,agentcompeteswithagent,b), (b,competeswith,a), (b,hasofficeincity,h)
34.0	24.0	0.705882353	(a,competeswith,b) <= (h,agentcompeteswithagent,b), (b,competeswith,a), (b,newspaperincity,h)
17.0	12.0	0.705882353	(a,atlocation,b) <= (a,mutualproxyfor,f), (i,personhasresidenceingeopoliticallocation,f), (i,personleadsorganization,b)
17.0	12.0	0.705882353	(a,worksfor,b) <= (h,organizationterminatedperson,a), (b,subpartof,a), (a,worksfor,h)
51.0	36.0	0.705882353	(a,organizationterminatedperson,b) <= (g,organizationhiredperson,b), (g,organizationterminatedperson,b), (a,subpartof,b)
51.0	36.0	0.705882353	(a,organizationterminatedperson,b) <= (i,organizationhiredperson,f), (i,organizationterminatedperson,b), (a,subpartof,f)
17.0	12.0	0.705882353	(a,personleadsorganization,b) <= (a,personleadsorganization,j), (b,subpartof,f), (f,worksfor,j)
17.0	12.0	0.705882353	(a,countrylocatedingeopoliticallocation,b) <= (a,countryalsoknownas,h), (h,countrylocatedingeopoliticallocation,b), (a,locationlocatedwithinlocation,b)
34.0	24.0	0.705882353	(a,subpartof,b) <= (b,agentcompeteswithagent,f), (a,subpartof,j), (j,teamalsoknownas,f)
51.0	36.0	0.705882353	(a,organizationhiredperson,b) <= (i,organizationterminatedperson,f), (i,subpartof,b), (a,subpartof,f)
17.0	12.0	0.705882353	(a,organizationterminatedperson,b) <= (h,ceoof,a), (a,mutualproxyfor,h), (b,topmemberoforganization,a)
51.0	36.0	0.705882353	(a,organizationhiredperson,b) <= (i,organizationhiredperson,f), (i,organizationterminatedperson,b), (a,subpartof,f)
17.0	12.0	0.705882353	(a,animalsuchasinsect,b) <= (j,agentcompeteswithagent,b), (a,animalsuchasinsect,f), (f,animalthatfeedoninsect,j)
17.0	12.0	0.705882353	(a,organizationterminatedperson,b) <= (j,organizationterminatedperson,b), (a,subpartof,f), (f,worksfor,j)
78.0	55.0	0.705128205	(a,countryalsoknownas,b) <= (g,citycapitalofcountry,a), (g,citylocatedincountry,a), (b,countryalsoknownas,a)
61.0	43.0	0.704918033	(a,worksfor,b) <= (b,organizationterminatedperson,a), (g,personleadsorganization,b), (g,worksfor,b)
44.0	31.0	0.704545455	(a,agentactsinlocation,b) <= (a,agentactsinlocation,f), (i,headquarteredin,f), (i,organizationheadquarteredincity,b)
44.0	31.0	0.704545455	(a,transportationincity,b) <= (i,headquarteredin,f), (i,organizationheadquarteredincity,b), (a,transportationincity,f)
27.0	19.0	0.703703704	(a,arthropodcalledarthropod,b) <= (b,arthropodandotherarthropod,f), (a,arthropodcalledarthropod,j), (f,specializationof,j)
54.0	38.0	0.703703704	(a,organizationterminatedperson,b) <= (j,organizationhiredperson,b), (a,organizationterminatedperson,f), (f,personleadsorganization,j)
27.0	19.0	0.703703704	(a,hasspouse,b) <= (a,hashusband,f), (i,hasspouse,b), (i,hasspouse,f)
54.0	38.0	0.703703704	(a,worksfor,b) <= (f,agentcollaborateswithagent,j), (j,topmemberoforganization,b), (a,worksfor,f)
27.0	19.0	0.703703704	(a,companyalsoknownas,b) <= (e,companyalsoknownas,b), (e,organizationterminatedperson,j), (j,topmemberoforganization,a)
64.0	45.0	0.703125	(a,organizationhiredperson,b) <= (f,organizationhiredperson,j), (a,organizationterminatedperson,j), (b,topmemberoforganization,f)
37.0	26.0	0.702702703	(a,teamplaysagainstteam,b) <= (e,athleteledsportsteam,b), (j,teamplaysagainstteam,a), (e,worksfor,j)
74.0	52.0	0.702702703	(a,companyeconomicsector,b) <= (j,companyeconomicsector,b), (a,organizationterminatedperson,f), (f,topmemberoforganization,j)
37.0	26.0	0.702702703	(a,teamplaysagainstteam,b) <= (g,athleteledsportsteam,b), (b,teamplaysagainstteam,a), (g,worksfor,b)
188.0	132.0	0.70212766	(a,agentbelongstoorganization,b) <= (h,agentbelongstoorganization,b), (a,agentcollaborateswithagent,b), (b,agentcontrols,h)
57.0	40.0	0.701754386	(a,athleteplaysforteam,b) <= (a,athleteledsportsteam,b), (g,athleteplaysforteam,b), (g,personbelongstoorganization,b)
67.0	47.0	0.701492537	(a,worksfor,b) <= (b,agentcollaborateswithagent,h), (a,personleadsorganization,b), (h,worksfor,b)
77.0	54.0	0.701298701	(a,politicianusendorsedbypoliticianus,b) <= (b,agentcollaborateswithagent,h), (b,politicianusendorsedbypoliticianus,a), (h,politicianusendorsedbypoliticianus,b)
267.0	187.0	0.700374532	(a,personbornincity,b) <= (b,cityliesonriver,h), (b,locationlocatedwithinlocation,h), (a,personborninlocation,b)
267.0	187.0	0.700374532	(a,personbornincity,b) <= (b,cityliesonriver,h), (a,personborninlocation,b), (b,subpartof,h)
267.0	187.0	0.700374532	(a,personbornincity,b) <= (g,buildinglocatedincity,b), (g,locationlocatedwithinlocation,b), (a,personborninlocation,b)
267.0	187.0	0.700374532	(a,personbornincity,b) <= (b,citylocatedingeopoliticallocation,h), (a,personborninlocation,b), (b,subpartof,h)
10.0	7.0	0.7	(a,agentbelongstoorganization,b) <= (j,agentcollaborateswithagent,a), (e,agentcontrols,j), (e,teamplaysinleague,b)
10.0	7.0	0.7	(a,ceoof,b) <= (a,ceoof,h), (b,organizationterminatedperson,a), (a,personleadsorganization,h)
10.0	7.0	0.7	(a,agentbelongstoorganization,b) <= (j,agentcollaborateswithagent,a), (e,coachesinleague,b), (e,coachesinleague,j)
10.0	7.0	0.7	(a,agentbelongstoorganization,b) <= (j,agentcollaborateswithagent,a), (e,athleteplaysinleague,b), (e,coachesinleague,j)
10.0	7.0	0.7	(a,organizationheadquarteredinstateorprovince,b) <= (i,athleteledsportsteam,e), (e,organizationheadquarteredinstateorprovince,b), (i,personbelongstoorganization,a)
10.0	7.0	0.7	(a,sportfansincountry,b) <= (j,citylocatedincountry,b), (f,mutualproxyfor,j), (a,sportfansincountry,f)
20.0	14.0	0.7	(a,countryalsoknownas,b) <= (b,countryalsoknownas,a), (g,sportfansincountry,a), (g,sportschoolincountry,a)
10.0	7.0	0.7	(a,teamplaysagainstteam,b) <= (h,organizationalsoknownas,b), (b,teamplaysagainstteam,a), (b,teamplaysagainstteam,h)
10.0	7.0	0.7	(a,proxyfor,b) <= (b,locationlocatedwithinlocation,f), (i,organizationheadquarteredincity,a), (i,televisionstationincity,f)
10.0	7.0	0.7	(a,agentbelongstoorganization,b) <= (j,agentcollaborateswithagent,a), (e,athleteplaysinleague,j), (e,coachesinleague,b)
40.0	28.0	0.7	(a,competeswith,b) <= (b,agentcontrols,h), (b,competeswith,a), (h,competeswith,b)
10.0	7.0	0.7	(a,countryalsoknownas,b) <= (i,automobilemakerdealersincountry,b), (a,countryalsoknownas,f), (i,hasofficeincountry,f)
10.0	7.0	0.7	(a,teamplaysagainstteam,b) <= (b,agentactsinlocation,h), (b,atlocation,h), (b,teamplaysagainstteam,a)
10.0	7.0	0.7	(a,subpartoforganization,b) <= (j,ceoof,a), (e,organizationterminatedperson,j), (e,subpartoforganization,b)
40.0	28.0	0.7	(a,citylocatedingeopoliticallocation,b) <= (i,citylocatedincountry,b), (a,citylocatedingeopoliticallocation,f), (i,proxyfor,f)
30.0	21.0	0.7	(a,ceoof,b) <= (a,ceoof,h), (h,organizationhiredperson,a), (b,subpartof,a)
40.0	28.0	0.7	(a,buildinglocatedincity,b) <= (a,buildinglocatedincity,f), (i,headquarteredin,b), (i,newspaperincity,f)
10.0	7.0	0.7	(a,agentcollaborateswithagent,b) <= (g,agentcollaborateswithagent,b), (a,mutualproxyfor,b), (g,subpartof,b)
10.0	7.0	0.7	(a,agentparticipatedinevent,b) <= (e,agentparticipatedinevent,b), (i,athleteledsportsteam,e), (i,personbelongstoorganization,a)
30.0	21.0	0.7	(a,organizationhiredperson,b) <= (f,ceoof,j), (j,subpartof,b), (a,subpartof,f)
40.0	28.0	0.7	(a,citylocatedingeopoliticallocation,b) <= (a,citylocatedingeopoliticallocation,f), (i,locationlocatedwithinlocation,b), (i,subpartof,f)
10.0	7.0	0.7	(a,agentbelongstoorganization,b) <= (j,agentcollaborateswithagent,a), (e,agentcontrols,b), (e,teamplaysinleague,j)
10.0	7.0	0.7	(a,animalpreyson,b) <= (b,agentcompeteswithagent,h), (b,animalpreyson,a), (h,animalpreyson,a)
10.0	7.0	0.7	(a,specializationof,b) <= (i,animalsuchasinvertebrate,b), (i,arthropodandotherarthropod,f), (a,specializationof,f)
20.0	14.0	0.7	(a,worksfor,b) <= (h,agentcollaborateswithagent,b), (b,agentcontrols,h), (a,personleadsorganization,b)
10.0	7.0	0.7	(a,teamplaysagainstteam,b) <= (a,agentactsinlocation,h), (a,atlocation,h), (b,teamplaysagainstteam,a)
10.0	7.0	0.7	(a,atdate,b) <= (e,atdate,b), (i,personleadsgeopoliticalorganization,e), (i,worksfor,a)
10.0	7.0	0.7	(a,ceoof,b) <= (g,ceoof,b), (b,organizationterminatedperson,a), (g,personleadsorganization,b)
10.0	7.0	0.7	(a,agentcollaborateswithagent,b) <= (a,agentcollaborateswithagent,h), (a,mutualproxyfor,h), (a,subpartof,b)
20.0	14.0	0.7	(a,worksfor,b) <= (b,organizationterminatedperson,h), (a,topmemberoforganization,b), (h,worksfor,b)
10.0	7.0	0.7	(a,statelocatedincountry,b) <= (i,personmovedtostateorprovince,a), (i,personmovedtostateorprovince,e), (e,subpartof,b)
10.0	7.0	0.7	(a,hasofficeincountry,b) <= (j,organizationheadquarteredincountry,b), (a,organizationterminatedperson,f), (f,topmemberoforganization,j)
30.0	21.0	0.7	(a,organizationhiredperson,b) <= (b,ceoof,h), (h,organizationhiredperson,b), (a,subpartof,b)
10.0	7.0	0.7	(a,cityalsoknownas,b) <= (a,cityalsoknownas,f), (i,hasofficeincity,b), (i,organizationheadquarteredincity,f)
10.0	7.0	0.7	(a,athleteledsportsteam,b) <= (a,athleteplaysforteam,b), (h,subpartoforganization,b), (b,teamplaysinleague,h)
10.0	7.0	0.7	(a,companyeconomicsector,b) <= (f,agentcollaborateswithagent,j), (a,agentcontrols,f), (j,companyeconomicsector,b)
10.0	7.0	0.7	(a,agentbelongstoorganization,b) <= (b,agentcollaborateswithagent,a), (h,coachesinleague,b), (b,organizationhiredperson,h)
20.0	14.0	0.7	(a,organizationhiredperson,b) <= (b,ceoof,a), (g,mutualproxyfor,b), (g,subpartof,b)
20.0	14.0	0.7	(a,statelocatedincountry,b) <= (e,mutualproxyfor,j), (e,statelocatedincountry,b), (j,subpartof,a)
10.0	7.0	0.7	(a,agentbelongstoorganization,b) <= (b,agentcollaborateswithagent,a), (b,agentcollaborateswithagent,h), (h,teamplaysinleague,b)
10.0	7.0	0.7	(a,companyeconomicsector,b) <= (j,agentcollaborateswithagent,a), (e,agentcontrols,j), (e,companyeconomicsector,b)
10.0	7.0	0.7	(a,hasofficeincountry,b) <= (e,hasofficeincountry,b), (e,organizationterminatedperson,j), (j,personleadsorganization,a)
10.0	7.0	0.7	(a,stateorprovinceisborderedbystateorprovince,b) <= (a,organizationhiredperson,f), (i,organizationterminatedperson,f), (i,stateorprovinceisborderedbystateorprovince,b)
20.0	14.0	0.7	(a,synonymfor,b) <= (i,agentcontrols,a), (i,proxyfor,e), (e,synonymfor,b)
10.0	7.0	0.7	(a,companyeconomicsector,b) <= (j,agentbelongstoorganization,a), (e,agentcontrols,j), (e,companyeconomicsector,b)
10.0	7.0	0.7	(a,mutualproxyfor,b) <= (a,agentcollaborateswithagent,b), (g,mutualproxyfor,b), (g,subpartof,b)
10.0	7.0	0.7	(a,mutualproxyfor,b) <= (h,mutualproxyfor,b), (b,topmemberoforganization,a), (b,worksfor,h)
10.0	7.0	0.7	(a,personleadsorganization,b) <= (h,organizationhiredperson,a), (a,personleadsorganization,h), (a,proxyfor,b)
10.0	7.0	0.7	(a,agentcompeteswithagent,b) <= (b,agentcompeteswithagent,a), (b,animalpreyson,h), (h,specializationof,b)
10.0	7.0	0.7	(a,agentcollaborateswithagent,b) <= (a,agentcollaborateswithagent,f), (j,coachesinleague,b), (f,organizationhiredperson,j)
10.0	7.0	0.7	(a,agentbelongstoorganization,b) <= (b,agentcollaborateswithagent,a), (g,athleteplaysinleague,b), (g,coachesinleague,b)
10.0	7.0	0.7	(a,atdate,b) <= (i,atdate,b), (i,personleadsgeopoliticalorganization,f), (a,proxyfor,f)
30.0	21.0	0.7	(a,animalsuchasinvertebrate,b) <= (a,animalsuchasinvertebrate,f), (f,animalthatfeedoninsect,j), (j,specializationof,b)
10.0	7.0	0.7	(a,organizationhiredperson,b) <= (h,organizationhiredperson,b), (b,personleadsorganization,h), (b,proxyfor,a)
10.0	7.0	0.7	(a,athleteplaysforteam,b) <= (a,athleteledsportsteam,b), (h,subpartoforganization,b), (b,teamplaysinleague,h)
10.0	7.0	0.7	(a,mutualproxyfor,b) <= (e,mutualproxyfor,b), (i,topmemberoforganization,a), (i,worksfor,e)
10.0	7.0	0.7	(a,agentbelongstoorganization,b) <= (g,agentbelongstoorganization,b), (b,agentcollaborateswithagent,a), (g,subpartof,b)
10.0	7.0	0.7	(a,locationlocatedwithinlocation,b) <= (j,locationlocatedwithinlocation,b), (a,locationlocatedwithinlocation,f), (f,organizationheadquarteredincity,j)
30.0	21.0	0.7	(a,organizationhiredperson,b) <= (b,ceoof,h), (a,subpartof,b), (h,subpartof,b)
10.0	7.0	0.7	(a,agentbelongstoorganization,b) <= (b,agentcollaborateswithagent,a), (g,athleteplaysinleague,b), (g,personbelongstoorganization,b)
20.0	14.0	0.7	(a,arthropodandotherarthropod,b) <= (j,arthropodandotherarthropod,b), (a,arthropodandotherarthropod,f), (f,specializationof,j)
10.0	7.0	0.7	(a,agentbelongstoorganization,b) <= (b,agentcollaborateswithagent,a), (g,agentcontrols,b), (g,teamplaysinleague,b)
20.0	14.0	0.7	(a,companyalsoknownas,b) <= (a,companyalsoknownas,f), (i,companyalsoknownas,f), (i,organizationalsoknownas,b)
20.0	14.0	0.7	(a,subpartof,b) <= (e,mutualproxyfor,j), (e,subpartof,b), (j,worksfor,a)
10.0	7.0	0.7	(a,mutualproxyfor,b) <= (a,agentcollaborateswithagent,h), (a,mutualproxyfor,h), (a,subpartof,b)
10.0	7.0	0.7	(a,agentbelongstoorganization,b) <= (a,agentcollaborateswithagent,f), (j,coachesinleague,b), (f,organizationhiredperson,j)
10.0	7.0	0.7	(a,countryalsoknownas,b) <= (e,citycapitalofcountry,b), (j,countryalsoknownas,a), (e,locationlocatedwithinlocation,j)
10.0	7.0	0.7	(a,athleteledsportsteam,b) <= (a,athleteledsportsteam,f), (i,athleteledsportsteam,f), (i,subpartof,b)
10.0	7.0	0.7	(a,agentbelongstoorganization,b) <= (b,agentcollaborateswithagent,a), (g,coachesinleague,b), (g,personbelongstoorganization,b)
10.0	7.0	0.7	(a,citylocatedincountry,b) <= (a,citycapitalofcountry,b), (b,countrylocatedingeopoliticallocation,h), (b,locationlocatedwithinlocation,h)
10.0	7.0	0.7	(a,proxyfor,b) <= (b,locationlocatedwithinlocation,a), (g,organizationheadquarteredincity,a), (g,televisionstationincity,a)
20.0	14.0	0.7	(a,organizationhiredperson,b) <= (j,ceoof,a), (e,mutualproxyfor,b), (e,subpartof,j)
20.0	14.0	0.7	(a,organizationhiredperson,b) <= (e,mutualproxyfor,b), (e,organizationhiredperson,j), (j,topmemberoforganization,a)
10.0	7.0	0.7	(a,personhasresidenceingeopoliticallocation,b) <= (i,citycapitalofcountry,b), (i,citylocatedincountry,f), (a,personhasresidenceingeopoliticallocation,f)
382.0	267.0	0.69895288	(a,personborninlocation,b) <= (i,buildinglocatedincity,b), (i,locationlocatedwithinlocation,f), (a,personborninlocation,f)
83.0	58.0	0.698795181	(a,ceoof,b) <= (a,ceoof,j), (b,organizationterminatedperson,f), (f,topmemberoforganization,j)
272.0	190.0	0.698529412	(a,personbornincity,b) <= (i,museumincity,b), (i,museumincity,f), (a,personborninlocation,f)
381.0	266.0	0.69816273	(a,athleteledsportsteam,b) <= (i,athleteledsportsteam,b), (a,athleteledsportsteam,f), (i,athleteplaysforteam,f)
129.0	90.0	0.697674419	(a,subpartof,b) <= (j,agentcontrols,a), (b,organizationhiredperson,f), (f,topmemberoforganization,j)
43.0	30.0	0.697674419	(a,sportfansincountry,b) <= (f,organizationhiredperson,j), (j,personbelongstoorganization,b), (a,sportschoolincountry,f)
43.0	30.0	0.697674419	(a,worksfor,b) <= (b,agentcollaborateswithagent,a), (a,personleadsorganization,h), (a,worksfor,h)
129.0	90.0	0.697674419	(a,subpartof,b) <= (b,agentcontrols,a), (b,organizationhiredperson,h), (h,topmemberoforganization,b)
628.0	438.0	0.697452229	(a,athleteflyouttosportsteamposition,b) <= (i,athleteflyouttosportsteamposition,b), (a,athleteplaysinleague,f), (i,coachesinleague,f)
274.0	191.0	0.697080292	(a,personbornincity,b) <= (i,attractionofcity,b), (i,attractionofcity,f), (a,personborninlocation,f)
33.0	23.0	0.696969697	(a,countryalsoknownas,b) <= (e,countryalsoknownas,b), (i,locationlocatedwithinlocation,a), (i,proxyfor,e)
33.0	23.0	0.696969697	(a,organizationterminatedperson,b) <= (a,organizationterminatedperson,j), (b,topmemberoforganization,f), (j,worksfor,f)
56.0	39.0	0.696428571	(a,proxyfor,b) <= (g,agentactsinlocation,b), (g,atlocation,b), (b,mutualproxyfor,a)
392.0	273.0	0.696428571	(a,personborninlocation,b) <= (i,locationlocatedwithinlocation,f), (a,personborninlocation,f), (i,subpartof,b)
125.0	87.0	0.696	(a,organizationhiredperson,b) <= (e,organizationhiredperson,b), (e,organizationterminatedperson,j), (j,worksfor,a)
23.0	16.0	0.695652174	(a,subpartof,b) <= (b,organizationterminatedperson,f), (f,personleadsorganization,j), (a,subpartof,j)
23.0	16.0	0.695652174	(a,cityliesonriver,b) <= (e,cityliesonriver,b), (i,locationlocatedwithinlocation,e), (i,subpartof,a)
23.0	16.0	0.695652174	(a,worksfor,b) <= (f,personleadsorganization,j), (b,subpartof,f), (a,worksfor,j)
23.0	16.0	0.695652174	(a,companyeconomicsector,b) <= (i,companyeconomicsector,b), (i,mutualproxyfor,f), (a,organizationterminatedperson,f)
46.0	32.0	0.695652174	(a,subpartof,b) <= (a,locationlocatedwithinlocation,b), (h,mutualproxyfor,a), (a,subpartof,h)
23.0	16.0	0.695652174	(a,organizationhiredperson,b) <= (g,mutualproxyfor,b), (g,subpartof,b), (b,topmemberoforganization,a)
23.0	16.0	0.695652174	(a,teamplaysincity,b) <= (j,organizationhiredperson,f), (b,organizationterminatedperson,f), (a,teamplaysincity,j)
23.0	16.0	0.695652174	(a,organizationhiredperson,b) <= (e,subpartof,b), (e,subpartof,j), (j,worksfor,a)
23.0	16.0	0.695652174	(a,organizationhiredperson,b) <= (e,mutualproxyfor,b), (e,subpartof,j), (j,topmemberoforganization,a)
23.0	16.0	0.695652174	(a,organizationalsoknownas,b) <= (b,organizationalsoknownas,a), (h,organizationalsoknownas,b), (b,synonymfor,h)
220.0	153.0	0.695454545	(a,agentbelongstoorganization,b) <= (j,agentcollaborateswithagent,b), (f,agentcontrols,j), (a,subpartof,f)
269.0	187.0	0.695167286	(a,personbornincity,b) <= (g,buildinglocatedincity,b), (a,personborninlocation,b), (g,subpartof,b)
269.0	187.0	0.695167286	(a,personbornincity,b) <= (i,buildinglocatedincity,f), (a,personborninlocation,f), (i,subpartof,b)
36.0	25.0	0.694444444	(a,subpartof,b) <= (a,mutualproxyfor,h), (a,organizationhiredperson,b), (a,subpartof,h)
36.0	25.0	0.694444444	(a,mutualproxyfor,b) <= (a,mutualproxyfor,h), (a,organizationhiredperson,b), (a,subpartof,h)
36.0	25.0	0.694444444	(a,subpartof,b) <= (g,mutualproxyfor,b), (a,organizationhiredperson,b), (g,subpartof,b)
36.0	25.0	0.694444444	(a,subpartof,b) <= (i,mutualproxyfor,b), (a,organizationhiredperson,f), (i,subpartof,f)
49.0	34.0	0.693877551	(a,competeswith,b) <= (e,competeswith,b), (i,topmemberoforganization,a), (i,worksfor,e)
49.0	34.0	0.693877551	(a,ceoof,b) <= (e,ceoof,j), (j,organizationterminatedperson,a), (e,topmemberoforganization,b)
75.0	52.0	0.693333333	(a,politicianusendorsedbypoliticianus,b) <= (h,agentcollaborateswithagent,b), (b,politicianusendorsedbypoliticianus,a), (b,politicianusendorsedbypoliticianus,h)
101.0	70.0	0.693069307	(a,mutualproxyfor,b) <= (b,locationlocatedwithinlocation,a), (h,mutualproxyfor,b), (b,proxyfor,h)
270.0	187.0	0.692592593	(a,personbornincity,b) <= (a,personborninlocation,b), (b,proxyfor,h), (b,subpartof,h)
270.0	187.0	0.692592593	(a,personbornincity,b) <= (i,buildinglocatedincity,b), (a,personborninlocation,f), (i,subpartof,f)
13.0	9.0	0.692307692	(a,mutualproxyfor,b) <= (g,organizationterminatedperson,b), (g,subpartof,b), (b,worksfor,a)
13.0	9.0	0.692307692	(a,organizationterminatedperson,b) <= (h,mutualproxyfor,b), (a,subpartof,b), (b,worksfor,h)
13.0	9.0	0.692307692	(a,organizationhiredperson,b) <= (j,mutualproxyfor,b), (a,subpartof,f), (f,worksfor,j)
130.0	90.0	0.692307692	(a,subpartof,b) <= (i,agentcontrols,a), (i,organizationhiredperson,e), (e,topmemberoforganization,b)
182.0	126.0	0.692307692	(a,agentinvolvedwithitem,b) <= (e,agentinvolvedwithitem,b), (i,personleadsorganization,a), (i,worksfor,e)
13.0	9.0	0.692307692	(a,personleadsorganization,b) <= (b,organizationhiredperson,f), (f,personleadsorganization,j), (a,proxyfor,j)
26.0	18.0	0.692307692	(a,organizationhiredperson,b) <= (a,organizationterminatedperson,b), (a,subpartof,h), (h,topmemberoforganization,a)
13.0	9.0	0.692307692	(a,mutualproxyfor,b) <= (a,organizationterminatedperson,b), (h,subpartof,b), (b,worksfor,h)
13.0	9.0	0.692307692	(a,teamplaysagainstteam,b) <= (a,agentcontrols,h), (b,teamplaysagainstteam,a), (a,teamplaysinleague,h)
13.0	9.0	0.692307692	(a,sportschoolincountry,b) <= (i,citylocatedincountry,b), (i,citylocatedingeopoliticallocation,f), (a,sportschoolincountry,f)
13.0	9.0	0.692307692	(a,personleadsorganization,b) <= (j,organizationhiredperson,a), (e,personleadsorganization,b), (e,proxyfor,j)
26.0	18.0	0.692307692	(a,organizationhiredperson,b) <= (a,organizationterminatedperson,b), (h,subpartof,b), (b,topmemberoforganization,h)
13.0	9.0	0.692307692	(a,automakerproducesmodel,b) <= (a,organizationhiredperson,f), (i,organizationhiredperson,f), (i,producesproduct,b)
13.0	9.0	0.692307692	(a,companyalsoknownas,b) <= (a,companyalsoknownas,j), (b,organizationterminatedperson,f), (f,topmemberoforganization,j)
13.0	9.0	0.692307692	(a,worksfor,b) <= (b,mutualproxyfor,a), (b,organizationhiredperson,a), (a,personleadsorganization,b)
13.0	9.0	0.692307692	(a,organizationterminatedperson,b) <= (a,mutualproxyfor,b), (h,subpartof,b), (b,worksfor,h)
39.0	27.0	0.692307692	(a,competeswith,b) <= (h,agentcompeteswithagent,b), (b,agentcontrols,h), (b,competeswith,a)
13.0	9.0	0.692307692	(a,airportincity,b) <= (a,buildinglocatedincity,b), (b,citycapitalofcountry,h), (b,citylocatedincountry,h)
13.0	9.0	0.692307692	(a,worksfor,b) <= (i,personleadsgeopoliticalorganization,f), (i,worksfor,b), (a,worksfor,f)
39.0	27.0	0.692307692	(a,countryalsoknownas,b) <= (b,countryalsoknownas,a), (a,countrylocatedingeopoliticallocation,h), (h,statelocatedingeopoliticallocation,a)
13.0	9.0	0.692307692	(a,agentcompeteswithagent,b) <= (i,agentcompeteswithagent,b), (a,agentcompeteswithagent,f), (i,teamalsoknownas,f)
26.0	18.0	0.692307692	(a,synonymfor,b) <= (h,organizationalsoknownas,a), (b,synonymfor,a), (a,synonymfor,h)
130.0	90.0	0.692307692	(a,worksfor,b) <= (f,organizationterminatedperson,j), (j,personleadsorganization,b), (a,worksfor,f)
13.0	9.0	0.692307692	(a,organizationterminatedperson,b) <= (j,organizationterminatedperson,b), (f,personleadsorganization,j), (a,subpartof,f)
52.0	36.0	0.692307692	(a,organizationhiredperson,b) <= (e,subpartof,b), (e,subpartof,j), (j,topmemberoforganization,a)
13.0	9.0	0.692307692	(a,teamplaysagainstteam,b) <= (a,teamalsoknownas,b), (a,teamwontrophy,h), (b,teamwontrophy,h)
13.0	9.0	0.692307692	(a,subpartof,b) <= (i,athleteledsportsteam,b), (i,athleteplaysforteam,f), (a,subpartof,f)
13.0	9.0	0.692307692	(a,mutualproxyfor,b) <= (i,ceoof,a), (e,mutualproxyfor,b), (i,worksfor,e)
26.0	18.0	0.692307692	(a,worksfor,b) <= (b,subpartof,f), (a,worksfor,j), (f,worksfor,j)
13.0	9.0	0.692307692	(a,mutualproxyfor,b) <= (a,organizationterminatedperson,j), (f,subpartof,j), (b,worksfor,f)
13.0	9.0	0.692307692	(a,personleadsorganization,b) <= (a,proxyfor,b), (a,worksfor,b)
26.0	18.0	0.692307692	(a,organizationhiredperson,b) <= (a,organizationterminatedperson,j), (f,subpartof,j), (b,topmemberoforganization,f)
13.0	9.0	0.692307692	(a,animalsuchasinvertebrate,b) <= (j,agentcompeteswithagent,b), (a,animalsuchasinvertebrate,f), (f,animalsuchasinvertebrate,j)
78.0	54.0	0.692307692	(a,sportfansincountry,b) <= (j,countrylocatedingeopoliticallocation,f), (b,organizationalsoknownas,f), (a,sportfansincountry,j)
26.0	18.0	0.692307692	(a,organizationterminatedperson,b) <= (e,mutualproxyfor,j), (e,subpartof,b), (j,topmemberoforganization,a)
13.0	9.0	0.692307692	(a,personmovedtostateorprovince,b) <= (b,organizationhiredperson,f), (a,personmovedtostateorprovince,j), (f,worksfor,j)
26.0	18.0	0.692307692	(a,proxyfor,b) <= (i,personhasresidenceingeopoliticallocation,a), (e,proxyfor,b), (i,worksfor,e)
13.0	9.0	0.692307692	(a,ceoof,b) <= (j,ceoof,b), (f,organizationhiredperson,j), (a,personleadsorganization,f)
39.0	27.0	0.692307692	(a,lakeinstate,b) <= (a,lakeinstate,f), (i,mutualproxyfor,f), (i,subpartof,b)
130.0	90.0	0.692307692	(a,personleadsorganization,b) <= (f,organizationterminatedperson,j), (j,personleadsorganization,b), (a,worksfor,f)
52.0	36.0	0.692307692	(a,organizationterminatedperson,b) <= (b,ceoof,f), (f,organizationhiredperson,j), (a,organizationterminatedperson,j)
13.0	9.0	0.692307692	(a,teamplaysagainstteam,b) <= (a,organizationhiredperson,j), (j,subpartof,f), (b,teamplaysagainstteam,f)
13.0	9.0	0.692307692	(a,organizationhiredperson,b) <= (h,mutualproxyfor,b), (a,subpartof,b), (b,worksfor,h)
26.0	18.0	0.692307692	(a,organizationhiredperson,b) <= (e,organizationterminatedperson,b), (e,subpartof,j), (j,topmemberoforganization,a)
26.0	18.0	0.692307692	(a,organizationterminatedperson,b) <= (h,organizationterminatedperson,b), (b,topmemberoforganization,h), (b,worksfor,a)
13.0	9.0	0.692307692	(a,worksfor,b) <= (f,ceoof,j), (b,mutualproxyfor,f), (a,worksfor,j)
13.0	9.0	0.692307692	(a,organizationhiredperson,b) <= (a,mutualproxyfor,b), (h,subpartof,b), (b,worksfor,h)
39.0	27.0	0.692307692	(a,organizationheadquarteredincity,b) <= (i,citylocatedingeopoliticallocation,f), (i,locationlocatedwithinlocation,b), (a,organizationheadquarteredincity,f)
13.0	9.0	0.692307692	(a,organizationterminatedperson,b) <= (j,mutualproxyfor,b), (a,subpartof,f), (f,worksfor,j)
26.0	18.0	0.692307692	(a,organizationhiredperson,b) <= (a,organizationterminatedperson,h), (a,subpartof,h), (b,topmemberoforganization,a)
13.0	9.0	0.692307692	(a,hasofficeincountry,b) <= (e,organizationheadquarteredincountry,b), (i,topmemberoforganization,a), (i,topmemberoforganization,e)
13.0	9.0	0.692307692	(a,proxyfor,b) <= (g,personleadsorganization,b), (g,proxyfor,b), (a,worksfor,b)
13.0	9.0	0.692307692	(a,teamplaysagainstteam,b) <= (a,organizationhiredperson,h), (h,subpartof,a), (b,teamplaysagainstteam,a)
13.0	9.0	0.692307692	(a,mutualproxyfor,b) <= (j,ceoof,f), (a,mutualproxyfor,j), (b,worksfor,f)
13.0	9.0	0.692307692	(a,countryalsoknownas,b) <= (e,citylocatedincountry,b), (e,citylocatedingeopoliticallocation,j), (j,countryalsoknownas,a)
39.0	27.0	0.692307692	(a,topmemberoforganization,b) <= (i,topmemberoforganization,b), (a,topmemberoforganization,f), (i,worksfor,f)
26.0	18.0	0.692307692	(a,organizationhiredperson,b) <= (g,organizationterminatedperson,b), (g,subpartof,b), (b,topmemberoforganization,a)
13.0	9.0	0.692307692	(a,organizationheadquarteredinstateorprovince,b) <= (a,organizationheadquarteredinstateorprovince,f), (f,organizationhiredperson,j), (j,worksfor,b)
13.0	9.0	0.692307692	(a,countryalsoknownas,b) <= (i,citycapitalofcountry,e), (e,countryalsoknownas,b), (i,locationlocatedwithinlocation,a)
13.0	9.0	0.692307692	(a,headquarteredin,b) <= (f,ceoof,j), (j,headquarteredin,b), (a,mutualproxyfor,f)
81.0	56.0	0.691358025	(a,countryalsoknownas,b) <= (i,citycapitalofcountry,a), (i,citylocatedincountry,f), (b,countryalsoknownas,f)
68.0	47.0	0.691176471	(a,automakerproducesmodel,b) <= (g,ceoof,a), (a,producesproduct,b), (g,topmemberoforganization,a)
68.0	47.0	0.691176471	(a,automakerproducesmodel,b) <= (i,ceoof,e), (e,producesproduct,b), (i,topmemberoforganization,a)
55.0	38.0	0.690909091	(a,worksfor,b) <= (b,agentcontrols,f), (f,subpartof,j), (a,worksfor,j)
126.0	87.0	0.69047619	(a,personbelongstoorganization,b) <= (i,athleteledsportsteam,f), (i,athleteplaysforteam,b), (a,personbelongstoorganization,f)
271.0	187.0	0.6900369	(a,personbornincity,b) <= (h,mutualproxyfor,b), (a,personborninlocation,b), (b,subpartof,h)
274.0	189.0	0.689781022	(a,personbornincity,b) <= (i,hotelincity,b), (i,hotelincity,f), (a,personborninlocation,f)
274.0	189.0	0.689781022	(a,personbornincity,b) <= (a,personborninlocation,f), (i,teamplaysincity,b), (i,teamplaysincity,f)
274.0	189.0	0.689781022	(a,personbornincity,b) <= (i,buildinglocatedincity,b), (i,buildinglocatedincity,f), (a,personborninlocation,f)
145.0	100.0	0.689655172	(a,subpartof,b) <= (j,organizationhiredperson,f), (b,organizationterminatedperson,f), (a,subpartof,j)
58.0	40.0	0.689655172	(a,atlocation,b) <= (a,atlocation,h), (b,mutualproxyfor,a), (a,proxyfor,h)
145.0	100.0	0.689655172	(a,personmovedtostateorprovince,b) <= (i,citylocatedingeopoliticallocation,f), (a,personmovedtostateorprovince,f), (i,proxyfor,b)
29.0	20.0	0.689655172	(a,animalpreyson,b) <= (i,agentcompeteswithagent,a), (e,animalpreyson,b), (i,arthropodcalledarthropod,e)
219.0	151.0	0.689497717	(a,organizationterminatedperson,b) <= (a,organizationterminatedperson,j), (f,organizationterminatedperson,j), (b,topmemberoforganization,f)
264.0	182.0	0.689393939	(a,subpartof,b) <= (f,agentbelongstoorganization,j), (b,agentcontrols,f), (a,subpartof,j)
74.0	51.0	0.689189189	(a,mutualproxyfor,b) <= (a,mutualproxyfor,j), (f,organizationterminatedperson,j), (b,personleadsorganization,f)
312.0	215.0	0.689102564	(a,persongraduatedfromuniversity,b) <= (j,persongraduatedfromuniversity,b), (a,persongraduatedfromuniversity,f), (f,synonymfor,j)
32.0	22.0	0.6875	(a,mutualproxyfor,b) <= (f,agentcollaborateswithagent,j), (a,mutualproxyfor,j), (b,personleadsorganization,f)
16.0	11.0	0.6875	(a,proxyfor,b) <= (e,buildinglocatedincity,j), (j,mutualproxyfor,a), (e,subpartof,b)
16.0	11.0	0.6875	(a,organizationterminatedperson,b) <= (e,organizationhiredperson,b), (e,subpartof,j), (j,worksfor,a)
48.0	33.0	0.6875	(a,teamplaysagainstteam,b) <= (b,organizationhiredperson,f), (j,organizationterminatedperson,f), (a,teamplaysagainstteam,j)
32.0	22.0	0.6875	(a,animalpreyson,b) <= (j,agentcompeteswithagent,a), (e,animalpreyson,b), (e,arthropodcalledarthropod,j)
16.0	11.0	0.6875	(a,agentbelongstoorganization,b) <= (a,subpartof,f), (i,teamplaysinleague,b), (i,teamplaysinleague,f)
16.0	11.0	0.6875	(a,proxyfor,b) <= (i,agentcompeteswithagent,e), (e,headquarteredin,b), (i,mutualproxyfor,a)
16.0	11.0	0.6875	(a,organizationhiredperson,b) <= (h,personleadsorganization,a), (a,subpartof,h), (b,worksfor,a)
32.0	22.0	0.6875	(a,topmemberoforganization,b) <= (b,mutualproxyfor,a), (b,organizationterminatedperson,h), (h,topmemberoforganization,b)
16.0	11.0	0.6875	(a,organizationterminatedperson,b) <= (g,mutualproxyfor,b), (g,organizationhiredperson,b), (b,topmemberoforganization,a)
48.0	33.0	0.6875	(a,sportfansincountry,b) <= (b,countrylocatedingeopoliticallocation,h), (b,locationlocatedwithinlocation,h), (a,sportschoolincountry,b)
16.0	11.0	0.6875	(a,organizationhiredperson,b) <= (f,ceoof,j), (a,mutualproxyfor,f), (j,subpartof,b)
16.0	11.0	0.6875	(a,mutualproxyfor,b) <= (a,agentcollaborateswithagent,h), (a,mutualproxyfor,h), (b,personleadsorganization,a)
16.0	11.0	0.6875	(a,competeswith,b) <= (a,competeswith,f), (f,organizationterminatedperson,j), (j,personleadsorganization,b)
48.0	33.0	0.6875	(a,animalthatfeedoninsect,b) <= (j,animalthatfeedoninsect,b), (a,arthropodandotherarthropod,f), (f,specializationof,j)
16.0	11.0	0.6875	(a,proxyfor,b) <= (g,buildinglocatedincity,b), (b,mutualproxyfor,a), (g,subpartof,b)
16.0	11.0	0.6875	(a,personleadsorganization,b) <= (a,proxyfor,h), (a,worksfor,b), (a,worksfor,h)
16.0	11.0	0.6875	(a,organizationhiredperson,b) <= (b,ceoof,a), (a,organizationterminatedperson,h), (a,subpartof,h)
16.0	11.0	0.6875	(a,organizationhiredperson,b) <= (b,ceoof,h), (a,organizationterminatedperson,b), (h,subpartof,b)
16.0	11.0	0.6875	(a,organizationhiredperson,b) <= (b,ceoof,f), (a,organizationterminatedperson,j), (f,subpartof,j)
32.0	22.0	0.6875	(a,animalpreyson,b) <= (b,animalpreyson,a), (h,animalpreyson,a), (b,specializationof,h)
16.0	11.0	0.6875	(a,proxyfor,b) <= (g,headquarteredin,b), (b,mutualproxyfor,a), (g,newspaperincity,b)
16.0	11.0	0.6875	(a,proxyfor,b) <= (b,mutualproxyfor,a), (g,newspaperincity,b), (g,organizationheadquarteredincity,b)
16.0	11.0	0.6875	(a,personleadsorganization,b) <= (i,personhasresidenceingeopoliticallocation,b), (a,personleadsorganization,f), (i,personleadsorganization,f)
16.0	11.0	0.6875	(a,organizationhiredperson,b) <= (b,ceoof,h), (a,mutualproxyfor,b), (h,subpartof,b)
16.0	11.0	0.6875	(a,agentcollaborateswithagent,b) <= (a,agentcollaborateswithagent,h), (a,mutualproxyfor,h), (b,personleadsorganization,a)
16.0	11.0	0.6875	(a,organizationhiredperson,b) <= (b,ceoof,a), (a,mutualproxyfor,h), (a,subpartof,h)
32.0	22.0	0.6875	(a,organizationterminatedperson,b) <= (a,mutualproxyfor,b), (a,organizationterminatedperson,h), (h,topmemberoforganization,a)
16.0	11.0	0.6875	(a,subpartof,b) <= (g,agentcontrols,b), (a,proxyfor,b), (g,subpartof,b)
16.0	11.0	0.6875	(a,agentcompeteswithagent,b) <= (b,agentcompeteswithagent,a), (b,animalpreyson,h), (b,specializationof,h)
16.0	11.0	0.6875	(a,organizationhiredperson,b) <= (j,personleadsorganization,a), (f,subpartof,j), (b,worksfor,f)
16.0	11.0	0.6875	(a,organizationterminatedperson,b) <= (g,organizationhiredperson,b), (g,subpartof,b), (b,worksfor,a)
16.0	11.0	0.6875	(a,agentparticipatedinevent,b) <= (e,agentparticipatedinevent,b), (e,animaldevelopdisease,j), (j,ismultipleof,a)
16.0	11.0	0.6875	(a,organizationhiredperson,b) <= (h,ceoof,a), (a,organizationterminatedperson,b), (a,subpartof,h)
48.0	33.0	0.6875	(a,teamplaysagainstteam,b) <= (f,organizationterminatedperson,j), (a,teamplaysagainstteam,f), (j,worksfor,b)
16.0	11.0	0.6875	(a,proxyfor,b) <= (b,locationlocatedwithinlocation,f), (j,mutualproxyfor,a), (f,organizationheadquarteredincity,j)
32.0	22.0	0.6875	(a,athleteledsportsteam,b) <= (a,athleteledsportsteam,f), (i,athleteplaysforteam,f), (i,worksfor,b)
83.0	57.0	0.686746988	(a,agentcontrols,b) <= (b,agentbelongstoorganization,a), (b,agentcollaborateswithagent,h), (b,subpartof,h)
274.0	188.0	0.686131387	(a,personbornincity,b) <= (a,personborninlocation,f), (i,personleadsgeopoliticalorganization,b), (i,personleadsgeopoliticalorganization,f)
309.0	212.0	0.686084142	(a,athleteflyouttosportsteamposition,b) <= (i,athleteflyouttosportsteamposition,b), (i,athleteledsportsteam,f), (a,athleteplaysforteam,f)
35.0	24.0	0.685714286	(a,atlocation,b) <= (i,atlocation,b), (a,atlocation,f), (i,personleadsorganization,f)
273.0	187.0	0.684981685	(a,personbornincity,b) <= (g,locationlocatedwithinlocation,b), (a,personborninlocation,b), (g,subpartof,b)
273.0	187.0	0.684981685	(a,personbornincity,b) <= (b,locationlocatedwithinlocation,h), (a,personborninlocation,b), (b,subpartof,h)
184.0	126.0	0.684782609	(a,agentinvolvedwithitem,b) <= (e,agentinvolvedwithitem,b), (i,personleadsorganization,e), (i,worksfor,a)
130.0	89.0	0.684615385	(a,agentbelongstoorganization,b) <= (j,agentbelongstoorganization,b), (a,agentbelongstoorganization,f), (f,agentcollaborateswithagent,j)
19.0	13.0	0.684210526	(a,proxyfor,b) <= (i,personbelongstoorganization,a), (i,personleadsgeopoliticalorganization,e), (e,proxyfor,b)
19.0	13.0	0.684210526	(a,locationlocatedwithinlocation,b) <= (i,citycapitalofcountry,f), (i,locationlocatedwithinlocation,b), (a,locationlocatedwithinlocation,f)
19.0	13.0	0.684210526	(a,personbelongstoorganization,b) <= (i,coachesteam,f), (a,personbelongstoorganization,f), (i,worksfor,b)
19.0	13.0	0.684210526	(a,organizationhiredperson,b) <= (g,atlocation,a), (g,mutualproxyfor,a), (a,organizationterminatedperson,b)
19.0	13.0	0.684210526	(a,subpartof,b) <= (i,airportincity,e), (i,buildinglocatedincity,a), (e,subpartof,b)
57.0	39.0	0.684210526	(a,subpartof,b) <= (b,organizationterminatedperson,f), (a,subpartof,j), (f,worksfor,j)
19.0	13.0	0.684210526	(a,agentcollaborateswithagent,b) <= (a,agentcollaborateswithagent,j), (j,ceoof,f), (b,topmemberoforganization,f)
19.0	13.0	0.684210526	(a,athleteplaysinleague,b) <= (f,agentcollaborateswithagent,j), (a,athleteledsportsteam,f), (j,athleteplaysinleague,b)
19.0	13.0	0.684210526	(a,arthropodcalledarthropod,b) <= (g,animalthatfeedoninsect,a), (b,arthropodcalledarthropod,a), (g,specializationof,a)
19.0	13.0	0.684210526	(a,countrylocatedingeopoliticallocation,b) <= (j,countrylocatedingeopoliticallocation,b), (a,organizationhiredperson,f), (f,worksfor,j)
19.0	13.0	0.684210526	(a,teamplaysagainstteam,b) <= (g,sportsgameteam,a), (g,sportsgameteam,b), (b,teamalsoknownas,a)
19.0	13.0	0.684210526	(a,hasspouse,b) <= (a,hashusband,f), (j,hasspouse,b), (f,hasspouse,j)
95.0	65.0	0.684210526	(a,worksfor,b) <= (i,athleteledsportsteam,f), (i,athleteplaysforteam,b), (a,worksfor,f)
19.0	13.0	0.684210526	(a,acquired,b) <= (i,acquired,b), (i,mutualproxyfor,f), (a,organizationterminatedperson,f)
98.0	67.0	0.683673469	(a,teamplaysagainstteam,b) <= (i,athleteplaysforteam,a), (b,teamplaysagainstteam,f), (i,worksfor,f)
60.0	41.0	0.683333333	(a,mutualproxyfor,b) <= (e,mutualproxyfor,b), (i,personbelongstoorganization,a), (i,personleadsorganization,e)
63.0	43.0	0.682539683	(a,atlocation,b) <= (a,mutualproxyfor,b), (g,personborninlocation,b), (g,personmovedtostateorprovince,b)
63.0	43.0	0.682539683	(a,teamplaysagainstteam,b) <= (g,sportsgameteam,b), (g,sportsgamewinner,a), (b,teamplaysagainstteam,a)
22.0	15.0	0.681818182	(a,ceoof,b) <= (e,ceoof,b), (j,mutualproxyfor,a), (e,personleadsorganization,j)
22.0	15.0	0.681818182	(a,ceoof,b) <= (a,ceoof,h), (h,mutualproxyfor,a), (b,subpartof,a)
22.0	15.0	0.681818182	(a,organizationhiredperson,b) <= (b,coachesteam,a), (b,coachesteam,h), (b,worksfor,h)
22.0	15.0	0.681818182	(a,subpartof,b) <= (a,mutualproxyfor,f), (j,subpartof,b), (f,worksfor,j)
22.0	15.0	0.681818182	(a,teamplaysagainstteam,b) <= (f,agentbelongstoorganization,j), (b,agentcollaborateswithagent,f), (j,teamplaysagainstteam,a)
22.0	15.0	0.681818182	(a,teamplaysagainstteam,b) <= (e,agentbelongstoorganization,b), (i,agentcollaborateswithagent,e), (i,teamplaysagainstteam,a)
22.0	15.0	0.681818182	(a,arthropodcalledarthropod,b) <= (a,animalsuchasinvertebrate,h), (a,arthropodandotherarthropod,h), (b,arthropodcalledarthropod,a)
22.0	15.0	0.681818182	(a,ceoof,b) <= (j,ceoof,b), (f,mutualproxyfor,j), (a,personleadsorganization,f)
22.0	15.0	0.681818182	(a,teamplaysagainstteam,b) <= (h,agentbelongstoorganization,b), (b,agentcollaborateswithagent,h), (b,teamplaysagainstteam,a)
22.0	15.0	0.681818182	(a,organizationhiredperson,b) <= (b,coachesteam,a), (g,coachesteam,a), (g,worksfor,a)
22.0	15.0	0.681818182	(a,headquarteredin,b) <= (e,headquarteredin,b), (i,personleadsorganization,a), (i,worksfor,e)
286.0	195.0	0.681818182	(a,personbornincity,b) <= (i,personbornincity,b), (i,personbornincity,f), (a,personborninlocation,f)
22.0	15.0	0.681818182	(a,citylocatedinstate,b) <= (a,citylocatedinstate,h), (b,mutualproxyfor,a), (a,proxyfor,h)
462.0	315.0	0.681818182	(a,agentcontrols,b) <= (f,agentbelongstoorganization,j), (j,agentcontrols,b), (a,agentcontrols,f)
22.0	15.0	0.681818182	(a,organizationhiredperson,b) <= (a,mutualproxyfor,b), (a,organizationterminatedperson,h), (a,subpartof,h)
22.0	15.0	0.681818182	(a,organizationhiredperson,b) <= (a,mutualproxyfor,h), (a,organizationterminatedperson,h), (a,subpartof,b)
22.0	15.0	0.681818182	(a,arthropodcalledarthropod,b) <= (g,animalsuchasinsect,a), (b,arthropodcalledarthropod,a), (g,specializationof,a)
22.0	15.0	0.681818182	(a,arthropodcalledarthropod,b) <= (b,animalsuchasinvertebrate,a), (h,arthropodcalledarthropod,b), (a,arthropodcalledarthropod,h)
22.0	15.0	0.681818182	(a,ceoof,b) <= (f,ceoof,j), (j,mutualproxyfor,a), (b,subpartof,f)
22.0	15.0	0.681818182	(a,organizationhiredperson,b) <= (b,coachesteam,a), (b,worksfor,a)
22.0	15.0	0.681818182	(a,synonymfor,b) <= (a,mutualproxyfor,h), (b,synonymfor,a), (h,synonymfor,a)
69.0	47.0	0.68115942	(a,transportationincity,b) <= (i,airportincity,b), (i,buildinglocatedincity,f), (a,transportationincity,f)
69.0	47.0	0.68115942	(a,topmemberoforganization,b) <= (i,organizationhiredperson,a), (i,organizationterminatedperson,e), (e,topmemberoforganization,b)
47.0	32.0	0.680851064	(a,mutualproxyfor,b) <= (a,mutualproxyfor,f), (i,personbelongstoorganization,b), (i,personleadsorganization,f)
47.0	32.0	0.680851064	(a,worksfor,b) <= (i,locationlocatedwithinlocation,b), (i,subpartof,f), (a,worksfor,f)
119.0	81.0	0.680672269	(a,teamplaysagainstteam,b) <= (f,agentcollaborateswithagent,j), (j,athleteplaysforteam,b), (a,teamplaysagainstteam,f)
72.0	49.0	0.680555556	(a,acquired,b) <= (j,acquired,b), (a,organizationterminatedperson,f), (f,topmemberoforganization,j)
341.0	232.0	0.680351906	(a,hasofficeincity,b) <= (a,hasofficeincity,f), (i,headquarteredin,f), (i,organizationheadquarteredincity,b)
25.0	17.0	0.68	(a,agentcompeteswithagent,b) <= (e,agentcollaborateswithagent,j), (e,agentcompeteswithagent,b), (j,personleadsorganization,a)
25.0	17.0	0.68	(a,organizationterminatedperson,b) <= (b,ceoof,h), (h,organizationterminatedperson,b), (b,worksfor,a)
25.0	17.0	0.68	(a,citylocatedincountry,b) <= (a,citylocatedincountry,f), (i,proxyfor,f), (i,subpartof,b)
25.0	17.0	0.68	(a,agentcompeteswithagent,b) <= (h,agentcompeteswithagent,b), (a,agentcompeteswithagent,h), (b,subpartoforganization,a)
25.0	17.0	0.68	(a,arthropodcalledarthropod,b) <= (a,animalpreyson,h), (a,animalsuchasinvertebrate,h), (b,arthropodcalledarthropod,a)
25.0	17.0	0.68	(a,organizationhiredperson,b) <= (a,mutualproxyfor,b), (h,organizationhiredperson,b), (b,worksfor,h)
25.0	17.0	0.68	(a,teamplaysagainstteam,b) <= (a,agentcompeteswithagent,h), (a,teamalsoknownas,h), (b,teamplaysagainstteam,a)
53.0	36.0	0.679245283	(a,organizationterminatedperson,b) <= (i,organizationhiredperson,b), (i,organizationterminatedperson,f), (a,subpartof,f)
106.0	72.0	0.679245283	(a,locationlocatedwithinlocation,b) <= (a,locationlocatedwithinlocation,h), (b,mutualproxyfor,a), (a,proxyfor,h)
53.0	36.0	0.679245283	(a,organizationhiredperson,b) <= (i,organizationhiredperson,b), (i,organizationterminatedperson,f), (a,subpartof,f)
81.0	55.0	0.679012346	(a,countryalsoknownas,b) <= (i,citycapitalofcountry,f), (i,citylocatedincountry,a), (b,countryalsoknownas,f)
28.0	19.0	0.678571429	(a,teamplaysagainstteam,b) <= (g,athleteplaysforteam,a), (g,coachesteam,a), (b,teamplaysagainstteam,a)
28.0	19.0	0.678571429	(a,mutualproxyfor,b) <= (e,mutualproxyfor,j), (e,organizationhiredperson,b), (j,worksfor,a)
28.0	19.0	0.678571429	(a,organizationhiredperson,b) <= (b,coachesteam,h), (b,worksfor,a), (b,worksfor,h)
28.0	19.0	0.678571429	(a,organizationterminatedperson,b) <= (b,ceoof,h), (h,organizationterminatedperson,b), (b,personleadsorganization,a)
84.0	57.0	0.678571429	(a,subpartof,b) <= (a,agentbelongstoorganization,h), (a,agentcollaborateswithagent,h), (b,agentcontrols,a)
28.0	19.0	0.678571429	(a,personhasresidenceingeopoliticallocation,b) <= (b,organizationhiredperson,f), (j,organizationterminatedperson,f), (a,personhasresidenceingeopoliticallocation,j)
31.0	21.0	0.677419355	(a,competeswith,b) <= (f,ceoof,j), (a,competeswith,j), (b,organizationterminatedperson,f)
31.0	21.0	0.677419355	(a,journalistwritesforpublication,b) <= (f,agentcollaborateswithagent,j), (a,journalistwritesforpublication,f), (j,personbelongstoorganization,b)
31.0	21.0	0.677419355	(a,ceoof,b) <= (f,ceoof,j), (j,organizationhiredperson,a), (b,subpartof,f)
31.0	21.0	0.677419355	(a,organizationhiredperson,b) <= (f,ceoof,j), (j,organizationhiredperson,b), (a,subpartof,f)
62.0	42.0	0.677419355	(a,sportsgameteam,b) <= (i,coachesteam,f), (a,sportsgameteam,f), (i,worksfor,b)
34.0	23.0	0.676470588	(a,teamwontrophy,b) <= (e,athleteledsportsteam,a), (e,coachwontrophy,b)
34.0	23.0	0.676470588	(a,organizationhiredperson,b) <= (g,mutualproxyfor,b), (a,organizationterminatedperson,b), (g,subpartof,b)
34.0	23.0	0.676470588	(a,mutualproxyfor,b) <= (a,mutualproxyfor,h), (a,organizationterminatedperson,h), (b,personleadsorganization,a)
34.0	23.0	0.676470588	(a,teamplaysagainstteam,b) <= (a,agentcompeteswithagent,f), (i,synonymfor,f), (i,teamplaysagainstteam,b)
34.0	23.0	0.676470588	(a,mutualproxyfor,b) <= (g,mutualproxyfor,b), (a,organizationterminatedperson,b), (g,subpartof,b)
34.0	23.0	0.676470588	(a,organizationhiredperson,b) <= (i,mutualproxyfor,b), (a,organizationterminatedperson,f), (i,subpartof,f)
34.0	23.0	0.676470588	(a,subpartoforganization,b) <= (a,subpartoforganization,f), (f,teamalsoknownas,b)
34.0	23.0	0.676470588	(a,worksfor,b) <= (b,mutualproxyfor,f), (j,organizationhiredperson,f), (a,worksfor,j)
34.0	23.0	0.676470588	(a,mutualproxyfor,b) <= (e,mutualproxyfor,j), (e,organizationterminatedperson,b), (j,personleadsorganization,a)
34.0	23.0	0.676470588	(a,mutualproxyfor,b) <= (i,mutualproxyfor,b), (a,organizationterminatedperson,f), (i,subpartof,f)
238.0	161.0	0.676470588	(a,mutualproxyfor,b) <= (i,mutualproxyfor,b), (i,organizationhiredperson,f), (a,organizationterminatedperson,f)
278.0	188.0	0.676258993	(a,personbornincity,b) <= (g,atlocation,b), (a,personborninlocation,b), (g,subpartof,b)
37.0	25.0	0.675675676	(a,animalsuchasinsect,b) <= (i,agentcompeteswithagent,f), (a,animalsuchasinsect,f), (i,arthropodcalledarthropod,b)
74.0	50.0	0.675675676	(a,sportsgameteam,b) <= (i,athleteledsportsteam,f), (i,personbelongstoorganization,b), (a,sportsgameteam,f)
77.0	52.0	0.675324675	(a,teamplaysinleague,b) <= (e,athleteledsportsteam,a), (e,athleteplaysinleague,b)
160.0	108.0	0.675	(a,atdate,b) <= (i,agentbelongstoorganization,f), (a,agentcollaborateswithagent,f), (i,atdate,b)
40.0	27.0	0.675	(a,athleteplaysforteam,b) <= (a,athleteplaysforteam,f), (i,personbelongstoorganization,b), (i,subpartof,f)
40.0	27.0	0.675	(a,agentcreated,b) <= (i,agentcreated,b), (i,mutualproxyfor,f), (a,organizationterminatedperson,f)
83.0	56.0	0.674698795	(a,organizationterminatedperson,b) <= (b,ceoof,f), (a,organizationterminatedperson,j), (j,topmemberoforganization,f)
43.0	29.0	0.674418605	(a,statelocatedingeopoliticallocation,b) <= (i,citylocatedincountry,b), (i,proxyfor,f), (a,statelocatedingeopoliticallocation,f)
43.0	29.0	0.674418605	(a,athleteplaysforteam,b) <= (a,athleteledsportsteam,b), (b,teamalsoknownas,h), (h,teamplaysagainstteam,b)
46.0	31.0	0.673913043	(a,organizationterminatedperson,b) <= (a,organizationhiredperson,b), (a,organizationterminatedperson,h), (h,worksfor,a)
46.0	31.0	0.673913043	(a,subpartof,b) <= (i,agentcontrols,f), (i,subpartof,b), (a,subpartof,f)
46.0	31.0	0.673913043	(a,worksfor,b) <= (b,organizationhiredperson,a), (b,organizationterminatedperson,h), (h,worksfor,b)
190.0	128.0	0.673684211	(a,agentinvolvedwithitem,b) <= (a,agentcollaborateswithagent,f), (j,agentinvolvedwithitem,b), (f,worksfor,j)
49.0	33.0	0.673469388	(a,animalthatfeedoninsect,b) <= (e,animalthatfeedoninsect,b), (i,animalthatfeedoninsect,e), (i,specializationof,a)
156.0	105.0	0.673076923	(a,persongraduatedschool,b) <= (f,mutualproxyfor,j), (a,persongraduatedfromuniversity,f), (j,synonymfor,b)
156.0	105.0	0.673076923	(a,persongraduatedschool,b) <= (g,organizationalsoknownas,b), (a,persongraduatedfromuniversity,b), (g,synonymfor,b)
52.0	35.0	0.673076923	(a,coachesteam,b) <= (i,athleteledsportsteam,b), (i,athleteplaysforteam,f), (a,coachesteam,f)
156.0	105.0	0.673076923	(a,persongraduatedschool,b) <= (a,persongraduatedfromuniversity,b), (h,persongraduatedschool,b), (b,synonymfor,h)
156.0	105.0	0.673076923	(a,persongraduatedschool,b) <= (b,organizationalsoknownas,h), (a,persongraduatedfromuniversity,b), (b,synonymfor,h)
156.0	105.0	0.673076923	(a,persongraduatedschool,b) <= (h,organizationalsoknownas,b), (a,persongraduatedfromuniversity,b), (b,synonymfor,h)
156.0	105.0	0.673076923	(a,persongraduatedschool,b) <= (b,mutualproxyfor,h), (a,persongraduatedfromuniversity,b), (h,synonymfor,b)
156.0	105.0	0.673076923	(a,persongraduatedschool,b) <= (a,persongraduatedfromuniversity,b), (h,persongraduatedfromuniversity,b), (b,synonymfor,h)
156.0	105.0	0.673076923	(a,persongraduatedschool,b) <= (a,persongraduatedfromuniversity,f), (j,synonymfor,b), (f,synonymfor,j)
156.0	105.0	0.673076923	(a,persongraduatedschool,b) <= (a,persongraduatedfromuniversity,b), (h,synonymfor,b), (b,synonymfor,h)
156.0	105.0	0.673076923	(a,persongraduatedschool,b) <= (b,organizationalsoknownas,f), (a,persongraduatedfromuniversity,j), (j,synonymfor,f)
52.0	35.0	0.673076923	(a,automobilemakercardealersinstateorprovince,b) <= (i,automakerproducesmodel,f), (i,automobilemakercardealersinstateorprovince,b), (a,producesproduct,f)
156.0	105.0	0.673076923	(a,persongraduatedschool,b) <= (b,organizationalsoknownas,h), (a,persongraduatedfromuniversity,b), (h,synonymfor,b)
58.0	39.0	0.672413793	(a,proxyfor,b) <= (a,atlocation,h), (b,mutualproxyfor,a), (a,proxyfor,h)
67.0	45.0	0.671641791	(a,athleteledsportsteam,b) <= (a,athleteledsportsteam,f), (i,athleteledsportsteam,f), (i,personbelongstoorganization,b)
79.0	53.0	0.670886076	(a,topmemberoforganization,b) <= (f,ceoof,j), (b,organizationterminatedperson,f), (a,topmemberoforganization,j)
85.0	57.0	0.670588235	(a,agentcontrols,b) <= (b,agentbelongstoorganization,h), (b,agentcollaborateswithagent,a), (b,subpartof,h)
94.0	63.0	0.670212766	(a,personleadsorganization,b) <= (i,personbelongstoorganization,f), (i,personleadsorganization,b), (a,personleadsorganization,f)
97.0	65.0	0.670103093	(a,agentinvolvedwithitem,b) <= (j,agentinvolvedwithitem,b), (f,ceoof,j), (a,organizationterminatedperson,f)
136.0	91.0	0.669117647	(a,subpartoforganization,b) <= (i,agentcontrols,a), (i,subpartof,e), (e,teamalsoknownas,b)
281.0	188.0	0.669039146	(a,personbornincity,b) <= (b,citylocatedingeopoliticallocation,h), (b,locationlocatedwithinlocation,h), (a,personborninlocation,b)
160.0	107.0	0.66875	(a,persongraduatedschool,b) <= (a,persongraduatedfromuniversity,j), (f,persongraduatedschool,j), (b,synonymfor,f)
163.0	109.0	0.668711656	(a,ceoof,b) <= (a,ceoof,j), (f,ceoof,j), (b,organizationterminatedperson,f)
280.0	187.0	0.667857143	(a,personbornincity,b) <= (b,agentactsinlocation,h), (b,atlocation,h), (a,personborninlocation,b)
841.0	561.0	0.66706302	(a,athleteplaysforteam,b) <= (i,athleteledsportsteam,b), (a,athleteplaysforteam,f), (i,athleteplaysforteam,f)
3.0	2.0	0.666666667	(a,animalsuchasinsect,b) <= (h,animalsuchasinvertebrate,a), (a,animalthatfeedoninsect,b), (b,arthropodcalledarthropod,h)
3.0	2.0	0.666666667	(a,organizationhiredperson,b) <= (b,ceoof,h), (b,proxyfor,h), (b,worksfor,a)
6.0	4.0	0.666666667	(a,organizationheadquarteredincity,b) <= (j,ceoof,a), (e,organizationheadquarteredincity,b), (e,organizationhiredperson,j)
9.0	6.0	0.666666667	(a,organizationhiredperson,b) <= (h,agentcompeteswithagent,a), (b,worksfor,a), (b,worksfor,h)
3.0	2.0	0.666666667	(a,worksfor,b) <= (g,agentcompeteswithagent,b), (a,coachesteam,b), (g,organizationhiredperson,a)
3.0	2.0	0.666666667	(a,personleadsorganization,b) <= (b,mutualproxyfor,a), (h,organizationterminatedperson,a), (a,proxyfor,h)
3.0	2.0	0.666666667	(a,subpartof,b) <= (a,citylocatedingeopoliticallocation,b), (b,organizationterminatedperson,h), (h,worksfor,b)
3.0	2.0	0.666666667	(a,subpartof,b) <= (b,atlocation,h), (a,citylocatedingeopoliticallocation,b), (b,proxyfor,h)
3.0	2.0	0.666666667	(a,countryalsoknownas,b) <= (j,countryalsoknownas,a), (e,statelocatedincountry,b), (e,subpartof,j)
3.0	2.0	0.666666667	(a,agentcontrols,b) <= (e,agentcontrols,b), (i,companyalsoknownas,a), (i,organizationalsoknownas,e)
3.0	2.0	0.666666667	(a,arthropodcalledarthropod,b) <= (h,agriculturalproducttoattractinsect,a), (b,animaleatfood,h), (b,animalsuchasinvertebrate,a)
3.0	2.0	0.666666667	(a,leaguestadiums,b) <= (i,agentbelongstoorganization,a), (i,agentcompeteswithagent,e), (e,teamhomestadium,b)
3.0	2.0	0.666666667	(a,animalsuchasinsect,b) <= (g,animalsuchasinsect,a), (a,arthropodandotherarthropod,b), (g,arthropodcalledarthropod,a)
6.0	4.0	0.666666667	(a,organizationheadquarteredincity,b) <= (e,agentcontrols,j), (j,competeswith,a), (e,organizationheadquarteredincity,b)
3.0	2.0	0.666666667	(a,arthropodcalledarthropod,b) <= (a,animalpreyson,b), (b,arthropodandotherarthropod,a), (b,arthropodcalledarthropod,a)
3.0	2.0	0.666666667	(a,proxyfor,b) <= (g,agentactsinlocation,b), (b,mutualproxyfor,a), (g,organizationdissolvedatdate,a)
3.0	2.0	0.666666667	(a,statelocatedingeopoliticallocation,b) <= (i,citylocatedinstate,f), (a,statelocatedingeopoliticallocation,i), (b,stateorprovinceisborderedbystateorprovince,f)
12.0	8.0	0.666666667	(a,cityliesonriver,b) <= (j,cityliesonriver,b), (a,mutualproxyfor,f), (f,worksfor,j)
3.0	2.0	0.666666667	(a,locationlocatedwithinlocation,b) <= (g,organizationheadquarteredincity,a), (g,radiostationincity,a), (a,subpartof,b)
3.0	2.0	0.666666667	(a,organizationhiredperson,b) <= (b,athleteplaysforteam,a), (b,worksfor,a)
3.0	2.0	0.666666667	(a,agentcontrols,b) <= (e,agentcontrols,b), (i,mutualproxyfor,a), (i,organizationhiredperson,e)
3.0	2.0	0.666666667	(a,organizationheadquarteredincity,b) <= (g,automobilemakerdealersincity,b), (g,organizationheadquarteredincity,b), (a,radiostationincity,b)
18.0	12.0	0.666666667	(a,cityliesonriver,b) <= (j,cityliesonriver,b), (a,mutualproxyfor,f), (f,personhasresidenceingeopoliticallocation,j)
6.0	4.0	0.666666667	(a,agentcontrols,b) <= (h,organizationterminatedperson,a), (a,proxyfor,b), (a,worksfor,h)
3.0	2.0	0.666666667	(a,agentcontrols,b) <= (e,agentcontrols,b), (i,companyalsoknownas,e), (i,organizationalsoknownas,a)
3.0	2.0	0.666666667	(a,locationlocatedwithinlocation,b) <= (g,agentactsinlocation,a), (g,agentactsinlocation,b), (a,subpartof,b)
3.0	2.0	0.666666667	(a,mutualproxyfor,b) <= (i,ceoof,e), (i,mutualproxyfor,a), (e,organizationterminatedperson,b)
6.0	4.0	0.666666667	(a,proxyfor,b) <= (b,mutualproxyfor,a), (g,proxyfor,b), (g,synonymfor,a)
3.0	2.0	0.666666667	(a,personleadsorganization,b) <= (a,ceoof,h), (b,mutualproxyfor,a), (a,proxyfor,h)
3.0	2.0	0.666666667	(a,arthropodandotherarthropod,b) <= (a,agentcompeteswithagent,b), (a,animalsuchasinvertebrate,h), (a,arthropodcalledarthropod,h)
6.0	4.0	0.666666667	(a,organizationheadquarteredincity,b) <= (j,citycapitalofcountry,f), (a,organizationheadquarteredincity,j), (b,proxyfor,f)
3.0	2.0	0.666666667	(a,proxyfor,b) <= (g,locationlocatedwithinlocation,a), (b,mutualproxyfor,a), (g,mutualproxyfor,b)
51.0	34.0	0.666666667	(a,teamplaysagainstteam,b) <= (i,athleteledsportsteam,e), (i,subpartof,a), (e,teamplaysagainstteam,b)
12.0	8.0	0.666666667	(a,mutualproxyfor,b) <= (a,agentcollaborateswithagent,b), (h,mutualproxyfor,b), (b,worksfor,h)
6.0	4.0	0.666666667	(a,personleadsorganization,b) <= (b,mutualproxyfor,a), (g,proxyfor,b), (g,worksfor,b)
3.0	2.0	0.666666667	(a,organizationhiredperson,b) <= (g,sportfansincountry,a), (g,sportschoolincountry,a), (b,worksfor,a)
3.0	2.0	0.666666667	(a,worksfor,b) <= (h,agentcompeteswithagent,b), (a,coachesteam,b), (a,coachesteam,h)
3.0	2.0	0.666666667	(a,televisionstationincity,b) <= (a,organizationheadquarteredincity,b), (b,proxyfor,h), (h,subpartof,b)
3.0	2.0	0.666666667	(a,arthropodcalledarthropod,b) <= (b,animalsuchasinvertebrate,a), (h,animalthatfeedoninsect,a), (a,arthropodandotherarthropod,h)
3.0	2.0	0.666666667	(a,organizationalsoknownas,b) <= (b,organizationalsoknownas,f), (a,organizationterminatedperson,j), (j,topmemberoforganization,f)
3.0	2.0	0.666666667	(a,worksfor,b) <= (b,mutualproxyfor,a), (g,personhasresidenceingeopoliticallocation,b), (g,worksfor,b)
6.0	4.0	0.666666667	(a,worksfor,b) <= (i,athleteplaysforteam,f), (i,subpartof,b), (a,worksfor,f)
3.0	2.0	0.666666667	(a,televisionstationincity,b) <= (a,organizationheadquarteredincity,j), (b,proxyfor,f), (f,subpartof,j)
3.0	2.0	0.666666667	(a,arthropodcalledarthropod,b) <= (b,animalsuchasinvertebrate,a), (h,arthropodandotherarthropod,b), (a,arthropodcalledarthropod,h)
9.0	6.0	0.666666667	(a,personleadsorganization,b) <= (b,agentcollaborateswithagent,h), (b,mutualproxyfor,a), (h,worksfor,b)
9.0	6.0	0.666666667	(a,worksfor,b) <= (b,agentcollaborateswithagent,h), (b,mutualproxyfor,a), (h,worksfor,b)
18.0	12.0	0.666666667	(a,organizationterminatedperson,b) <= (a,subpartof,b), (b,worksfor,a)
6.0	4.0	0.666666667	(a,worksfor,b) <= (i,athleteledsportsteam,f), (i,subpartof,b), (a,worksfor,f)
3.0	2.0	0.666666667	(a,subpartof,b) <= (g,hasofficeincity,a), (g,hasofficeincity,b), (b,mutualproxyfor,a)
6.0	4.0	0.666666667	(a,arthropodcalledarthropod,b) <= (a,animalsuchasinvertebrate,h), (h,animalthatfeedoninsect,b), (b,arthropodcalledarthropod,a)
3.0	2.0	0.666666667	(a,subpartof,b) <= (g,locationlocatedwithinlocation,a), (b,mutualproxyfor,a), (g,mutualproxyfor,b)
6.0	4.0	0.666666667	(a,arthropodcalledarthropod,b) <= (g,animalthatfeedoninsect,b), (b,arthropodcalledarthropod,a), (g,arthropodcalledarthropod,b)
3.0	2.0	0.666666667	(a,mutualproxyfor,b) <= (e,agentcollaborateswithagent,b), (e,organizationhiredperson,j), (j,topmemberoforganization,a)
27.0	18.0	0.666666667	(a,arthropodcalledarthropod,b) <= (h,agentcompeteswithagent,a), (a,animalsuchasinvertebrate,h), (b,arthropodcalledarthropod,a)
3.0	2.0	0.666666667	(a,organizationhiredperson,b) <= (g,bankbankincountry,a), (g,hasofficeincountry,a), (b,worksfor,a)
3.0	2.0	0.666666667	(a,organizationhiredperson,b) <= (b,athleteplaysforteam,h), (b,worksfor,a), (b,worksfor,h)
3.0	2.0	0.666666667	(a,worksfor,b) <= (b,agentcompeteswithagent,h), (a,coachesteam,b), (a,coachesteam,h)
3.0	2.0	0.666666667	(a,proxyfor,b) <= (g,atlocation,a), (b,mutualproxyfor,a), (g,subpartof,b)
3.0	2.0	0.666666667	(a,proxyfor,b) <= (g,atlocation,a), (b,mutualproxyfor,a), (g,mutualproxyfor,b)
3.0	2.0	0.666666667	(a,mutualproxyfor,b) <= (a,agentcollaborateswithagent,b), (a,organizationhiredperson,h), (h,topmemberoforganization,a)
3.0	2.0	0.666666667	(a,mutualproxyfor,b) <= (a,agentcollaborateswithagent,b), (h,ceoof,a), (a,mutualproxyfor,h)
6.0	4.0	0.666666667	(a,leaguestadiums,b) <= (i,athleteplaysinleague,a), (i,personbelongstoorganization,e), (e,teamhomestadium,b)
3.0	2.0	0.666666667	(a,worksfor,b) <= (b,agentcompeteswithagent,h), (a,coachesteam,b), (h,organizationhiredperson,a)
3.0	2.0	0.666666667	(a,arthropodcalledarthropod,b) <= (b,agentcompeteswithagent,h), (b,animalsuchasinvertebrate,a), (b,arthropodcalledarthropod,h)
3.0	2.0	0.666666667	(a,organizationhiredperson,b) <= (g,athleteplaysforteam,a), (g,coachesteam,a), (b,worksfor,a)
3.0	2.0	0.666666667	(a,personleadsorganization,b) <= (b,mutualproxyfor,a), (b,organizationterminatedperson,h), (h,proxyfor,b)
3.0	2.0	0.666666667	(a,arthropodcalledarthropod,b) <= (a,animaleatfood,h), (b,animaleatfood,h), (b,animalsuchasinvertebrate,a)
3.0	2.0	0.666666667	(a,proxyfor,b) <= (g,hasofficeincity,a), (g,hasofficeincity,b), (b,mutualproxyfor,a)
3.0	2.0	0.666666667	(a,statelocatedingeopoliticallocation,b) <= (i,proxyfor,f), (b,stateorprovinceisborderedbystateorprovince,f), (a,stateorprovinceisborderedbystateorprovince,i)
12.0	8.0	0.666666667	(a,leaguestadiums,b) <= (j,coachesinleague,a), (e,organizationhiredperson,j), (e,teamhomestadium,b)
9.0	6.0	0.666666667	(a,locationlocatedwithinlocation,b) <= (f,citylocatedingeopoliticallocation,j), (j,locationlocatedwithinlocation,b), (a,mutualproxyfor,f)
3.0	2.0	0.666666667	(a,organizationhiredperson,b) <= (g,agentcompeteswithagent,a), (g,teamalsoknownas,a), (b,worksfor,a)
3.0	2.0	0.666666667	(a,subpartof,b) <= (a,citylocatedingeopoliticallocation,b), (h,mutualproxyfor,b), (b,proxyfor,h)
3.0	2.0	0.666666667	(a,bankbankincountry,b) <= (a,bankbankincountry,f), (i,citylocatedincountry,b), (i,subpartof,f)
9.0	6.0	0.666666667	(a,countryalsoknownas,b) <= (e,automobilemakerdealersincountry,b), (j,countryalsoknownas,a), (e,hasofficeincountry,j)
3.0	2.0	0.666666667	(a,arthropodcalledarthropod,b) <= (b,animalpreyson,a), (a,animalpreyson,b), (b,arthropodandotherarthropod,a)
3.0	2.0	0.666666667	(a,organizationheadquarteredincity,b) <= (e,agentcollaborateswithagent,j), (j,ceoof,a), (e,organizationheadquarteredincity,b)
3.0	2.0	0.666666667	(a,worksfor,b) <= (i,personbelongstoorganization,f), (i,personleadsgeopoliticalorganization,b), (a,worksfor,f)
3.0	2.0	0.666666667	(a,invertebratefeedonfood,b) <= (b,agriculturalproducttoattractinsect,a), (a,animalthatfeedoninsect,h), (h,invertebratefeedonfood,b)
3.0	2.0	0.666666667	(a,proxyfor,b) <= (j,ceoof,b), (f,mutualproxyfor,j), (a,proxyfor,f)
3.0	2.0	0.666666667	(a,agentactsinlocation,b) <= (j,agentactsinlocation,b), (f,coachesteam,j), (a,organizationhiredperson,f)
3.0	2.0	0.666666667	(a,mutualproxyfor,b) <= (j,ceoof,a), (f,mutualproxyfor,j), (b,proxyfor,f)
3.0	2.0	0.666666667	(a,subpartof,b) <= (b,ceoof,f), (f,subpartof,j), (j,worksfor,a)
6.0	4.0	0.666666667	(a,organizationalsoknownas,b) <= (b,companyalsoknownas,f), (j,organizationalsoknownas,f), (a,organizationalsoknownas,j)
3.0	2.0	0.666666667	(a,subpartof,b) <= (b,ceoof,h), (h,subpartof,b), (b,worksfor,a)
9.0	6.0	0.666666667	(a,topmemberoforganization,b) <= (b,agentcollaborateswithagent,f), (f,personleadsorganization,j), (a,topmemberoforganization,j)
3.0	2.0	0.666666667	(a,mutualproxyfor,b) <= (b,proxyfor,f), (f,subpartof,j), (j,worksfor,a)
3.0	2.0	0.666666667	(a,teamplaysagainstteam,b) <= (a,agentcompeteswithagent,f), (f,teamalsoknownas,b), (f,teamplaysagainstteam,b)
3.0	2.0	0.666666667	(a,proxyfor,b) <= (e,agentactsinlocation,b), (i,buildinglocatedincity,e), (i,locationlocatedwithinlocation,a)
6.0	4.0	0.666666667	(a,proxyfor,b) <= (b,organizationhiredperson,a), (g,proxyfor,b), (g,worksfor,b)
3.0	2.0	0.666666667	(a,worksfor,b) <= (b,organizationhiredperson,a), (h,organizationterminatedperson,a), (a,proxyfor,h)
6.0	4.0	0.666666667	(a,topmemberoforganization,b) <= (j,agentcollaborateswithagent,f), (b,mutualproxyfor,f), (a,topmemberoforganization,j)
3.0	2.0	0.666666667	(a,organizationhiredperson,b) <= (a,organizationhiredperson,h), (b,personhasresidenceingeopoliticallocation,a), (h,personleadsorganization,a)
24.0	16.0	0.666666667	(a,ceoof,b) <= (a,ceoof,j), (b,organizationhiredperson,f), (f,topmemberoforganization,j)
6.0	4.0	0.666666667	(a,subpartof,b) <= (a,mutualproxyfor,h), (h,topmemberoforganization,a), (b,worksfor,a)
3.0	2.0	0.666666667	(a,agriculturalproductcamefromcountry,b) <= (a,agriculturalproductcamefromcountry,j), (b,mutualproxyfor,f), (f,personleadsorganization,j)
3.0	2.0	0.666666667	(a,agentparticipatedinevent,b) <= (i,agentcompeteswithagent,f), (i,agentparticipatedinevent,b), (a,synonymfor,f)
3.0	2.0	0.666666667	(a,animalsuchasinsect,b) <= (a,animalpreyson,h), (h,animalsuchasinvertebrate,b), (a,arthropodandotherarthropod,b)
6.0	4.0	0.666666667	(a,organizationhiredperson,b) <= (h,organizationhiredperson,b), (b,personhasresidenceingeopoliticallocation,a), (b,worksfor,h)
9.0	6.0	0.666666667	(a,worksfor,b) <= (a,ceoof,h), (b,organizationhiredperson,a), (a,worksfor,h)
3.0	2.0	0.666666667	(a,mutualproxyfor,b) <= (a,agentcollaborateswithagent,j), (b,atlocation,f), (j,organizationacronymhasname,f)
3.0	2.0	0.666666667	(a,cityliesonriver,b) <= (i,attractionofcity,a), (e,cityliesonriver,b), (i,hotelincity,e)
3.0	2.0	0.666666667	(a,agentcontrols,b) <= (i,agentbelongstoorganization,b), (a,agentbelongstoorganization,f), (i,proxyfor,f)
6.0	4.0	0.666666667	(a,proxyfor,b) <= (f,citylocatedinstate,j), (a,mutualproxyfor,f), (j,proxyfor,b)
3.0	2.0	0.666666667	(a,mutualproxyfor,b) <= (b,proxyfor,f), (a,subpartof,j), (j,worksfor,f)
6.0	4.0	0.666666667	(a,personleadsorganization,b) <= (b,organizationterminatedperson,a), (b,organizationterminatedperson,h), (h,proxyfor,b)
3.0	2.0	0.666666667	(a,agentparticipatedinevent,b) <= (e,agentcollaborateswithagent,j), (e,agentparticipatedinevent,b), (j,istallerthan,a)
3.0	2.0	0.666666667	(a,subpartof,b) <= (b,agentcompeteswithagent,a), (a,subpartof,h), (h,teamalsoknownas,b)
3.0	2.0	0.666666667	(a,organizationhiredperson,b) <= (a,organizationhiredperson,h), (h,personhasresidenceingeopoliticallocation,a), (b,personleadsorganization,a)
3.0	2.0	0.666666667	(a,animalsuchasinsect,b) <= (a,animalsuchasinvertebrate,h), (a,arthropodandotherarthropod,b), (b,arthropodcalledarthropod,h)
3.0	2.0	0.666666667	(a,agentcollaborateswithagent,b) <= (a,agentcollaborateswithagent,f), (j,mutualproxyfor,b), (f,topmemberoforganization,j)
3.0	2.0	0.666666667	(a,companyalsoknownas,b) <= (i,ceoof,a), (i,ceoof,e), (e,organizationacronymhasname,b)
3.0	2.0	0.666666667	(a,agentparticipatedinevent,b) <= (e,agentcollaborateswithagent,j), (e,agentparticipatedinevent,b), (j,athleteledsportsteam,a)
3.0	2.0	0.666666667	(a,organizationheadquarteredincity,b) <= (f,ceoof,j), (j,organizationheadquarteredincity,b), (a,subpartof,f)
3.0	2.0	0.666666667	(a,teamplayssport,b) <= (j,subpartoforganization,a), (e,teamplaysinleague,j), (e,teamplayssport,b)
3.0	2.0	0.666666667	(a,organizationhiredperson,b) <= (h,organizationhiredperson,b), (b,personleadsorganization,a), (a,synonymfor,h)
3.0	2.0	0.666666667	(a,bankbankincountry,b) <= (a,hasofficeincountry,b), (h,personleadsorganization,a), (a,subpartof,h)
3.0	2.0	0.666666667	(a,worksfor,b) <= (b,organizationhiredperson,a), (b,organizationterminatedperson,h), (h,proxyfor,b)
3.0	2.0	0.666666667	(a,personleadsorganization,b) <= (b,companyalsoknownas,h), (b,organizationterminatedperson,a), (h,organizationterminatedperson,a)
3.0	2.0	0.666666667	(a,agentbelongstoorganization,b) <= (b,agentcompeteswithagent,a), (a,subpartof,b)
3.0	2.0	0.666666667	(a,proxyfor,b) <= (e,agentactsinlocation,b), (i,agentactsinlocation,e), (i,organizationdissolvedatdate,a)
3.0	2.0	0.666666667	(a,attractionofcity,b) <= (a,attractionofcity,f), (i,personhasresidenceingeopoliticallocation,b), (i,worksfor,f)
3.0	2.0	0.666666667	(a,proxyfor,b) <= (g,proxyfor,a), (g,proxyfor,b), (b,subpartof,a)
3.0	2.0	0.666666667	(a,personleadsorganization,b) <= (b,agentcontrols,h), (h,atlocation,b), (b,organizationterminatedperson,a)
3.0	2.0	0.666666667	(a,locationlocatedwithinlocation,b) <= (i,organizationheadquarteredincity,e), (i,radiostationincity,a), (e,subpartof,b)
3.0	2.0	0.666666667	(a,teamplayssport,b) <= (a,agentcollaborateswithagent,f), (f,athleteplaysforteam,j), (j,teamplayssport,b)
3.0	2.0	0.666666667	(a,mutualproxyfor,b) <= (i,buildinglocatedincity,a), (i,locationlocatedwithinlocation,e), (e,mutualproxyfor,b)
3.0	2.0	0.666666667	(a,organizationalsoknownas,b) <= (i,ceoof,a), (e,companyalsoknownas,b), (i,worksfor,e)
3.0	2.0	0.666666667	(a,agentcontrols,b) <= (j,agentcontrols,b), (a,ceoof,f), (f,organizationhiredperson,j)
3.0	2.0	0.666666667	(a,specializationof,b) <= (j,animalpreyson,a), (e,animalsuchasfish,b), (e,specializationof,j)
3.0	2.0	0.666666667	(a,citylocatedincountry,b) <= (a,citycapitalofcountry,f), (j,citylocatedincountry,b), (f,mutualproxyfor,j)
3.0	2.0	0.666666667	(a,proxyfor,b) <= (i,athleteledsportsteam,b), (i,athleteplaysforteam,f), (a,proxyfor,f)
9.0	6.0	0.666666667	(a,organizationalsoknownas,b) <= (b,companyalsoknownas,f), (a,organizationalsoknownas,j), (f,organizationalsoknownas,j)
6.0	4.0	0.666666667	(a,countrylocatedingeopoliticallocation,b) <= (i,countryalsoknownas,a), (i,countrylocatedingeopoliticallocation,f), (b,stateorprovinceisborderedbystateorprovince,f)
15.0	10.0	0.666666667	(a,worksfor,b) <= (f,mutualproxyfor,j), (a,topmemberoforganization,f), (j,worksfor,b)
3.0	2.0	0.666666667	(a,worksfor,b) <= (b,agentcompeteswithagent,f), (f,synonymfor,j), (a,worksfor,j)
3.0	2.0	0.666666667	(a,countryalsoknownas,b) <= (e,countryalsoknownas,b), (i,personhasresidenceingeopoliticallocation,a), (i,personleadsorganization,e)
3.0	2.0	0.666666667	(a,agentparticipatedinevent,b) <= (a,agentcollaborateswithagent,f), (j,agentparticipatedinevent,b), (f,proxyfor,j)
6.0	4.0	0.666666667	(a,organizationhiredperson,b) <= (a,organizationalsoknownas,h), (a,synonymfor,h), (b,worksfor,a)
3.0	2.0	0.666666667	(a,locationlocatedwithinlocation,b) <= (a,citylocatedingeopoliticallocation,h), (a,proxyfor,h), (a,subpartof,b)
15.0	10.0	0.666666667	(a,hasofficeincity,b) <= (e,hasofficeincity,b), (e,organizationterminatedperson,j), (j,topmemberoforganization,a)
3.0	2.0	0.666666667	(a,worksfor,b) <= (b,organizationterminatedperson,f), (a,proxyfor,j), (j,subpartof,f)
6.0	4.0	0.666666667	(a,organizationhiredperson,b) <= (h,organizationhiredperson,b), (a,subpartoforganization,h), (b,worksfor,a)
6.0	4.0	0.666666667	(a,subpartoforganization,b) <= (i,organizationacronymhasname,b), (a,subpartoforganization,f), (i,synonymfor,f)
3.0	2.0	0.666666667	(a,agentactsinlocation,b) <= (e,atlocation,b), (j,ceoof,a), (e,mutualproxyfor,j)
3.0	2.0	0.666666667	(a,proxyfor,b) <= (e,agentactsinlocation,b), (i,atdate,a), (i,personbornincity,e)
6.0	4.0	0.666666667	(a,personleadsorganization,b) <= (b,agentcollaborateswithagent,a), (a,personleadsorganization,h), (a,proxyfor,h)
3.0	2.0	0.666666667	(a,worksfor,b) <= (h,agentcompeteswithagent,b), (a,coachesteam,h), (b,organizationhiredperson,a)
3.0	2.0	0.666666667	(a,worksfor,b) <= (b,agentcompeteswithagent,h), (a,coachesteam,h), (b,organizationhiredperson,a)
6.0	4.0	0.666666667	(a,agentcontrols,b) <= (a,ceoof,h), (h,organizationterminatedperson,a), (a,proxyfor,b)
3.0	2.0	0.666666667	(a,countryalsoknownas,b) <= (i,citylocatedincountry,a), (i,citylocatedingeopoliticallocation,e), (e,statelocatedingeopoliticallocation,b)
3.0	2.0	0.666666667	(a,statelocatedingeopoliticallocation,b) <= (f,mutualproxyfor,j), (a,statelocatedingeopoliticallocation,j), (b,stateorprovinceisborderedbystateorprovince,f)
3.0	2.0	0.666666667	(a,agentcontrols,b) <= (e,agentcontrols,b), (e,companyalsoknownas,j), (j,organizationalsoknownas,a)
15.0	10.0	0.666666667	(a,companyalsoknownas,b) <= (a,companyalsoknownas,f), (i,companyalsoknownas,f), (i,synonymfor,b)
3.0	2.0	0.666666667	(a,agentcollaborateswithagent,b) <= (a,agentcontrols,j), (b,hasspouse,f), (f,hasspouse,j)
3.0	2.0	0.666666667	(a,proxyfor,b) <= (i,companyalsoknownas,b), (a,proxyfor,f), (i,synonymfor,f)
3.0	2.0	0.666666667	(a,subpartof,b) <= (a,mutualproxyfor,h), (a,organizationhiredperson,h), (b,proxyfor,a)
3.0	2.0	0.666666667	(a,agentparticipatedinevent,b) <= (f,agentcompeteswithagent,j), (j,agentparticipatedinevent,b), (a,synonymfor,f)
6.0	4.0	0.666666667	(a,subpartoforganization,b) <= (i,subpartoforganization,b), (a,subpartoforganization,f), (i,synonymfor,f)
3.0	2.0	0.666666667	(a,mutualproxyfor,b) <= (b,mutualproxyfor,f), (i,personbelongstoorganization,f), (i,politicianusmemberofpoliticalgroup,a)
3.0	2.0	0.666666667	(a,agentactsinlocation,b) <= (i,agentactsinlocation,b), (i,mutualproxyfor,f), (a,organizationterminatedperson,f)
6.0	4.0	0.666666667	(a,agentcollaborateswithagent,b) <= (a,agentcollaborateswithagent,j), (b,coachesteam,f), (f,organizationhiredperson,j)
3.0	2.0	0.666666667	(a,agriculturalproductcamefromcountry,b) <= (a,agriculturalproductcamefromcountry,f), (i,countryalsoknownas,b), (i,countrylocatedingeopoliticallocation,f)
3.0	2.0	0.666666667	(a,agentcontrols,b) <= (a,ceoof,h), (a,subpartof,b), (a,topmemberoforganization,h)
3.0	2.0	0.666666667	(a,agentcontrols,b) <= (j,agentcontrols,b), (a,companyalsoknownas,f), (f,organizationalsoknownas,j)
3.0	2.0	0.666666667	(a,animalsuchasinsect,b) <= (a,animalpreyson,h), (h,animalsuchasinsect,b), (a,arthropodandotherarthropod,b)
3.0	2.0	0.666666667	(a,subpartof,b) <= (g,mutualproxyfor,b), (g,organizationhiredperson,b), (b,proxyfor,a)
6.0	4.0	0.666666667	(a,organizationhiredperson,b) <= (a,mutualproxyfor,h), (h,topmemberoforganization,a), (b,worksfor,a)
3.0	2.0	0.666666667	(a,agriculturalproductcamefromcountry,b) <= (a,agriculturalproductcamefromcountry,f), (j,hasofficeincountry,b), (f,istallerthan,j)
6.0	4.0	0.666666667	(a,competeswith,b) <= (a,agentcontrols,b), (b,competeswith,a)
9.0	6.0	0.666666667	(a,agriculturalproductcamefromcountry,b) <= (a,agriculturalproductcamefromcountry,f), (i,citylocatedincountry,b), (i,citylocatedingeopoliticallocation,f)
3.0	2.0	0.666666667	(a,worksfor,b) <= (f,atlocation,b), (a,coachesteam,f)
3.0	2.0	0.666666667	(a,mutualproxyfor,b) <= (i,citycapitalofcountry,a), (i,locationlocatedwithinlocation,e), (e,mutualproxyfor,b)
3.0	2.0	0.666666667	(a,locationlocatedwithinlocation,b) <= (j,locationlocatedwithinlocation,b), (a,mutualproxyfor,f), (f,personleadsgeopoliticalorganization,j)
9.0	6.0	0.666666667	(a,organizationhiredperson,b) <= (a,agentcompeteswithagent,h), (b,worksfor,a), (b,worksfor,h)
3.0	2.0	0.666666667	(a,personleadsorganization,b) <= (b,automobilemakerdealersincountry,h), (b,hasofficeincountry,h), (b,organizationhiredperson,a)
6.0	4.0	0.666666667	(a,ceoof,b) <= (g,ceoof,b), (b,organizationhiredperson,a), (g,worksfor,b)
6.0	4.0	0.666666667	(a,worksfor,b) <= (b,agentcollaborateswithagent,f), (f,athleteledsportsteam,j), (a,worksfor,j)
3.0	2.0	0.666666667	(a,arthropodcalledarthropod,b) <= (g,animalpreyson,a), (b,arthropodcalledarthropod,a), (g,specializationof,a)
3.0	2.0	0.666666667	(a,mutualproxyfor,b) <= (a,agentcontrols,b), (g,organizationhiredperson,b), (g,organizationterminatedperson,b)
27.0	18.0	0.666666667	(a,arthropodcalledarthropod,b) <= (g,agentcompeteswithagent,a), (g,animalsuchasinsect,a), (b,arthropodcalledarthropod,a)
12.0	8.0	0.666666667	(a,athleteplaysforteam,b) <= (a,athleteledsportsteam,b), (b,organizationterminatedperson,h), (h,worksfor,b)
6.0	4.0	0.666666667	(a,personleadsorganization,b) <= (h,organizationterminatedperson,a), (a,proxyfor,b), (a,proxyfor,h)
3.0	2.0	0.666666667	(a,worksfor,b) <= (j,organizationterminatedperson,f), (a,proxyfor,j), (b,subpartof,f)
3.0	2.0	0.666666667	(a,ceoof,b) <= (j,automakerproducesmodel,f), (b,producesproduct,f), (a,topmemberoforganization,j)
3.0	2.0	0.666666667	(a,statelocatedingeopoliticallocation,b) <= (j,citylocatedincountry,f), (b,countrylocatedingeopoliticallocation,f), (a,statelocatedingeopoliticallocation,j)
3.0	2.0	0.666666667	(a,companyalsoknownas,b) <= (b,acquired,f), (j,companyalsoknownas,a), (f,subpartoforganization,j)
3.0	2.0	0.666666667	(a,athleteplaysforteam,b) <= (a,athleteledsportsteam,b), (b,synonymfor,h), (b,teamplaysagainstteam,h)
6.0	4.0	0.666666667	(a,worksfor,b) <= (b,agentcollaborateswithagent,a), (a,personleadsorganization,h), (a,proxyfor,h)
6.0	4.0	0.666666667	(a,organizationheadquarteredincity,b) <= (a,headquarteredin,b), (g,headquarteredin,b), (g,televisionstationincity,b)
18.0	12.0	0.666666667	(a,athleteplaysforteam,b) <= (h,agentcompeteswithagent,b), (b,agentcompeteswithagent,h), (a,athleteledsportsteam,b)
9.0	6.0	0.666666667	(a,proxyfor,b) <= (i,atdate,a), (e,atlocation,b), (i,citylocatedincountry,e)
3.0	2.0	0.666666667	(a,agriculturalproductcookedwithagriculturalproduct,b) <= (b,agriculturalproductcookedwithagriculturalproduct,a), (a,animalpreyson,h), (h,specializationof,a)
3.0	2.0	0.666666667	(a,worksfor,b) <= (b,agentcreated,f), (a,personleadsorganization,j), (j,producesproduct,f)
3.0	2.0	0.666666667	(a,arthropodandotherarthropod,b) <= (h,animalsuchasinsect,a), (a,animalsuchasinsect,b), (b,arthropodcalledarthropod,h)
3.0	2.0	0.666666667	(a,athleteplaysforteam,b) <= (b,agentcompeteswithagent,h), (a,athleteledsportsteam,b), (b,synonymfor,h)
3.0	2.0	0.666666667	(a,agriculturalproductcookedwithagriculturalproduct,b) <= (b,agriculturalproductcookedwithagriculturalproduct,a), (a,animalpreyson,h), (h,animalsuchasfish,a)
3.0	2.0	0.666666667	(a,agriculturalproductcookedwithagriculturalproduct,b) <= (b,agriculturalproductcookedwithagriculturalproduct,a), (a,agriculturalproductcookedwithagriculturalproduct,h), (b,agriculturalproductincludingagriculturalproduct,h)
3.0	2.0	0.666666667	(a,organizationalsoknownas,b) <= (b,companyalsoknownas,h), (b,organizationalsoknownas,a), (h,organizationalsoknownas,b)
3.0	2.0	0.666666667	(a,companyalsoknownas,b) <= (a,acquired,h), (b,companyalsoknownas,a), (h,subpartoforganization,a)
3.0	2.0	0.666666667	(a,athleteplaysforteam,b) <= (h,agentcompeteswithagent,b), (a,athleteledsportsteam,b), (b,synonymfor,h)
3.0	2.0	0.666666667	(a,animalsuchasinsect,b) <= (g,animalpreyson,b), (a,arthropodandotherarthropod,b), (g,arthropodcalledarthropod,a)
6.0	4.0	0.666666667	(a,ceoof,b) <= (i,ceoof,b), (a,personleadsorganization,f), (i,proxyfor,f)
3.0	2.0	0.666666667	(a,personleadsorganization,b) <= (a,ceoof,h), (h,mutualproxyfor,a), (a,proxyfor,b)
12.0	8.0	0.666666667	(a,athleteplaysforteam,b) <= (a,athleteledsportsteam,b), (b,organizationhiredperson,h), (b,organizationterminatedperson,h)
3.0	2.0	0.666666667	(a,athleteplaysforteam,b) <= (a,athleteledsportsteam,b), (h,athleteledsportsteam,b), (b,organizationhiredperson,h)
3.0	2.0	0.666666667	(a,cityalsoknownas,b) <= (b,cityalsoknownas,a), (b,citylocatedincountry,h), (b,proxyfor,h)
3.0	2.0	0.666666667	(a,ceoof,b) <= (j,agentbelongstoorganization,b), (a,ceoof,f), (f,mutualproxyfor,j)
3.0	2.0	0.666666667	(a,worksfor,b) <= (b,agentcreated,f), (j,automakerproducesmodel,f), (a,personleadsorganization,j)
3.0	2.0	0.666666667	(a,worksfor,b) <= (f,cityalsoknownas,b), (b,cityalsoknownas,f), (f,organizationhiredperson,a)
3.0	2.0	0.666666667	(a,mutualproxyfor,b) <= (g,proxyfor,a), (a,subpartof,b), (g,worksfor,a)
30.0	20.0	0.666666667	(a,arthropodcalledarthropod,b) <= (b,animalsuchasinvertebrate,h), (b,arthropodcalledarthropod,a), (h,arthropodcalledarthropod,b)
3.0	2.0	0.666666667	(a,ceoof,b) <= (j,agentbelongstoorganization,b), (f,agentcontrols,j), (a,ceoof,f)
3.0	2.0	0.666666667	(a,citycapitalofcountry,b) <= (e,citycapitalofcountry,b), (i,locationlocatedwithinlocation,a), (i,proxyfor,e)
3.0	2.0	0.666666667	(a,ceoof,b) <= (a,ceoof,f), (f,companyalsoknownas,j), (j,organizationalsoknownas,b)
3.0	2.0	0.666666667	(a,televisionstationincity,b) <= (i,personleadsgeopoliticalorganization,f), (a,televisionstationincity,f), (i,worksfor,b)
6.0	4.0	0.666666667	(a,athleteplaysforteam,b) <= (h,agentcompeteswithagent,b), (a,athleteledsportsteam,b), (a,athleteledsportsteam,h)
3.0	2.0	0.666666667	(a,agentcontrols,b) <= (b,agentbelongstoorganization,h), (b,agentcollaborateswithagent,a), (h,agentcompeteswithagent,a)
6.0	4.0	0.666666667	(a,athleteplaysforteam,b) <= (b,agentcompeteswithagent,h), (a,athleteledsportsteam,b), (a,athleteledsportsteam,h)
3.0	2.0	0.666666667	(a,proxyfor,b) <= (i,citylocatedinstate,e), (e,proxyfor,b), (i,subpartof,a)
3.0	2.0	0.666666667	(a,athleteplaysforteam,b) <= (h,agentcollaborateswithagent,a), (a,athleteledsportsteam,b), (a,personbelongstoorganization,h)
3.0	2.0	0.666666667	(a,animalsuchasinsect,b) <= (g,animalsuchasinsect,b), (g,animalthatfeedoninsect,a), (a,arthropodandotherarthropod,b)
3.0	2.0	0.666666667	(a,locationlocatedwithinlocation,b) <= (g,hasofficeincountry,b), (g,organizationheadquarteredincity,a), (a,proxyfor,b)
3.0	2.0	0.666666667	(a,mutualproxyfor,b) <= (b,proxyfor,h), (a,subpartof,b), (b,worksfor,h)
3.0	2.0	0.666666667	(a,worksfor,b) <= (f,companyalsoknownas,j), (b,organizationalsoknownas,f), (a,worksfor,j)
3.0	2.0	0.666666667	(a,worksfor,b) <= (i,companyalsoknownas,f), (i,organizationhiredperson,a), (b,synonymfor,f)
3.0	2.0	0.666666667	(a,proxyfor,b) <= (a,ceoof,h), (b,mutualproxyfor,a), (a,proxyfor,h)
3.0	2.0	0.666666667	(a,organizationalsoknownas,b) <= (g,companyalsoknownas,b), (b,organizationalsoknownas,a), (g,organizationalsoknownas,b)
3.0	2.0	0.666666667	(a,organizationalsoknownas,b) <= (g,mutualproxyfor,b), (g,subpartof,b), (a,synonymfor,b)
3.0	2.0	0.666666667	(a,athleteplaysforteam,b) <= (a,athleteledsportsteam,b), (b,synonymfor,h), (h,teamplaysagainstteam,b)
3.0	2.0	0.666666667	(a,organizationheadquarteredincity,b) <= (a,agentcollaborateswithagent,h), (a,headquarteredin,b), (a,mutualproxyfor,h)
9.0	6.0	0.666666667	(a,agentcollaborateswithagent,b) <= (b,agentcontrols,f), (i,coachesteam,a), (i,coachesteam,f)
3.0	2.0	0.666666667	(a,agriculturalproductcookedwithagriculturalproduct,b) <= (b,agriculturalproductcookedwithagriculturalproduct,a), (g,animalsuchasfish,a), (g,specializationof,a)
6.0	4.0	0.666666667	(a,organizationheadquarteredincity,b) <= (j,ceoof,a), (e,headquarteredin,b), (e,mutualproxyfor,j)
6.0	4.0	0.666666667	(a,ceoof,b) <= (a,ceoof,j), (f,companyalsoknownas,j), (b,organizationalsoknownas,f)
3.0	2.0	0.666666667	(a,proxyfor,b) <= (b,mutualproxyfor,a), (h,organizationterminatedperson,a), (a,proxyfor,h)
3.0	2.0	0.666666667	(a,companyalsoknownas,b) <= (b,acquired,h), (b,companyalsoknownas,a), (h,subpartoforganization,b)
6.0	4.0	0.666666667	(a,ceoof,b) <= (j,agentcreated,f), (b,agentinvolvedwithitem,f), (a,ceoof,j)
6.0	4.0	0.666666667	(a,animalsuchasinsect,b) <= (g,animalsuchasinsect,b), (a,arthropodandotherarthropod,b), (g,arthropodcalledarthropod,b)
3.0	2.0	0.666666667	(a,personborninlocation,b) <= (g,hassibling,a), (a,personbornincity,b), (g,personborninlocation,b)
3.0	2.0	0.666666667	(a,cityalsoknownas,b) <= (i,attractionofcity,a), (i,buildinglocatedincity,f), (b,cityalsoknownas,f)
3.0	2.0	0.666666667	(a,proxyfor,b) <= (a,atlocation,h), (b,mutualproxyfor,a), (b,stateorprovinceisborderedbystateorprovince,h)
6.0	4.0	0.666666667	(a,personleadsorganization,b) <= (b,organizationterminatedperson,h), (a,proxyfor,b), (h,proxyfor,b)
3.0	2.0	0.666666667	(a,radiostationincity,b) <= (f,organizationhiredperson,j), (j,personhasresidenceingeopoliticallocation,b), (a,radiostationincity,f)
3.0	2.0	0.666666667	(a,arthropodandotherarthropod,b) <= (a,animalpreyson,h), (a,animalsuchasinsect,b), (h,animalsuchasinvertebrate,b)
3.0	2.0	0.666666667	(a,athleteplaysforteam,b) <= (b,agentcollaborateswithagent,f), (a,athletehomestadium,j), (f,athletehomestadium,j)
3.0	2.0	0.666666667	(a,personleadsorganization,b) <= (g,ceoof,b), (a,proxyfor,b), (g,proxyfor,b)
3.0	2.0	0.666666667	(a,proxyfor,b) <= (e,locationlocatedwithinlocation,b), (i,personhasresidenceingeopoliticallocation,a), (i,worksfor,e)
18.0	12.0	0.666666667	(a,worksfor,b) <= (g,personleadsorganization,b), (b,subpartof,a), (g,worksfor,b)
3.0	2.0	0.666666667	(a,proxyfor,b) <= (a,citylocatedingeopoliticallocation,h), (b,mutualproxyfor,a), (a,subpartof,h)
3.0	2.0	0.666666667	(a,agentcontrols,b) <= (b,agentbelongstoorganization,a), (b,agentcollaborateswithagent,h), (h,agentcompeteswithagent,a)
3.0	2.0	0.666666667	(a,citylocatedincountry,b) <= (e,citylocatedincountry,b), (i,locationlocatedwithinlocation,a), (i,subpartof,e)
3.0	2.0	0.666666667	(a,personleadsorganization,b) <= (a,ceoof,b), (h,mutualproxyfor,a), (a,proxyfor,h)
3.0	2.0	0.666666667	(a,personleadsorganization,b) <= (a,ceoof,b), (a,ceoof,h), (a,proxyfor,h)
3.0	2.0	0.666666667	(a,personleadsorganization,b) <= (b,mutualproxyfor,h), (b,organizationterminatedperson,h), (a,proxyfor,b)
3.0	2.0	0.666666667	(a,athleteplaysforteam,b) <= (a,athleteledsportsteam,h), (a,subpartof,b), (a,subpartof,h)
3.0	2.0	0.666666667	(a,mutualproxyfor,b) <= (j,agentactsinlocation,a), (e,agentactsinlocation,j), (e,organizationdissolvedatdate,b)
3.0	2.0	0.666666667	(a,athleteplaysforteam,b) <= (a,athleteledsportsteam,h), (a,athleteplaysforteam,h), (a,subpartof,b)
3.0	2.0	0.666666667	(a,arthropodcalledarthropod,b) <= (h,animalpreyson,b), (a,animalthatfeedoninsect,h), (b,arthropodcalledarthropod,a)
3.0	2.0	0.666666667	(a,worksfor,b) <= (b,agentinvolvedwithitem,f), (i,organizationhiredperson,a), (i,producesproduct,f)
3.0	2.0	0.666666667	(a,worksfor,b) <= (b,agentinvolvedwithitem,f), (i,automakerproducesmodel,f), (i,organizationhiredperson,a)
9.0	6.0	0.666666667	(a,subpartoforganization,b) <= (f,organizationhiredperson,j), (a,subpartoforganization,f), (j,topmemberoforganization,b)
3.0	2.0	0.666666667	(a,proxyfor,b) <= (j,atdate,a), (e,atlocation,b), (e,countrylocatedingeopoliticallocation,j)
3.0	2.0	0.666666667	(a,ceoof,b) <= (i,agentinvolvedwithitem,f), (b,automakerproducesmodel,f), (i,organizationterminatedperson,a)
3.0	2.0	0.666666667	(a,arthropodcalledarthropod,b) <= (a,animalthatfeedoninsect,h), (b,arthropodcalledarthropod,a), (h,specializationof,a)
3.0	2.0	0.666666667	(a,worksfor,b) <= (b,agentinvolvedwithitem,f), (j,automakerproducesmodel,f), (a,personleadsorganization,j)
3.0	2.0	0.666666667	(a,locationlocatedwithinlocation,b) <= (a,proxyfor,b), (g,statelocatedingeopoliticallocation,a), (g,stateorprovinceisborderedbystateorprovince,b)
3.0	2.0	0.666666667	(a,locationlocatedwithinlocation,b) <= (g,citylocatedincountry,b), (g,citylocatedingeopoliticallocation,b), (a,proxyfor,b)
6.0	4.0	0.666666667	(a,cityalsoknownas,b) <= (b,cityalsoknownas,a), (a,proxyfor,h), (a,subpartof,h)
3.0	2.0	0.666666667	(a,agriculturalproductcookedwithagriculturalproduct,b) <= (b,agriculturalproductcookedwithagriculturalproduct,a), (g,animalpreyson,a), (g,specializationof,a)
9.0	6.0	0.666666667	(a,ceoof,b) <= (a,ceoof,j), (j,companyalsoknownas,f), (b,organizationalsoknownas,f)
3.0	2.0	0.666666667	(a,animalsuchasinsect,b) <= (g,animalistypeofanimal,a), (g,animalthatfeedoninsect,b), (a,arthropodandotherarthropod,b)
3.0	2.0	0.666666667	(a,topmemberoforganization,b) <= (a,ceoof,b), (g,proxyfor,b), (g,subpartof,b)
3.0	2.0	0.666666667	(a,agentcontrols,b) <= (b,agentbelongstoorganization,a), (b,agentcollaborateswithagent,h), (a,agentcompeteswithagent,h)
3.0	2.0	0.666666667	(a,agriculturalproductcookedwithagriculturalproduct,b) <= (b,agriculturalproductcookedwithagriculturalproduct,a), (g,animalpreyson,a), (g,animalsuchasfish,a)
3.0	2.0	0.666666667	(a,athleteplaysforteam,b) <= (a,athleteledsportsteam,h), (a,personbelongstoorganization,h), (a,subpartof,b)
9.0	6.0	0.666666667	(a,arthropodcalledarthropod,b) <= (b,animalthatfeedoninsect,h), (b,arthropodcalledarthropod,a), (a,arthropodcalledarthropod,h)
3.0	2.0	0.666666667	(a,athleteplaysforteam,b) <= (a,athleteplaysforteam,h), (a,personbelongstoorganization,h), (a,subpartof,b)
3.0	2.0	0.666666667	(a,arthropodandotherarthropod,b) <= (a,animalsuchasinsect,b), (h,arthropodandotherarthropod,b), (a,arthropodcalledarthropod,h)
6.0	4.0	0.666666667	(a,personleadsorganization,b) <= (h,organizationterminatedperson,a), (a,personbelongstoorganization,b), (a,personbelongstoorganization,h)
18.0	12.0	0.666666667	(a,subpartoforganization,b) <= (f,agentcreated,j), (j,subpartoforganization,b), (a,subpartoforganization,f)
3.0	2.0	0.666666667	(a,subpartof,b) <= (f,agentcompeteswithagent,a), (a,subpartof,f), (b,teamalsoknownas,f)
9.0	6.0	0.666666667	(a,mutualproxyfor,b) <= (a,agentcollaborateswithagent,h), (a,agentcontrols,b), (a,mutualproxyfor,h)
3.0	2.0	0.666666667	(a,teamplaysagainstteam,b) <= (i,athleteplaysinleague,e), (i,coachesteam,a), (e,subpartoforganization,b)
3.0	2.0	0.666666667	(a,statelocatedingeopoliticallocation,b) <= (h,stateorprovinceisborderedbystateorprovince,a), (a,stateorprovinceisborderedbystateorprovince,h), (a,subpartof,b)
18.0	12.0	0.666666667	(a,personleadsorganization,b) <= (b,subpartof,a), (b,subpartof,h), (h,worksfor,b)
3.0	2.0	0.666666667	(a,athleteplaysinleague,b) <= (e,athletebeatathlete,a), (e,athleteplaysinleague,b)
3.0	2.0	0.666666667	(a,agentcontrols,b) <= (b,agentbelongstoorganization,h), (b,agentcollaborateswithagent,a), (a,agentcompeteswithagent,h)
3.0	2.0	0.666666667	(a,worksfor,b) <= (b,agentcollaborateswithagent,a), (g,agentcontrols,b), (g,worksfor,b)
3.0	2.0	0.666666667	(a,proxyfor,b) <= (a,agentactsinlocation,b), (b,locationlocatedwithinlocation,a)
3.0	2.0	0.666666667	(a,statelocatedingeopoliticallocation,b) <= (g,stateorprovinceisborderedbystateorprovince,a), (a,subpartof,b), (g,subpartof,b)
36.0	24.0	0.666666667	(a,ceoof,b) <= (e,ceoof,b), (j,organizationterminatedperson,a), (e,worksfor,j)
3.0	2.0	0.666666667	(a,cityalsoknownas,b) <= (a,cityalsoknownas,f), (f,cityalsoknownas,j), (b,synonymfor,j)
3.0	2.0	0.666666667	(a,cityalsoknownas,b) <= (a,cityalsoknownas,f), (j,cityalsoknownas,f), (b,synonymfor,j)
3.0	2.0	0.666666667	(a,arthropodcalledarthropod,b) <= (h,animalistypeofanimal,a), (b,animalpreyson,h), (b,arthropodcalledarthropod,a)
6.0	4.0	0.666666667	(a,worksfor,b) <= (j,agentbelongstoorganization,b), (f,mutualproxyfor,j), (a,worksfor,f)
3.0	2.0	0.666666667	(a,organizationalsoknownas,b) <= (g,ceoof,a), (a,companyalsoknownas,b), (g,personleadsorganization,a)
12.0	8.0	0.666666667	(a,ceoof,b) <= (e,ceoof,b), (j,subpartof,a), (e,topmemberoforganization,j)
3.0	2.0	0.666666667	(a,parkincity,b) <= (b,organizationhiredperson,f), (a,parkincity,j), (f,worksfor,j)
3.0	2.0	0.666666667	(a,arthropodandotherarthropod,b) <= (a,agentcompeteswithagent,h), (a,animalsuchasinvertebrate,b), (a,arthropodcalledarthropod,h)
6.0	4.0	0.666666667	(a,parkincity,b) <= (f,attractionofcity,j), (a,parkincity,j), (b,proxyfor,f)
12.0	8.0	0.666666667	(a,personleadsorganization,b) <= (b,organizationterminatedperson,h), (h,personleadsorganization,b), (b,subpartof,a)
3.0	2.0	0.666666667	(a,citycapitalofcountry,b) <= (i,citycapitalofcountry,b), (a,citycapitalofcountry,f), (i,citylocatedingeopoliticallocation,f)
30.0	20.0	0.666666667	(a,arthropodcalledarthropod,b) <= (a,animalthatfeedoninsect,h), (a,arthropodandotherarthropod,h), (b,arthropodcalledarthropod,a)
3.0	2.0	0.666666667	(a,organizationalsoknownas,b) <= (a,companyalsoknownas,b), (a,organizationhiredperson,h), (h,worksfor,a)
18.0	12.0	0.666666667	(a,arthropodcalledarthropod,b) <= (a,arthropodandotherarthropod,h), (b,arthropodcalledarthropod,a), (h,specializationof,a)
12.0	8.0	0.666666667	(a,personleadsorganization,b) <= (h,organizationterminatedperson,a), (a,personleadsorganization,h), (b,subpartof,a)
3.0	2.0	0.666666667	(a,agentcollaborateswithagent,b) <= (a,agentcollaborateswithagent,j), (j,musicianinmusicartist,f), (b,personbelongstoorganization,f)
3.0	2.0	0.666666667	(a,arthropodcalledarthropod,b) <= (g,animalistypeofanimal,a), (g,animalpreyson,b), (b,arthropodcalledarthropod,a)
3.0	2.0	0.666666667	(a,subpartof,b) <= (b,atlocation,h), (h,locationlocatedwithinlocation,a), (b,mutualproxyfor,a)
3.0	2.0	0.666666667	(a,organizationheadquarteredincity,b) <= (i,agentbelongstoorganization,e), (i,agentcollaborateswithagent,a), (e,organizationheadquarteredincity,b)
33.0	22.0	0.666666667	(a,arthropodcalledarthropod,b) <= (h,animalsuchasinsect,a), (a,animalsuchasinvertebrate,h), (b,arthropodcalledarthropod,a)
12.0	8.0	0.666666667	(a,ceoof,b) <= (e,ceoof,j), (j,subpartof,a), (e,topmemberoforganization,b)
3.0	2.0	0.666666667	(a,televisionstationincity,b) <= (b,agentcontrols,f), (j,agentcontrols,f), (a,organizationheadquarteredincity,j)
3.0	2.0	0.666666667	(a,arthropodcalledarthropod,b) <= (g,animalsuchasinvertebrate,a), (g,arthropodandotherarthropod,b), (b,arthropodcalledarthropod,a)
3.0	2.0	0.666666667	(a,arthropodcalledarthropod,b) <= (g,animalsuchasinvertebrate,a), (b,arthropodcalledarthropod,a), (g,specializationof,a)
6.0	4.0	0.666666667	(a,organizationhiredperson,b) <= (h,ceoof,a), (a,organizationhiredperson,h), (b,personleadsorganization,a)
9.0	6.0	0.666666667	(a,arthropodcalledarthropod,b) <= (h,animalsuchasinsect,b), (a,animalsuchasinvertebrate,h), (b,arthropodcalledarthropod,a)
3.0	2.0	0.666666667	(a,organizationhiredperson,b) <= (b,athleteplaysforteam,a), (b,athleteplaysforteam,h), (b,worksfor,h)
3.0	2.0	0.666666667	(a,organizationhiredperson,b) <= (b,athleteplaysforteam,a), (h,organizationhiredperson,b), (b,worksfor,h)
3.0	2.0	0.666666667	(a,citylocatedincountry,b) <= (i,hasofficeincountry,b), (i,hasofficeincountry,f), (a,mutualproxyfor,f)
6.0	4.0	0.666666667	(a,ceoof,b) <= (i,agentcollaborateswithagent,a), (i,agentcontrols,e), (e,ceoof,b)
3.0	2.0	0.666666667	(a,proxyfor,b) <= (j,agentcontrols,b), (a,ceoof,f), (f,organizationhiredperson,j)
3.0	2.0	0.666666667	(a,locationlocatedwithinlocation,b) <= (e,citylocatedincountry,j), (e,locationlocatedwithinlocation,b), (j,mutualproxyfor,a)
6.0	4.0	0.666666667	(a,subpartof,b) <= (b,mutualproxyfor,a), (b,organizationhiredperson,h), (h,subpartof,b)
6.0	4.0	0.666666667	(a,teamplaysagainstteam,b) <= (i,athleteledsportsteam,a), (i,coachesinleague,e), (e,subpartoforganization,b)
6.0	4.0	0.666666667	(a,worksfor,b) <= (b,mutualproxyfor,a), (a,personleadsorganization,b), (a,proxyfor,b)
3.0	2.0	0.666666667	(a,ceoof,b) <= (i,agentcollaborateswithagent,e), (e,ceoof,b), (i,mutualproxyfor,a)
3.0	2.0	0.666666667	(a,locationlocatedwithinlocation,b) <= (j,agentbelongstoorganization,a), (e,locationlocatedwithinlocation,b), (e,mutualproxyfor,j)
18.0	12.0	0.666666667	(a,teamplaysagainstteam,b) <= (i,coachesinleague,e), (i,coachesteam,a), (e,subpartoforganization,b)
3.0	2.0	0.666666667	(a,proxyfor,b) <= (b,locationlocatedwithinlocation,h), (b,mutualproxyfor,a), (h,proxyfor,a)
12.0	8.0	0.666666667	(a,radiostationincity,b) <= (b,mutualproxyfor,f), (j,organizationhiredperson,f), (a,radiostationincity,j)
3.0	2.0	0.666666667	(a,ceoof,b) <= (a,agentcontrols,f), (i,ceoof,b), (i,subpartof,f)
3.0	2.0	0.666666667	(a,worksfor,b) <= (a,ceoof,j), (b,companyalsoknownas,f), (j,synonymfor,f)
3.0	2.0	0.666666667	(a,proxyfor,b) <= (b,locationlocatedwithinlocation,h), (b,mutualproxyfor,a), (a,mutualproxyfor,h)
3.0	2.0	0.666666667	(a,arthropodcalledarthropod,b) <= (b,agentcompeteswithagent,h), (b,animalsuchasinvertebrate,h), (b,arthropodcalledarthropod,a)
18.0	12.0	0.666666667	(a,personleadsorganization,b) <= (b,subpartof,h), (a,worksfor,b), (h,worksfor,b)
3.0	2.0	0.666666667	(a,proxyfor,b) <= (b,mutualproxyfor,a), (a,mutualproxyfor,h), (h,personleadsgeopoliticalorganization,a)
3.0	2.0	0.666666667	(a,personleadsorganization,b) <= (b,agentcreated,h), (b,agentinvolvedwithitem,h), (a,worksfor,b)
3.0	2.0	0.666666667	(a,agentcollaborateswithagent,b) <= (a,agentcollaborateswithagent,j), (j,personleadsgeopoliticalorganization,f), (b,worksfor,f)
3.0	2.0	0.666666667	(a,worksfor,b) <= (b,companyalsoknownas,f), (a,personleadsorganization,j), (j,synonymfor,f)
3.0	2.0	0.666666667	(a,ceoof,b) <= (a,ceoof,f), (i,companyalsoknownas,f), (i,organizationalsoknownas,b)
3.0	2.0	0.666666667	(a,ceoof,b) <= (i,agentbelongstoorganization,f), (i,agentcollaborateswithagent,b), (a,ceoof,f)
3.0	2.0	0.666666667	(a,arthropodandotherarthropod,b) <= (a,animalsuchasinsect,b), (g,animalsuchasinvertebrate,b), (g,animalthatfeedoninsect,a)
12.0	8.0	0.666666667	(a,sportsgamewinner,b) <= (f,agentcollaborateswithagent,j), (j,personbelongstoorganization,b), (a,sportsgamewinner,f)
9.0	6.0	0.666666667	(a,topmemberoforganization,b) <= (h,organizationhiredperson,a), (a,topmemberoforganization,h), (a,worksfor,b)
6.0	4.0	0.666666667	(a,hasofficeincity,b) <= (e,hasofficeincity,b), (i,personbelongstoorganization,e), (i,personleadsorganization,a)
3.0	2.0	0.666666667	(a,athleteplaysforteam,b) <= (a,athleteplaysforteam,h), (a,personbelongstoorganization,b), (a,subpartof,h)
3.0	2.0	0.666666667	(a,worksfor,b) <= (b,agentcollaborateswithagent,a), (b,organizationhiredperson,h), (h,personleadsorganization,b)
3.0	2.0	0.666666667	(a,worksfor,b) <= (b,agentcreated,f), (i,automakerproducesmodel,f), (i,organizationhiredperson,a)
3.0	2.0	0.666666667	(a,athleteplaysforteam,b) <= (a,athleteledsportsteam,h), (a,personbelongstoorganization,b), (a,subpartof,h)
6.0	4.0	0.666666667	(a,proxyfor,b) <= (i,agentbelongstoorganization,e), (i,atlocation,a), (e,proxyfor,b)
9.0	6.0	0.666666667	(a,proxyfor,b) <= (i,citylocatedinstate,e), (i,mutualproxyfor,a), (e,proxyfor,b)
3.0	2.0	0.666666667	(a,worksfor,b) <= (b,agentcreated,f), (i,organizationhiredperson,a), (i,producesproduct,f)
12.0	8.0	0.666666667	(a,athleteplaysforteam,b) <= (a,athleteplaysinleague,h), (a,personbelongstoorganization,b), (b,teamplaysinleague,h)
12.0	8.0	0.666666667	(a,organizationhiredperson,b) <= (a,organizationterminatedperson,b), (b,personleadsorganization,h), (h,subpartof,b)
9.0	6.0	0.666666667	(a,proxyfor,b) <= (j,atdate,a), (e,personborninlocation,j), (e,proxyfor,b)
3.0	2.0	0.666666667	(a,proxyfor,b) <= (b,mutualproxyfor,a), (b,organizationterminatedperson,h), (h,proxyfor,b)
9.0	6.0	0.666666667	(a,proxyfor,b) <= (e,ceoof,j), (j,organizationterminatedperson,a), (e,proxyfor,b)
3.0	2.0	0.666666667	(a,animalsuchasinsect,b) <= (a,animalpreyson,h), (b,animalsuchasinvertebrate,a), (h,animalthatfeedoninsect,b)
3.0	2.0	0.666666667	(a,organizationalsoknownas,b) <= (a,synonymfor,b), (h,teamalsoknownas,b), (b,teamalsoknownas,h)
3.0	2.0	0.666666667	(a,cityalsoknownas,b) <= (a,cityalsoknownas,j), (b,organizationhiredperson,f), (f,personbelongstoorganization,j)
3.0	2.0	0.666666667	(a,agentcontrols,b) <= (a,agentcontrols,h), (b,mutualproxyfor,a), (a,worksfor,h)
18.0	12.0	0.666666667	(a,personleadsorganization,b) <= (g,personleadsorganization,b), (b,subpartof,a), (g,worksfor,b)
3.0	2.0	0.666666667	(a,arthropodcalledarthropod,b) <= (h,animalpreyson,a), (b,animalthatfeedoninsect,h), (b,arthropodcalledarthropod,a)
3.0	2.0	0.666666667	(a,arthropodcalledarthropod,b) <= (h,animalsuchasinsect,a), (b,animalthatfeedoninsect,h), (b,arthropodcalledarthropod,a)
6.0	4.0	0.666666667	(a,worksfor,b) <= (j,atlocation,b), (f,organizationhiredperson,j), (a,worksfor,f)
3.0	2.0	0.666666667	(a,animalistypeofanimal,b) <= (h,animalistypeofanimal,a), (a,animalpreyson,b), (b,arthropodcalledarthropod,h)
3.0	2.0	0.666666667	(a,citylocatedincountry,b) <= (e,citycapitalofcountry,j), (e,citylocatedincountry,b), (j,mutualproxyfor,a)
3.0	2.0	0.666666667	(a,proxyfor,b) <= (a,cityalsoknownas,h), (b,mutualproxyfor,a), (h,proxyfor,b)
6.0	4.0	0.666666667	(a,mutualproxyfor,b) <= (e,organizationheadquarteredincity,b), (j,subpartof,a), (e,televisionstationincity,j)
6.0	4.0	0.666666667	(a,televisionstationincity,b) <= (i,atlocation,b), (i,personleadsorganization,f), (a,televisionstationincity,f)
3.0	2.0	0.666666667	(a,worksfor,b) <= (b,companyalsoknownas,f), (i,organizationterminatedperson,a), (i,synonymfor,f)
3.0	2.0	0.666666667	(a,worksfor,b) <= (b,companyalsoknownas,f), (j,synonymfor,f), (a,worksfor,j)
3.0	2.0	0.666666667	(a,proxyfor,b) <= (h,cityalsoknownas,a), (a,cityalsoknownas,h), (b,mutualproxyfor,a)
6.0	4.0	0.666666667	(a,arthropodcalledarthropod,b) <= (b,animalsuchasinsect,h), (h,arthropodandotherarthropod,a), (b,arthropodcalledarthropod,a)
18.0	12.0	0.666666667	(a,personleadsorganization,b) <= (h,subpartof,a), (a,worksfor,b), (a,worksfor,h)
3.0	2.0	0.666666667	(a,subpartof,b) <= (h,agentcollaborateswithagent,a), (b,mutualproxyfor,a), (a,subpartof,h)
6.0	4.0	0.666666667	(a,arthropodcalledarthropod,b) <= (b,agentcompeteswithagent,h), (b,arthropodcalledarthropod,a), (b,arthropodcalledarthropod,h)
3.0	2.0	0.666666667	(a,athleteplaysforteam,b) <= (b,agentcollaborateswithagent,a), (a,athleteplaysforteam,h), (a,personbelongstoorganization,h)
3.0	2.0	0.666666667	(a,subpartof,b) <= (a,agentbelongstoorganization,h), (b,agentcompeteswithagent,a), (a,subpartof,h)
3.0	2.0	0.666666667	(a,agentcollaborateswithagent,b) <= (j,agentcollaborateswithagent,b), (a,agentcollaborateswithagent,f), (f,personleadsgeopoliticalorganization,j)
12.0	8.0	0.666666667	(a,worksfor,b) <= (a,proxyfor,f), (i,subpartof,f), (i,worksfor,b)
3.0	2.0	0.666666667	(a,proxyfor,b) <= (b,agentcollaborateswithagent,h), (b,mutualproxyfor,h), (a,subpartof,b)
3.0	2.0	0.666666667	(a,teamplaysagainstteam,b) <= (b,agentcompeteswithagent,h), (b,teamalsoknownas,a), (h,teamplaysagainstteam,a)
3.0	2.0	0.666666667	(a,arthropodcalledarthropod,b) <= (a,animalpreyson,b), (h,arthropodandotherarthropod,b), (a,arthropodcalledarthropod,h)
3.0	2.0	0.666666667	(a,agentcollaborateswithagent,b) <= (a,agentcontrols,b), (h,hasspouse,b), (b,hasspouse,h)
3.0	2.0	0.666666667	(a,mutualproxyfor,b) <= (b,agentbelongstoorganization,f), (i,teamplaysincity,a), (i,teamplaysincity,f)
3.0	2.0	0.666666667	(a,teamalsoknownas,b) <= (a,agentcompeteswithagent,h), (h,teamalsoknownas,b), (b,teamplaysagainstteam,a)
3.0	2.0	0.666666667	(a,teamalsoknownas,b) <= (b,agentcompeteswithagent,h), (h,teamalsoknownas,a), (b,teamplaysagainstteam,a)
3.0	2.0	0.666666667	(a,subpartof,b) <= (a,agentactsinlocation,h), (a,locationlocatedwithinlocation,b), (h,locationlocatedwithinlocation,b)
9.0	6.0	0.666666667	(a,worksfor,b) <= (a,ceoof,b), (b,mutualproxyfor,h), (h,worksfor,b)
3.0	2.0	0.666666667	(a,teamalsoknownas,b) <= (g,agentcompeteswithagent,b), (g,teamalsoknownas,a), (b,teamplaysagainstteam,a)
3.0	2.0	0.666666667	(a,teamalsoknownas,b) <= (g,agentcompeteswithagent,a), (g,teamalsoknownas,b), (b,teamplaysagainstteam,a)
3.0	2.0	0.666666667	(a,proxyfor,b) <= (f,ceoof,j), (b,organizationhiredperson,f), (a,proxyfor,j)
3.0	2.0	0.666666667	(a,mutualproxyfor,b) <= (b,agentbelongstoorganization,f), (i,airportincity,a), (i,airportincity,f)
3.0	2.0	0.666666667	(a,mutualproxyfor,b) <= (f,agentcontrols,j), (j,organizationterminatedperson,b), (a,organizationterminatedperson,f)
3.0	2.0	0.666666667	(a,mutualproxyfor,b) <= (b,agentbelongstoorganization,f), (i,organizationheadquarteredincity,a), (i,organizationheadquarteredincity,f)
3.0	2.0	0.666666667	(a,teamplaysagainstteam,b) <= (h,agentcompeteswithagent,a), (b,teamalsoknownas,a), (b,teamplaysagainstteam,h)
3.0	2.0	0.666666667	(a,proxyfor,b) <= (a,citylocatedingeopoliticallocation,h), (h,mutualproxyfor,a), (a,subpartof,b)
3.0	2.0	0.666666667	(a,arthropodcalledarthropod,b) <= (f,animalsuchasinsect,b), (b,animalthatfeedoninsect,f), (a,arthropodcalledarthropod,f)
3.0	2.0	0.666666667	(a,proxyfor,b) <= (h,organizationterminatedperson,a), (a,subpartof,b), (a,topmemberoforganization,h)
3.0	2.0	0.666666667	(a,organizationheadquarteredincity,b) <= (i,automobilemakerdealersincity,f), (i,organizationheadquarteredincity,b), (a,radiostationincity,f)
3.0	2.0	0.666666667	(a,proxyfor,b) <= (a,atlocation,h), (h,locationlocatedwithinlocation,a), (a,subpartof,b)
3.0	2.0	0.666666667	(a,teamplaysagainstteam,b) <= (b,agentcompeteswithagent,h), (b,teamalsoknownas,a), (a,teamplaysagainstteam,h)
3.0	2.0	0.666666667	(a,mutualproxyfor,b) <= (b,agentbelongstoorganization,f), (i,hotelincity,a), (i,hotelincity,f)
9.0	6.0	0.666666667	(a,arthropodcalledarthropod,b) <= (a,animalpreyson,b), (a,arthropodcalledarthropod,h), (b,arthropodcalledarthropod,h)
3.0	2.0	0.666666667	(a,teamalsoknownas,b) <= (a,agentcompeteswithagent,h), (h,teamalsoknownas,b), (a,teamplaysagainstteam,b)
3.0	2.0	0.666666667	(a,subpartof,b) <= (a,locationlocatedwithinlocation,b), (a,mutualproxyfor,h), (h,personhasresidenceingeopoliticallocation,a)
6.0	4.0	0.666666667	(a,agentcollaborateswithagent,b) <= (e,agentcollaborateswithagent,b), (j,organizationterminatedperson,a), (e,topmemberoforganization,j)
3.0	2.0	0.666666667	(a,animalsuchasinsect,b) <= (b,animalsuchasinsect,h), (a,animalthatfeedoninsect,b), (a,arthropodcalledarthropod,h)
6.0	4.0	0.666666667	(a,organizationheadquarteredincity,b) <= (i,headquarteredin,b), (a,headquarteredin,f), (i,televisionstationincity,f)
3.0	2.0	0.666666667	(a,teamalsoknownas,b) <= (b,agentcompeteswithagent,h), (b,teamalsoknownas,a), (h,teamalsoknownas,b)
3.0	2.0	0.666666667	(a,agentactsinlocation,b) <= (a,agentactsinlocation,f), (i,personborninlocation,f), (i,personhasresidenceingeopoliticallocation,b)
3.0	2.0	0.666666667	(a,buildinglocatedincity,b) <= (i,agentactsinlocation,a), (i,agentactsinlocation,e), (e,attractionofcity,b)
3.0	2.0	0.666666667	(a,animalsuchasinsect,b) <= (g,animalistypeofanimal,b), (g,animalsuchasinsect,a), (a,animalthatfeedoninsect,b)
3.0	2.0	0.666666667	(a,subpartof,b) <= (a,proxyfor,b), (a,topmemberoforganization,h), (a,worksfor,h)
3.0	2.0	0.666666667	(a,arthropodcalledarthropod,b) <= (a,animalpreyson,b), (b,animalsuchasinvertebrate,h), (b,arthropodcalledarthropod,h)
6.0	4.0	0.666666667	(a,buildinglocatedincity,b) <= (a,buildinglocatedincity,j), (b,mutualproxyfor,f), (f,worksfor,j)
3.0	2.0	0.666666667	(a,ceoof,b) <= (g,ceoof,b), (a,personleadsorganization,b), (g,proxyfor,b)
3.0	2.0	0.666666667	(a,proxyfor,b) <= (a,ceoof,b), (h,mutualproxyfor,a), (a,proxyfor,h)
3.0	2.0	0.666666667	(a,topmemberoforganization,b) <= (a,ceoof,f), (i,organizationacronymhasname,b), (i,organizationacronymhasname,f)
3.0	2.0	0.666666667	(a,specializationof,b) <= (a,animalpreyson,h), (a,animalsuchasfish,b), (a,specializationof,h)
6.0	4.0	0.666666667	(a,teamalsoknownas,b) <= (g,agentcompeteswithagent,b), (b,teamalsoknownas,a), (g,teamalsoknownas,a)
3.0	2.0	0.666666667	(a,organizationheadquarteredinstateorprovince,b) <= (e,agentcompeteswithagent,j), (e,organizationheadquarteredinstateorprovince,b), (j,teamalsoknownas,a)
3.0	2.0	0.666666667	(a,mutualproxyfor,b) <= (b,agentbelongstoorganization,f), (i,stadiumlocatedincity,a), (i,stadiumlocatedincity,f)
3.0	2.0	0.666666667	(a,teamalsoknownas,b) <= (g,agentcompeteswithagent,b), (b,teamalsoknownas,a), (g,teamalsoknownas,b)
3.0	2.0	0.666666667	(a,teamalsoknownas,b) <= (g,agentcompeteswithagent,a), (b,teamalsoknownas,a), (g,teamplaysagainstteam,b)
3.0	2.0	0.666666667	(a,worksfor,b) <= (i,organizationterminatedperson,e), (e,proxyfor,b), (i,subpartof,a)
3.0	2.0	0.666666667	(a,worksfor,b) <= (g,agentcompeteswithagent,b), (b,organizationhiredperson,a), (g,teamalsoknownas,b)
3.0	2.0	0.666666667	(a,proxyfor,b) <= (a,atlocation,h), (b,stateorprovinceisborderedbystateorprovince,h), (a,subpartof,b)
21.0	14.0	0.666666667	(a,topmemberoforganization,b) <= (a,ceoof,f), (f,mutualproxyfor,j), (j,topmemberoforganization,b)
3.0	2.0	0.666666667	(a,teamplaysagainstteam,b) <= (f,agentcollaborateswithagent,j), (j,athleteledsportsteam,a), (b,teamalsoknownas,f)
21.0	14.0	0.666666667	(a,countryalsoknownas,b) <= (b,countryalsoknownas,a), (a,countrylocatedingeopoliticallocation,h), (b,locationlocatedwithinlocation,h)
3.0	2.0	0.666666667	(a,arthropodcalledarthropod,b) <= (g,animalsuchasinvertebrate,a), (a,arthropodandotherarthropod,b), (g,arthropodcalledarthropod,b)
6.0	4.0	0.666666667	(a,worksfor,b) <= (h,mutualproxyfor,a), (a,personleadsorganization,h), (a,proxyfor,b)
3.0	2.0	0.666666667	(a,awardtrophytournamentisthechampionshipgameofthenationalsport,b) <= (e,athleteledsportsteam,j), (e,athletewinsawardtrophytournament,a), (j,teamplayssport,b)
3.0	2.0	0.666666667	(a,companyalsoknownas,b) <= (j,agentbelongstoorganization,a), (e,agentcollaborateswithagent,j), (e,companyalsoknownas,b)
3.0	2.0	0.666666667	(a,mutualproxyfor,b) <= (b,ceoof,f), (i,mutualproxyfor,a), (i,personleadsorganization,f)
3.0	2.0	0.666666667	(a,specializationof,b) <= (i,animalsuchasfish,b), (a,specializationof,f), (i,specializationof,f)
3.0	2.0	0.666666667	(a,agentinvolvedwithitem,b) <= (f,agentinvolvedwithitem,b), (a,organizationalsoknownas,f)
3.0	2.0	0.666666667	(a,agentcollaborateswithagent,b) <= (a,agentcollaborateswithagent,h), (h,mutualproxyfor,a), (a,subpartof,b)
3.0	2.0	0.666666667	(a,worksfor,b) <= (g,cityalsoknownas,b), (b,organizationhiredperson,a), (g,organizationhiredperson,a)
3.0	2.0	0.666666667	(a,specializationof,b) <= (a,animalpreyson,f), (i,animalsuchasfish,b), (i,specializationof,f)
12.0	8.0	0.666666667	(a,agentcollaborateswithagent,b) <= (j,agentcollaborateswithagent,b), (f,ceoof,j), (a,organizationterminatedperson,f)
3.0	2.0	0.666666667	(a,companyalsoknownas,b) <= (j,ceoof,a), (e,companyalsoknownas,b), (e,mutualproxyfor,j)
3.0	2.0	0.666666667	(a,countrylocatedingeopoliticallocation,b) <= (f,locationlocatedwithinlocation,j), (j,statelocatedincountry,a), (b,statelocatedingeopoliticallocation,f)
3.0	2.0	0.666666667	(a,proxyfor,b) <= (a,citylocatedincountry,b), (a,organizationhiredperson,h), (h,worksfor,a)
3.0	2.0	0.666666667	(a,countrylocatedingeopoliticallocation,b) <= (j,countryalsoknownas,a), (f,locationlocatedwithinlocation,j), (b,statelocatedingeopoliticallocation,f)
15.0	10.0	0.666666667	(a,proxyfor,b) <= (b,mutualproxyfor,f), (a,proxyfor,j), (f,worksfor,j)
3.0	2.0	0.666666667	(a,worksfor,b) <= (j,mutualproxyfor,a), (e,personhasresidenceingeopoliticallocation,j), (e,worksfor,b)
21.0	14.0	0.666666667	(a,mutualproxyfor,b) <= (b,ceoof,f), (f,mutualproxyfor,j), (j,topmemberoforganization,a)
3.0	2.0	0.666666667	(a,locationlocatedwithinlocation,b) <= (e,locationlocatedwithinlocation,b), (i,personhasresidenceingeopoliticallocation,a), (i,worksfor,e)
9.0	6.0	0.666666667	(a,worksfor,b) <= (j,organizationhiredperson,a), (e,proxyfor,j), (e,worksfor,b)
3.0	2.0	0.666666667	(a,hasofficeincity,b) <= (a,hasofficeincity,f), (i,personhasresidenceingeopoliticallocation,b), (i,worksfor,f)
9.0	6.0	0.666666667	(a,proxyfor,b) <= (f,agentactsinlocation,b), (f,atdate,a), (b,atlocation,f)
3.0	2.0	0.666666667	(a,proxyfor,b) <= (a,citycapitalofcountry,j), (b,organizationterminatedperson,f), (j,organizationterminatedperson,f)
3.0	2.0	0.666666667	(a,teamalsoknownas,b) <= (h,agentcompeteswithagent,b), (a,agentcompeteswithagent,h), (a,teamplaysagainstteam,b)
3.0	2.0	0.666666667	(a,countrylocatedingeopoliticallocation,b) <= (j,countryalsoknownas,a), (e,countrylocatedingeopoliticallocation,b), (e,locationlocatedwithinlocation,j)
3.0	2.0	0.666666667	(a,worksfor,b) <= (g,agentcompeteswithagent,b), (b,organizationhiredperson,a), (g,synonymfor,b)
3.0	2.0	0.666666667	(a,ceoof,b) <= (a,ceoof,h), (h,mutualproxyfor,a), (a,proxyfor,b)
3.0	2.0	0.666666667	(a,teamalsoknownas,b) <= (b,agentcompeteswithagent,h), (h,teamalsoknownas,a), (a,teamplaysagainstteam,b)
9.0	6.0	0.666666667	(a,arthropodcalledarthropod,b) <= (a,animalpreyson,b), (h,arthropodcalledarthropod,b), (a,arthropodcalledarthropod,h)
3.0	2.0	0.666666667	(a,countryalsoknownas,b) <= (g,automobilemakerdealersincountry,a), (b,countryalsoknownas,a), (g,hasofficeincountry,a)
3.0	2.0	0.666666667	(a,teamalsoknownas,b) <= (g,agentcompeteswithagent,b), (g,teamalsoknownas,a), (a,teamplaysagainstteam,b)
3.0	2.0	0.666666667	(a,teamplaysagainstteam,b) <= (a,agentcompeteswithagent,h), (b,teamalsoknownas,a), (b,teamplaysagainstteam,h)
3.0	2.0	0.666666667	(a,teamalsoknownas,b) <= (g,agentcompeteswithagent,a), (g,teamalsoknownas,b), (a,teamplaysagainstteam,b)
3.0	2.0	0.666666667	(a,worksfor,b) <= (e,agentcompeteswithagent,b), (i,organizationhiredperson,a), (e,synonymfor,i)
3.0	2.0	0.666666667	(a,teamplaysagainstteam,b) <= (a,organizationheadquarteredinstateorprovince,h), (b,organizationheadquarteredinstateorprovince,h), (b,teamalsoknownas,a)
3.0	2.0	0.666666667	(a,worksfor,b) <= (i,agentcollaborateswithagent,a), (e,personleadsorganization,b), (i,subpartof,e)
3.0	2.0	0.666666667	(a,topmemberoforganization,b) <= (j,mutualproxyfor,a), (e,proxyfor,j), (e,topmemberoforganization,b)
6.0	4.0	0.666666667	(a,teamplaysagainstteam,b) <= (f,subpartoforganization,a), (f,subpartoforganization,b), (b,teamplaysinleague,f)
9.0	6.0	0.666666667	(a,agentcollaborateswithagent,b) <= (a,agentcollaborateswithagent,h), (a,mutualproxyfor,b), (h,worksfor,a)
3.0	2.0	0.666666667	(a,organizationheadquarteredincity,b) <= (i,automobilemakerdealersincity,b), (i,organizationheadquarteredincity,f), (a,radiostationincity,f)
3.0	2.0	0.666666667	(a,topmemberoforganization,b) <= (i,companyalsoknownas,f), (i,synonymfor,b), (a,topmemberoforganization,f)
3.0	2.0	0.666666667	(a,organizationheadquarteredinstateorprovince,b) <= (i,agentcompeteswithagent,a), (e,organizationheadquarteredinstateorprovince,b), (i,teamalsoknownas,e)
12.0	8.0	0.666666667	(a,agentactsinlocation,b) <= (a,agentactsinlocation,f), (i,buildinglocatedincity,b), (i,locationlocatedwithinlocation,f)
3.0	2.0	0.666666667	(a,organizationheadquarteredinstateorprovince,b) <= (i,citylocatedincountry,e), (e,organizationheadquarteredinstateorprovince,b), (i,proxyfor,a)
3.0	2.0	0.666666667	(a,proxyfor,b) <= (a,citylocatedinstate,h), (a,proxyfor,h), (a,subpartof,b)
3.0	2.0	0.666666667	(a,buildinglocatedincity,b) <= (a,airportincity,b), (g,automobilemakerdealersincity,b), (g,organizationheadquarteredincity,b)
6.0	4.0	0.666666667	(a,teamalsoknownas,b) <= (b,agentcompeteswithagent,h), (b,teamalsoknownas,a), (h,teamalsoknownas,a)
3.0	2.0	0.666666667	(a,teamalsoknownas,b) <= (b,agentcompeteswithagent,h), (b,teamalsoknownas,a), (h,teamplaysagainstteam,a)
3.0	2.0	0.666666667	(a,mutualproxyfor,b) <= (i,agentbelongstoorganization,f), (a,atlocation,f), (i,istallerthan,b)
3.0	2.0	0.666666667	(a,organizationheadquarteredincity,b) <= (b,agentcompeteswithagent,a), (g,headquarteredin,b), (g,organizationheadquarteredincity,b)
3.0	2.0	0.666666667	(a,topmemberoforganization,b) <= (i,agentcollaborateswithagent,f), (a,proxyfor,f), (i,topmemberoforganization,b)
3.0	2.0	0.666666667	(a,teamhomestadium,b) <= (j,athleteplaysforteam,a), (e,organizationhiredperson,j), (e,teamhomestadium,b)
3.0	2.0	0.666666667	(a,agentactsinlocation,b) <= (a,agentactsinlocation,f), (f,mutualproxyfor,j), (j,worksfor,b)
3.0	2.0	0.666666667	(a,mutualproxyfor,b) <= (i,agentbelongstoorganization,f), (i,istallerthan,b), (a,mutualproxyfor,f)
3.0	2.0	0.666666667	(a,subpartof,b) <= (a,agentcollaborateswithagent,b), (b,mutualproxyfor,h), (h,subpartof,b)
3.0	2.0	0.666666667	(a,subpartoforganization,b) <= (a,organizationterminatedperson,f), (f,personbelongstoorganization,j), (j,subpartoforganization,b)
3.0	2.0	0.666666667	(a,teamplaysagainstteam,b) <= (b,agentbelongstoorganization,h), (h,agentcompeteswithagent,b), (b,teamplaysagainstteam,a)
3.0	2.0	0.666666667	(a,organizationalsoknownas,b) <= (j,companyalsoknownas,b), (a,organizationhiredperson,f), (f,personleadsorganization,j)
6.0	4.0	0.666666667	(a,organizationheadquarteredincity,b) <= (a,headquarteredin,f), (i,headquarteredin,f), (i,televisionstationincity,b)
9.0	6.0	0.666666667	(a,proxyfor,b) <= (a,citylocatedingeopoliticallocation,b), (g,citylocatedinstate,b), (g,mutualproxyfor,b)
3.0	2.0	0.666666667	(a,buildinglocatedincity,b) <= (a,buildinglocatedincity,f), (i,personhasresidenceingeopoliticallocation,f), (i,personleadsorganization,b)
3.0	2.0	0.666666667	(a,arthropodcalledarthropod,b) <= (a,agentcompeteswithagent,b), (a,arthropodandotherarthropod,h), (h,arthropodcalledarthropod,a)
3.0	2.0	0.666666667	(a,proxyfor,b) <= (a,citylocatedingeopoliticallocation,b), (h,mutualproxyfor,b), (b,proxyfor,h)
3.0	2.0	0.666666667	(a,teamhomestadium,b) <= (i,athleteplaysforteam,a), (e,teamhomestadium,b), (i,worksfor,e)
3.0	2.0	0.666666667	(a,teamplaysagainstteam,b) <= (h,organizationalsoknownas,b), (b,synonymfor,h), (b,teamplaysagainstteam,a)
3.0	2.0	0.666666667	(a,teamplaysagainstteam,b) <= (b,organizationalsoknownas,h), (b,synonymfor,h), (b,teamplaysagainstteam,a)
6.0	4.0	0.666666667	(a,teamplaysagainstteam,b) <= (b,organizationalsoknownas,h), (b,teamplaysagainstteam,a), (h,teamplaysagainstteam,a)
18.0	12.0	0.666666667	(a,subpartoforganization,b) <= (e,organizationterminatedperson,j), (e,subpartoforganization,b), (j,topmemberoforganization,a)
3.0	2.0	0.666666667	(a,arthropodcalledarthropod,b) <= (a,agentcompeteswithagent,b), (a,animalsuchasinvertebrate,h), (a,arthropodandotherarthropod,h)
3.0	2.0	0.666666667	(a,organizationheadquarteredincity,b) <= (e,headquarteredin,b), (i,personleadsorganization,a), (i,proxyfor,e)
6.0	4.0	0.666666667	(a,organizationalsoknownas,b) <= (i,companyalsoknownas,b), (i,organizationalsoknownas,f), (a,synonymfor,f)
3.0	2.0	0.666666667	(a,subpartoforganization,b) <= (j,ceoof,a), (e,organizationhiredperson,j), (e,subpartoforganization,b)
3.0	2.0	0.666666667	(a,agentcollaborateswithagent,b) <= (b,agentcollaborateswithagent,h), (b,mutualproxyfor,h), (a,subpartof,b)
3.0	2.0	0.666666667	(a,subpartof,b) <= (a,organizationacronymhasname,h), (a,proxyfor,b), (a,synonymfor,h)
3.0	2.0	0.666666667	(a,topmemberoforganization,b) <= (f,agentcollaborateswithagent,j), (j,ceoof,b), (a,subpartof,f)
6.0	4.0	0.666666667	(a,teamplaysagainstteam,b) <= (g,organizationalsoknownas,a), (b,teamplaysagainstteam,a), (g,teamplaysagainstteam,b)
6.0	4.0	0.666666667	(a,teamplaysagainstteam,b) <= (g,organizationalsoknownas,b), (b,teamplaysagainstteam,a), (g,teamplaysagainstteam,a)
3.0	2.0	0.666666667	(a,locationlocatedwithinlocation,b) <= (a,citylocatedingeopoliticallocation,b), (a,subpartof,b)
12.0	8.0	0.666666667	(a,ceoof,b) <= (g,ceoof,b), (b,subpartof,a), (g,topmemberoforganization,b)
3.0	2.0	0.666666667	(a,proxyfor,b) <= (a,citycapitalofcountry,b), (a,citylocatedincountry,h), (a,proxyfor,h)
12.0	8.0	0.666666667	(a,topmemberoforganization,b) <= (e,ceoof,j), (j,subpartof,a), (e,topmemberoforganization,b)
6.0	4.0	0.666666667	(a,companyalsoknownas,b) <= (j,companyalsoknownas,b), (a,organizationhiredperson,f), (f,worksfor,j)
3.0	2.0	0.666666667	(a,proxyfor,b) <= (g,ceoof,b), (a,personleadsorganization,b), (g,proxyfor,b)
3.0	2.0	0.666666667	(a,organizationheadquarteredincity,b) <= (b,agentcompeteswithagent,a), (b,atlocation,h), (b,mutualproxyfor,h)
3.0	2.0	0.666666667	(a,organizationheadquarteredincity,b) <= (b,agentcompeteswithagent,a), (b,mutualproxyfor,h), (h,subpartof,b)
3.0	2.0	0.666666667	(a,buildinglocatedincity,b) <= (a,airportincity,f), (i,automobilemakerdealersincity,f), (i,organizationheadquarteredincity,b)
3.0	2.0	0.666666667	(a,proxyfor,b) <= (a,citycapitalofcountry,b), (g,citylocatedincountry,b), (g,locationlocatedwithinlocation,b)
12.0	8.0	0.666666667	(a,worksfor,b) <= (b,agentcontrols,h), (a,personleadsorganization,b), (h,subpartof,b)
3.0	2.0	0.666666667	(a,buildinglocatedincity,b) <= (a,airportincity,f), (i,automobilemakerdealersincity,b), (i,organizationheadquarteredincity,f)
3.0	2.0	0.666666667	(a,organizationheadquarteredincity,b) <= (b,agentcompeteswithagent,a), (b,mutualproxyfor,h), (h,proxyfor,b)
3.0	2.0	0.666666667	(a,topmemberoforganization,b) <= (f,agentcollaborateswithagent,j), (a,subpartof,f), (j,topmemberoforganization,b)
6.0	4.0	0.666666667	(a,athleteplayssportsteamposition,b) <= (i,athleteledsportsteam,f), (i,athleteplayssportsteamposition,b), (a,subpartof,f)
6.0	4.0	0.666666667	(a,agentcontrols,b) <= (b,agentcontrols,f), (a,agentinvolvedwithitem,j), (f,automakerproducesmodel,j)
3.0	2.0	0.666666667	(a,statelocatedingeopoliticallocation,b) <= (i,personleadsgeopoliticalorganization,f), (a,statelocatedingeopoliticallocation,f), (i,worksfor,b)
9.0	6.0	0.666666667	(a,teamplaysagainstteam,b) <= (g,athleteledsportsteam,a), (g,athleteplaysforteam,b), (b,teamplaysagainstteam,a)
3.0	2.0	0.666666667	(a,agentcollaborateswithagent,b) <= (g,agentcollaborateswithagent,a), (g,mutualproxyfor,a), (a,subpartof,b)
3.0	2.0	0.666666667	(a,organizationheadquarteredincity,b) <= (b,agentcompeteswithagent,a), (g,mutualproxyfor,b), (g,subpartof,b)
6.0	4.0	0.666666667	(a,subpartoforganization,b) <= (j,agentcollaborateswithagent,a), (e,agentcontrols,j), (e,subpartoforganization,b)
12.0	8.0	0.666666667	(a,topmemberoforganization,b) <= (a,proxyfor,f), (i,subpartof,f), (i,topmemberoforganization,b)
3.0	2.0	0.666666667	(a,teamplaysagainstteam,b) <= (b,agentcompeteswithagent,h), (a,teamalsoknownas,b), (a,teamplaysagainstteam,h)
3.0	2.0	0.666666667	(a,teamalsoknownas,b) <= (a,agentcompeteswithagent,h), (b,teamalsoknownas,a), (h,teamplaysagainstteam,b)
57.0	38.0	0.666666667	(a,subpartof,b) <= (a,locationlocatedwithinlocation,b), (a,proxyfor,h), (a,subpartof,h)
3.0	2.0	0.666666667	(a,specializationof,b) <= (a,animalpreyson,h), (a,animalsuchasfish,b), (a,animalsuchasfish,h)
3.0	2.0	0.666666667	(a,teamalsoknownas,b) <= (a,agentcompeteswithagent,h), (b,teamalsoknownas,a), (b,teamplaysagainstteam,h)
9.0	6.0	0.666666667	(a,agentcollaborateswithagent,b) <= (a,agentcollaborateswithagent,h), (a,agentcontrols,b), (a,mutualproxyfor,h)
3.0	2.0	0.666666667	(a,proxyfor,b) <= (a,agentactsinlocation,b), (a,agentactsinlocation,h), (h,locationlocatedwithinlocation,a)
3.0	2.0	0.666666667	(a,teamalsoknownas,b) <= (b,agentcompeteswithagent,h), (b,teamalsoknownas,a), (a,teamplaysagainstteam,h)
3.0	2.0	0.666666667	(a,teamalsoknownas,b) <= (h,agentcompeteswithagent,a), (b,teamalsoknownas,a), (b,teamplaysagainstteam,h)
3.0	2.0	0.666666667	(a,animalsuchasinsect,b) <= (h,animalpreyson,a), (b,animalpreyson,h), (a,animalthatfeedoninsect,b)
6.0	4.0	0.666666667	(a,teamplaysagainstteam,b) <= (b,agentcollaborateswithagent,h), (h,personbelongstoorganization,b), (a,teamalsoknownas,b)
3.0	2.0	0.666666667	(a,specializationof,b) <= (h,animalpreyson,a), (a,animalsuchasfish,b), (a,specializationof,h)
3.0	2.0	0.666666667	(a,teamplaysagainstteam,b) <= (b,agentcompeteswithagent,h), (a,teamalsoknownas,b), (h,teamplaysagainstteam,a)
3.0	2.0	0.666666667	(a,ceoof,b) <= (h,acquired,b), (b,organizationterminatedperson,a), (b,subpartoforganization,h)
3.0	2.0	0.666666667	(a,countrylocatedingeopoliticallocation,b) <= (i,cityalsoknownas,f), (i,citylocatedincountry,a), (b,statelocatedingeopoliticallocation,f)
3.0	2.0	0.666666667	(a,teamplaysagainstteam,b) <= (h,agentcompeteswithagent,a), (a,teamalsoknownas,h), (b,teamplaysagainstteam,a)
3.0	2.0	0.666666667	(a,organizationheadquarteredinstateorprovince,b) <= (a,agentcompeteswithagent,f), (j,organizationheadquarteredinstateorprovince,b), (f,teamalsoknownas,j)
3.0	2.0	0.666666667	(a,worksfor,b) <= (g,hasofficeincity,b), (g,headquarteredin,b), (b,organizationhiredperson,a)
3.0	2.0	0.666666667	(a,animalistypeofanimal,b) <= (e,animalistypeofanimal,b), (i,animalthatfeedoninsect,e), (i,specializationof,a)
3.0	2.0	0.666666667	(a,teamplaysagainstteam,b) <= (g,agentcompeteswithagent,b), (a,teamalsoknownas,b), (g,teamplaysagainstteam,a)
3.0	2.0	0.666666667	(a,teamplaysagainstteam,b) <= (g,agentcompeteswithagent,a), (b,teamalsoknownas,a), (g,teamplaysagainstteam,b)
3.0	2.0	0.666666667	(a,countrylocatedingeopoliticallocation,b) <= (i,personhascitizenship,a), (b,statelocatedingeopoliticallocation,f), (i,worksfor,f)
6.0	4.0	0.666666667	(a,teamplaysagainstteam,b) <= (a,organizationhiredperson,h), (b,teamplaysagainstteam,a), (h,worksfor,b)
3.0	2.0	0.666666667	(a,buildinglocatedincity,b) <= (b,agentcollaborateswithagent,f), (i,agentcollaborateswithagent,f), (a,airportincity,i)
3.0	2.0	0.666666667	(a,proxyfor,b) <= (g,agentactsinlocation,a), (g,agentactsinlocation,b), (a,subpartof,b)
3.0	2.0	0.666666667	(a,agentactsinlocation,b) <= (f,agentcollaborateswithagent,j), (b,locationlocatedwithinlocation,f), (j,personborninlocation,a)
3.0	2.0	0.666666667	(a,subpartof,b) <= (g,locationlocatedwithinlocation,a), (g,mutualproxyfor,b), (a,proxyfor,b)
3.0	2.0	0.666666667	(a,subpartoforganization,b) <= (i,coachesteam,e), (i,personbelongstoorganization,a), (e,subpartoforganization,b)
6.0	4.0	0.666666667	(a,agentactsinlocation,b) <= (a,agentactsinlocation,j), (j,airportincity,f), (b,locationlocatedwithinlocation,f)
12.0	8.0	0.666666667	(a,buildinglocatedincity,b) <= (i,attractionofcity,b), (a,buildinglocatedincity,f), (i,locationlocatedwithinlocation,f)
6.0	4.0	0.666666667	(a,politicianusmemberofpoliticalgroup,b) <= (e,agentbelongstoorganization,b), (e,agentcontrols,i), (i,politicianusendorsedbypoliticianus,a)
3.0	2.0	0.666666667	(a,teamplaysagainstteam,b) <= (h,agentcompeteswithagent,b), (a,teamalsoknownas,b), (a,teamplaysagainstteam,h)
3.0	2.0	0.666666667	(a,mutualproxyfor,b) <= (b,cityalsoknownas,f), (f,locationlocatedwithinlocation,a), (f,proxyfor,a)
15.0	10.0	0.666666667	(a,worksfor,b) <= (a,personleadsorganization,b), (g,proxyfor,b), (g,worksfor,b)
18.0	12.0	0.666666667	(a,statelocatedingeopoliticallocation,b) <= (i,statelocatedingeopoliticallocation,b), (a,statelocatedingeopoliticallocation,f), (i,subpartof,f)
6.0	4.0	0.666666667	(a,teamplaysagainstteam,b) <= (b,organizationhiredperson,h), (b,teamplaysagainstteam,a), (h,worksfor,a)
6.0	4.0	0.666666667	(a,countrylocatedingeopoliticallocation,b) <= (a,countryalsoknownas,f), (i,personleadsorganization,f), (i,politicianrepresentslocation,b)
3.0	2.0	0.666666667	(a,companyalsoknownas,b) <= (i,agentcollaborateswithagent,f), (i,companyalsoknownas,b), (a,mutualproxyfor,f)
3.0	2.0	0.666666667	(a,proxyfor,b) <= (g,automobilemakercardealersinstateorprovince,b), (g,automobilemakerdealersincity,a), (a,subpartof,b)
3.0	2.0	0.666666667	(a,atlocation,b) <= (a,agentactsinlocation,b), (b,atlocation,a)
39.0	26.0	0.666666667	(a,teamplaysagainstteam,b) <= (h,subpartoforganization,a), (b,teamplaysagainstteam,a), (b,teamplaysinleague,h)
3.0	2.0	0.666666667	(a,topmemberoforganization,b) <= (a,agentcontrols,f), (i,ceoof,b), (i,subpartof,f)
3.0	2.0	0.666666667	(a,subpartoforganization,b) <= (j,mutualproxyfor,a), (e,statehascapital,j), (e,subpartoforganization,b)
3.0	2.0	0.666666667	(a,mutualproxyfor,b) <= (i,cityliesonriver,f), (i,mutualproxyfor,b), (a,subpartof,f)
3.0	2.0	0.666666667	(a,teamplaysagainstteam,b) <= (a,agentcompeteswithagent,h), (a,teamalsoknownas,b), (b,teamplaysagainstteam,h)
3.0	2.0	0.666666667	(a,worksfor,b) <= (j,mutualproxyfor,a), (e,personleadsgeopoliticalorganization,b), (e,worksfor,j)
3.0	2.0	0.666666667	(a,arthropodcalledarthropod,b) <= (h,animalsuchasinsect,b), (a,arthropodandotherarthropod,b), (a,arthropodcalledarthropod,h)
9.0	6.0	0.666666667	(a,topmemberoforganization,b) <= (i,agentcollaborateswithagent,e), (i,mutualproxyfor,a), (e,topmemberoforganization,b)
6.0	4.0	0.666666667	(a,personleadsorganization,b) <= (b,organizationterminatedperson,a), (h,organizationterminatedperson,a), (a,proxyfor,h)
3.0	2.0	0.666666667	(a,agentcontrols,b) <= (a,agentcontrols,f), (i,ceoof,b), (i,worksfor,f)
3.0	2.0	0.666666667	(a,worksfor,b) <= (g,personhasresidenceingeopoliticallocation,b), (a,personleadsgeopoliticalorganization,b), (g,worksfor,b)
6.0	4.0	0.666666667	(a,agentcollaborateswithagent,b) <= (j,agentcollaborateswithagent,a), (b,agentcollaborateswithagent,f), (f,mutualproxyfor,j)
3.0	2.0	0.666666667	(a,organizationhiredperson,b) <= (g,organizationhiredperson,b), (g,organizationterminatedperson,b), (b,personbelongstoorganization,a)
6.0	4.0	0.666666667	(a,teamplayssport,b) <= (i,athleteledsportsteam,a), (i,athletewinsawardtrophytournament,e), (e,awardtrophytournamentisthechampionshipgameofthenationalsport,b)
3.0	2.0	0.666666667	(a,citylocatedincountry,b) <= (a,citycapitalofcountry,b), (g,citylocatedincountry,b), (g,locationlocatedwithinlocation,b)
3.0	2.0	0.666666667	(a,countrylocatedingeopoliticallocation,b) <= (j,statelocatedincountry,a), (b,statelocatedingeopoliticallocation,f), (f,stateorprovinceisborderedbystateorprovince,j)
3.0	2.0	0.666666667	(a,statelocatedincountry,b) <= (j,atlocation,a), (e,citylocatedincountry,b), (e,synonymfor,j)
6.0	4.0	0.666666667	(a,topmemberoforganization,b) <= (j,agentcollaborateswithagent,f), (b,agentcontrols,f), (a,topmemberoforganization,j)
3.0	2.0	0.666666667	(a,agentcontrols,b) <= (a,agentbelongstoorganization,b), (a,agentbelongstoorganization,h), (a,proxyfor,h)
3.0	2.0	0.666666667	(a,ceoof,b) <= (a,ceoof,h), (b,mutualproxyfor,a), (a,proxyfor,h)
3.0	2.0	0.666666667	(a,mutualproxyfor,b) <= (i,citylocatedincountry,e), (i,locationlocatedwithinlocation,a), (e,mutualproxyfor,b)
3.0	2.0	0.666666667	(a,hasofficeincity,b) <= (i,agentcontrols,f), (a,newspaperincity,f), (i,organizationheadquarteredincity,b)
12.0	8.0	0.666666667	(a,companyalsoknownas,b) <= (j,companyalsoknownas,b), (a,organizationterminatedperson,f), (f,personleadsorganization,j)
3.0	2.0	0.666666667	(a,agentparticipatedinevent,b) <= (e,agentparticipatedinevent,b), (j,istallerthan,a), (e,synonymfor,j)
3.0	2.0	0.666666667	(a,agentparticipatedinevent,b) <= (j,agentcompeteswithagent,a), (e,agentparticipatedinevent,b), (e,synonymfor,j)
6.0	4.0	0.666666667	(a,languageofcountry,b) <= (a,languageofcountry,j), (b,organizationhiredperson,f), (f,personbelongstoorganization,j)
15.0	10.0	0.666666667	(a,countrylocatedingeopoliticallocation,b) <= (i,citycapitalofcountry,a), (i,citycapitalofcountry,e), (e,locationlocatedwithinlocation,b)
3.0	2.0	0.666666667	(a,statelocatedincountry,b) <= (e,citylocatedincountry,b), (e,citylocatedinstate,a), (e,proxyfor,a)
3.0	2.0	0.666666667	(a,hasofficeincity,b) <= (i,agentcontrols,f), (i,headquarteredin,b), (a,newspaperincity,f)
3.0	2.0	0.666666667	(a,ceoof,b) <= (j,mutualproxyfor,a), (f,mutualproxyfor,j), (b,organizationterminatedperson,f)
3.0	2.0	0.666666667	(a,subpartof,b) <= (b,agentcollaborateswithagent,a), (b,atlocation,h), (h,proxyfor,b)
3.0	2.0	0.666666667	(a,worksfor,b) <= (a,personhasresidenceingeopoliticallocation,b), (a,personhasresidenceingeopoliticallocation,h), (a,personleadsgeopoliticalorganization,h)
3.0	2.0	0.666666667	(a,citylocatedincountry,b) <= (a,citycapitalofcountry,b), (g,hasofficeincountry,b), (g,headquarteredin,a)
6.0	4.0	0.666666667	(a,worksfor,b) <= (h,organizationhiredperson,a), (a,personhasresidenceingeopoliticallocation,b), (a,worksfor,h)
3.0	2.0	0.666666667	(a,organizationhiredperson,b) <= (b,personbelongstoorganization,a), (g,personhasresidenceingeopoliticallocation,a), (g,personleadsorganization,a)
3.0	2.0	0.666666667	(a,teamplayssport,b) <= (i,athletebeatathlete,e), (e,athleteledsportsteam,a), (i,athleteplayssport,b)
3.0	2.0	0.666666667	(a,worksfor,b) <= (a,personhasresidenceingeopoliticallocation,f), (i,personleadsgeopoliticalorganization,f), (i,worksfor,b)
3.0	2.0	0.666666667	(a,worksfor,b) <= (b,agentbelongstoorganization,h), (b,organizationhiredperson,a), (b,subpartof,h)
3.0	2.0	0.666666667	(a,citylocatedincountry,b) <= (g,citycapitalofcountry,b), (g,citylocatedincountry,b), (b,mutualproxyfor,a)
3.0	2.0	0.666666667	(a,languageofcountry,b) <= (i,citycapitalofcountry,b), (i,citylocatedingeopoliticallocation,f), (a,languageofcountry,f)
6.0	4.0	0.666666667	(a,arthropodcalledarthropod,b) <= (b,agentcompeteswithagent,a), (b,arthropodcalledarthropod,a)
6.0	4.0	0.666666667	(a,arthropodcalledarthropod,b) <= (a,agentcompeteswithagent,b), (b,arthropodcalledarthropod,a)
6.0	4.0	0.666666667	(a,teamalsoknownas,b) <= (i,personbelongstoorganization,a), (i,subpartof,e), (e,teamalsoknownas,b)
3.0	2.0	0.666666667	(a,agentcollaborateswithagent,b) <= (g,agentcollaborateswithagent,b), (g,mutualproxyfor,b), (b,subpartof,a)
3.0	2.0	0.666666667	(a,agentparticipatedinevent,b) <= (e,agentparticipatedinevent,b), (i,personleadsorganization,a), (i,proxyfor,e)
3.0	2.0	0.666666667	(a,mutualproxyfor,b) <= (e,agentcollaborateswithagent,j), (j,ceoof,a), (e,mutualproxyfor,b)
24.0	16.0	0.666666667	(a,subpartof,b) <= (f,mutualproxyfor,j), (a,subpartof,j), (b,topmemberoforganization,f)
3.0	2.0	0.666666667	(a,locationlocatedwithinlocation,b) <= (a,locationlocatedwithinlocation,h), (a,mutualproxyfor,b), (h,proxyfor,b)
6.0	4.0	0.666666667	(a,teamalsoknownas,b) <= (i,athleteledsportsteam,e), (i,subpartof,a), (e,teamalsoknownas,b)
6.0	4.0	0.666666667	(a,teamalsoknownas,b) <= (i,athleteplaysforteam,e), (i,subpartof,a), (e,teamalsoknownas,b)
3.0	2.0	0.666666667	(a,countrycurrency,b) <= (e,countrycurrency,b), (i,personhasresidenceingeopoliticallocation,a), (i,personleadsorganization,e)
3.0	2.0	0.666666667	(a,mutualproxyfor,b) <= (e,ceoof,j), (e,mutualproxyfor,b), (j,organizationterminatedperson,a)
3.0	2.0	0.666666667	(a,subpartoforganization,b) <= (e,agentbelongstoorganization,b), (i,personbelongstoorganization,a), (i,worksfor,e)
3.0	2.0	0.666666667	(a,locationlocatedwithinlocation,b) <= (i,organizationheadquarteredincity,a), (i,radiostationincity,e), (e,subpartof,b)
3.0	2.0	0.666666667	(a,citylocatedincountry,b) <= (a,citycapitalofcountry,b), (h,citylocatedincountry,b), (b,mutualproxyfor,h)
3.0	2.0	0.666666667	(a,arthropodcalledarthropod,b) <= (b,agentcompeteswithagent,a), (b,animalsuchasinvertebrate,h), (b,arthropodcalledarthropod,h)
3.0	2.0	0.666666667	(a,worksfor,b) <= (a,personhasresidenceingeopoliticallocation,b), (a,personleadsgeopoliticalorganization,h), (a,worksfor,h)
3.0	2.0	0.666666667	(a,worksfor,b) <= (f,agentcollaborateswithagent,j), (j,ceoof,b), (a,subpartof,f)
9.0	6.0	0.666666667	(a,organizationhiredperson,b) <= (a,hasofficeincountry,h), (a,organizationheadquarteredincountry,h), (b,topmemberoforganization,a)
3.0	2.0	0.666666667	(a,organizationheadquarteredincity,b) <= (f,acquired,j), (a,agentcontrols,f), (j,organizationheadquarteredincity,b)
6.0	4.0	0.666666667	(a,countrylocatedingeopoliticallocation,b) <= (f,citylocatedingeopoliticallocation,j), (a,countryalsoknownas,j), (b,statelocatedingeopoliticallocation,f)
6.0	4.0	0.666666667	(a,teamplaysagainstteam,b) <= (f,agentcollaborateswithagent,j), (j,personbelongstoorganization,b), (a,teamalsoknownas,f)
3.0	2.0	0.666666667	(a,countrylocatedingeopoliticallocation,b) <= (f,citylocatedingeopoliticallocation,j), (j,countryalsoknownas,a), (b,statelocatedingeopoliticallocation,f)
3.0	2.0	0.666666667	(a,worksfor,b) <= (f,ceoof,j), (b,organizationhiredperson,f), (a,proxyfor,j)
3.0	2.0	0.666666667	(a,personleadsorganization,b) <= (b,companyalsoknownas,h), (b,organizationterminatedperson,a), (a,topmemberoforganization,h)
9.0	6.0	0.666666667	(a,agentactsinlocation,b) <= (j,agentactsinlocation,b), (a,agentcontrols,f), (f,competeswith,j)
3.0	2.0	0.666666667	(a,subpartoforganization,b) <= (i,acquired,f), (i,agentbelongstoorganization,b), (a,agentcollaborateswithagent,f)
3.0	2.0	0.666666667	(a,worksfor,b) <= (b,organizationhiredperson,f), (j,organizationterminatedperson,a), (f,proxyfor,j)
3.0	2.0	0.666666667	(a,countrylocatedingeopoliticallocation,b) <= (e,locationlocatedwithinlocation,b), (i,organizationheadquarteredincountry,a), (i,organizationheadquarteredincountry,e)
3.0	2.0	0.666666667	(a,agentcollaborateswithagent,b) <= (a,agentcollaborateswithagent,h), (a,mutualproxyfor,h), (b,subpartof,a)
3.0	2.0	0.666666667	(a,organizationheadquarteredincity,b) <= (f,acquired,j), (a,agentcontrols,f), (j,headquarteredin,b)
9.0	6.0	0.666666667	(a,agentcontrols,b) <= (j,agentcontrols,f), (a,agentcontrols,j), (b,proxyfor,f)
6.0	4.0	0.666666667	(a,agentcollaborateswithagent,b) <= (j,agentcollaborateswithagent,b), (a,agentcollaborateswithagent,f), (f,mutualproxyfor,j)
6.0	4.0	0.666666667	(a,organizationalsoknownas,b) <= (e,companyalsoknownas,b), (j,organizationalsoknownas,a), (e,organizationalsoknownas,j)
3.0	2.0	0.666666667	(a,organizationheadquarteredincity,b) <= (a,agentcontrols,f), (i,newspaperincity,f), (i,organizationheadquarteredincity,b)
3.0	2.0	0.666666667	(a,agentbelongstoorganization,b) <= (e,agentbelongstoorganization,b), (e,hassibling,a)
3.0	2.0	0.666666667	(a,arthropodcalledarthropod,b) <= (b,animalsuchasinsect,a), (g,arthropodandotherarthropod,a), (g,arthropodcalledarthropod,b)
3.0	2.0	0.666666667	(a,personleadsorganization,b) <= (b,organizationterminatedperson,a), (a,personbelongstoorganization,h), (a,subpartof,h)
12.0	8.0	0.666666667	(a,personleadsorganization,b) <= (b,organizationterminatedperson,a), (a,personleadsorganization,h), (h,subpartof,a)
3.0	2.0	0.666666667	(a,companyalsoknownas,b) <= (a,companyalsoknownas,f), (i,companyalsoknownas,f), (i,organizationacronymhasname,b)
3.0	2.0	0.666666667	(a,agentcontrols,b) <= (h,organizationterminatedperson,a), (a,subpartof,b), (a,topmemberoforganization,h)
3.0	2.0	0.666666667	(a,statelocatedincountry,b) <= (e,organizationterminatedperson,j), (e,statelocatedincountry,b), (j,worksfor,a)
3.0	2.0	0.666666667	(a,organizationheadquarteredincity,b) <= (f,agentcollaborateswithagent,j), (a,agentcontrols,f), (j,organizationheadquarteredincity,b)
6.0	4.0	0.666666667	(a,organizationheadquarteredincity,b) <= (j,headquarteredin,b), (a,organizationhiredperson,f), (f,worksfor,j)
3.0	2.0	0.666666667	(a,ceoof,b) <= (h,acquired,b), (b,subpartoforganization,h), (a,topmemberoforganization,b)
3.0	2.0	0.666666667	(a,worksfor,b) <= (f,agentcollaborateswithagent,j), (a,subpartof,f), (j,topmemberoforganization,b)
3.0	2.0	0.666666667	(a,subpartof,b) <= (b,agentcollaborateswithagent,a), (b,atlocation,h), (h,subpartof,b)
3.0	2.0	0.666666667	(a,agentcollaborateswithagent,b) <= (h,agentcollaborateswithagent,b), (b,personbelongstoorganization,h), (b,subpartof,a)
3.0	2.0	0.666666667	(a,worksfor,b) <= (b,agentcompeteswithagent,h), (b,organizationhiredperson,a), (h,synonymfor,b)
3.0	2.0	0.666666667	(a,subpartof,b) <= (b,agentactsinlocation,h), (b,agentcollaborateswithagent,a), (h,mutualproxyfor,b)
3.0	2.0	0.666666667	(a,subpartof,b) <= (b,agentactsinlocation,h), (b,agentcollaborateswithagent,a), (b,mutualproxyfor,h)
3.0	2.0	0.666666667	(a,citylocatedincountry,b) <= (g,citycapitalofcountry,b), (g,citylocatedingeopoliticallocation,b), (a,locationlocatedwithinlocation,b)
6.0	4.0	0.666666667	(a,mutualproxyfor,b) <= (b,agentcontrols,f), (a,mutualproxyfor,j), (j,worksfor,f)
3.0	2.0	0.666666667	(a,agentcollaborateswithagent,b) <= (b,agentcollaborateswithagent,h), (h,mutualproxyfor,b), (b,subpartof,a)
3.0	2.0	0.666666667	(a,citylocatedincountry,b) <= (g,citycapitalofcountry,b), (a,citylocatedingeopoliticallocation,b), (g,citylocatedingeopoliticallocation,b)
3.0	2.0	0.666666667	(a,citylocatedincountry,b) <= (g,citycapitalofcountry,b), (a,citylocatedingeopoliticallocation,b), (g,locationlocatedwithinlocation,b)
3.0	2.0	0.666666667	(a,ceoof,b) <= (a,mutualproxyfor,j), (f,mutualproxyfor,j), (b,organizationterminatedperson,f)
3.0	2.0	0.666666667	(a,worksfor,b) <= (a,agentcollaborateswithagent,f), (f,mutualproxyfor,j), (j,worksfor,b)
3.0	2.0	0.666666667	(a,proxyfor,b) <= (a,locationlocatedwithinlocation,b), (a,proxyfor,h), (b,proxyfor,h)
3.0	2.0	0.666666667	(a,worksfor,b) <= (a,athleteplaysforteam,b), (h,organizationhiredperson,a), (a,worksfor,h)
3.0	2.0	0.666666667	(a,animalsuchasinsect,b) <= (h,animalsuchasinsect,b), (a,arthropodandotherarthropod,b), (a,arthropodcalledarthropod,h)
6.0	4.0	0.666666667	(a,worksfor,b) <= (b,agentcompeteswithagent,h), (b,organizationhiredperson,a), (h,teamalsoknownas,b)
3.0	2.0	0.666666667	(a,personleadsorganization,b) <= (h,companyalsoknownas,b), (b,organizationterminatedperson,a), (a,topmemberoforganization,h)
3.0	2.0	0.666666667	(a,animalsuchasinsect,b) <= (a,arthropodandotherarthropod,b), (h,arthropodandotherarthropod,b), (a,arthropodcalledarthropod,h)
3.0	2.0	0.666666667	(a,teamplayssport,b) <= (i,agentcompeteswithagent,e), (i,teamalsoknownas,a), (e,teamplayssport,b)
6.0	4.0	0.666666667	(a,proxyfor,b) <= (a,citylocatedingeopoliticallocation,h), (a,locationlocatedwithinlocation,b), (a,proxyfor,h)
3.0	2.0	0.666666667	(a,teamalsoknownas,b) <= (a,agentcollaborateswithagent,j), (j,athleteledsportsteam,e), (e,teamalsoknownas,b)
6.0	4.0	0.666666667	(a,subpartof,b) <= (j,mutualproxyfor,a), (b,organizationhiredperson,f), (f,subpartof,j)
3.0	2.0	0.666666667	(a,subpartoforganization,b) <= (e,agentbelongstoorganization,b), (e,teamplaysagainstteam,a)
3.0	2.0	0.666666667	(a,locationlocatedwithinlocation,b) <= (b,citylocatedinstate,h), (b,proxyfor,a), (h,proxyfor,a)
3.0	2.0	0.666666667	(a,agentcollaborateswithagent,b) <= (h,agentcollaborateswithagent,a), (b,mutualproxyfor,a), (a,subpartof,h)
30.0	20.0	0.666666667	(a,museumincity,b) <= (i,headquarteredin,b), (a,museumincity,f), (i,newspaperincity,f)
3.0	2.0	0.666666667	(a,proxyfor,b) <= (g,agentactsinlocation,b), (a,citylocatedinstate,b), (g,teamplaysincity,a)
3.0	2.0	0.666666667	(a,proxyfor,b) <= (f,agentcompeteswithagent,j), (j,atdate,a), (b,locationlocatedwithinlocation,f)
3.0	2.0	0.666666667	(a,agentparticipatedinevent,b) <= (e,agentparticipatedinevent,b), (i,athleteplaysforteam,a), (i,subpartof,e)
3.0	2.0	0.666666667	(a,proxyfor,b) <= (b,locationlocatedwithinlocation,f), (f,organizationhiredperson,j), (j,personleadsgeopoliticalorganization,a)
3.0	2.0	0.666666667	(a,proxyfor,b) <= (j,agentbelongstoorganization,a), (b,locationlocatedwithinlocation,f), (f,mutualproxyfor,j)
3.0	2.0	0.666666667	(a,subpartoforganization,b) <= (i,hasofficeincity,a), (i,organizationheadquarteredincity,e), (e,subpartoforganization,b)
12.0	8.0	0.666666667	(a,teamplaysincity,b) <= (i,athleteledsportsteam,e), (i,personbelongstoorganization,a), (e,teamplaysincity,b)
12.0	8.0	0.666666667	(a,agentparticipatedinevent,b) <= (e,agentparticipatedinevent,b), (i,athleteplaysforteam,a), (i,personbelongstoorganization,e)
3.0	2.0	0.666666667	(a,agentcollaborateswithagent,b) <= (a,agentcontrols,f), (j,hasspouse,b), (f,hasspouse,j)
6.0	4.0	0.666666667	(a,countrylocatedingeopoliticallocation,b) <= (j,countryalsoknownas,a), (f,proxyfor,j), (b,statelocatedingeopoliticallocation,f)
3.0	2.0	0.666666667	(a,mutualproxyfor,b) <= (i,ceoof,f), (i,mutualproxyfor,b), (a,personleadsorganization,f)
60.0	40.0	0.666666667	(a,mutualproxyfor,b) <= (a,mutualproxyfor,j), (f,organizationterminatedperson,j), (b,worksfor,f)
3.0	2.0	0.666666667	(a,languageofcountry,b) <= (a,languageofcountry,f), (i,statelocatedincountry,f), (i,subpartof,b)
9.0	6.0	0.666666667	(a,topmemberoforganization,b) <= (j,companyalsoknownas,b), (f,organizationalsoknownas,j), (a,topmemberoforganization,f)
3.0	2.0	0.666666667	(a,personleadsorganization,b) <= (a,ceoof,b), (a,proxyfor,b)
3.0	2.0	0.666666667	(a,organizationalsoknownas,b) <= (i,ceoof,e), (e,organizationalsoknownas,b), (i,worksfor,a)
3.0	2.0	0.666666667	(a,attractionofcity,b) <= (a,buildinglocatedincity,f), (i,personhasresidenceingeopoliticallocation,f), (i,personleadsorganization,b)
3.0	2.0	0.666666667	(a,arthropodcalledarthropod,b) <= (a,agentcompeteswithagent,h), (a,animalsuchasinvertebrate,b), (h,arthropodcalledarthropod,a)
3.0	2.0	0.666666667	(a,locationlocatedwithinlocation,b) <= (g,citylocatedinstate,b), (b,proxyfor,a), (g,proxyfor,a)
3.0	2.0	0.666666667	(a,teamplaysagainstteam,b) <= (b,agentcompeteswithagent,f), (f,teamalsoknownas,a), (f,teamplaysagainstteam,a)
3.0	2.0	0.666666667	(a,teamplaysincity,b) <= (j,athleteplaysforteam,a), (e,organizationhiredperson,j), (e,teamplaysincity,b)
3.0	2.0	0.666666667	(a,teamalsoknownas,b) <= (a,agentcollaborateswithagent,j), (j,athleteplaysforteam,e), (e,teamalsoknownas,b)
3.0	2.0	0.666666667	(a,agentparticipatedinevent,b) <= (e,agentparticipatedinevent,b), (i,athleteledsportsteam,a), (i,subpartof,e)
3.0	2.0	0.666666667	(a,proxyfor,b) <= (a,agentcontrols,b), (h,synonymfor,b), (b,synonymfor,h)
3.0	2.0	0.666666667	(a,locationlocatedwithinlocation,b) <= (g,hasofficeincity,a), (g,hasofficeincity,b), (b,mutualproxyfor,a)
3.0	2.0	0.666666667	(a,mutualproxyfor,b) <= (a,agentinvolvedwithitem,f), (i,organizationhiredperson,b), (i,producesproduct,f)
3.0	2.0	0.666666667	(a,worksfor,b) <= (g,athleteplaysforteam,b), (g,coachesteam,b), (b,organizationhiredperson,a)
3.0	2.0	0.666666667	(a,locationlocatedwithinlocation,b) <= (a,citycapitalofcountry,h), (a,citylocatedincountry,b), (a,locationlocatedwithinlocation,h)
6.0	4.0	0.666666667	(a,proxyfor,b) <= (a,agentcontrols,b), (a,ceoof,h), (h,organizationterminatedperson,a)
3.0	2.0	0.666666667	(a,mutualproxyfor,b) <= (a,agentinvolvedwithitem,f), (i,automakerproducesmodel,f), (i,organizationhiredperson,b)
3.0	2.0	0.666666667	(a,mutualproxyfor,b) <= (a,agentcreated,f), (i,automakerproducesmodel,f), (i,organizationhiredperson,b)
3.0	2.0	0.666666667	(a,subpartoforganization,b) <= (a,mutualproxyfor,f), (i,organizationhiredperson,f), (i,subpartoforganization,b)
3.0	2.0	0.666666667	(a,locationlocatedwithinlocation,b) <= (g,bankbankincountry,b), (g,hasofficeincountry,b), (b,mutualproxyfor,a)
3.0	2.0	0.666666667	(a,locationlocatedwithinlocation,b) <= (b,organizationhiredperson,h), (h,personleadsgeopoliticalorganization,b), (b,proxyfor,a)
3.0	2.0	0.666666667	(a,agentcollaborateswithagent,b) <= (h,agentcollaborateswithagent,b), (a,mutualproxyfor,b), (b,subpartof,h)
3.0	2.0	0.666666667	(a,agentcollaborateswithagent,b) <= (h,agentcollaborateswithagent,b), (b,athleteplaysforteam,a), (b,personbelongstoorganization,h)
9.0	6.0	0.666666667	(a,companyalsoknownas,b) <= (e,companyalsoknownas,b), (i,companyalsoknownas,e), (i,organizationalsoknownas,a)
3.0	2.0	0.666666667	(a,countrylocatedingeopoliticallocation,b) <= (f,citylocatedincountry,j), (a,countrylocatedingeopoliticallocation,j), (b,statelocatedingeopoliticallocation,f)
3.0	2.0	0.666666667	(a,mutualproxyfor,b) <= (a,agentcreated,f), (i,organizationhiredperson,b), (i,producesproduct,f)
3.0	2.0	0.666666667	(a,organizationalsoknownas,b) <= (j,ceoof,a), (e,organizationalsoknownas,b), (e,organizationhiredperson,j)
6.0	4.0	0.666666667	(a,agentparticipatedinevent,b) <= (e,agentparticipatedinevent,b), (i,personhasresidenceingeopoliticallocation,a), (i,worksfor,e)
6.0	4.0	0.666666667	(a,countrylocatedingeopoliticallocation,b) <= (a,countryalsoknownas,j), (f,statelocatedincountry,j), (b,statelocatedingeopoliticallocation,f)
3.0	2.0	0.666666667	(a,subpartof,b) <= (a,mutualproxyfor,j), (f,organizationhiredperson,j), (b,proxyfor,f)
12.0	8.0	0.666666667	(a,mutualproxyfor,b) <= (a,mutualproxyfor,j), (j,topmemberoforganization,f), (b,worksfor,f)
3.0	2.0	0.666666667	(a,proxyfor,b) <= (a,citylocatedinstate,b), (a,proxyfor,h), (b,proxyfor,h)
3.0	2.0	0.666666667	(a,worksfor,b) <= (b,organizationterminatedperson,h), (a,proxyfor,b), (b,subpartof,h)
18.0	12.0	0.666666667	(a,personleadsorganization,b) <= (b,subpartof,a), (a,worksfor,b)
3.0	2.0	0.666666667	(a,proxyfor,b) <= (h,atlocation,a), (a,citylocatedinstate,b), (a,proxyfor,h)
3.0	2.0	0.666666667	(a,mutualproxyfor,b) <= (i,ceoof,f), (i,mutualproxyfor,a), (b,personleadsorganization,f)
3.0	2.0	0.666666667	(a,agentactsinlocation,b) <= (i,athletehomestadium,b), (i,athletehomestadium,f), (a,atlocation,f)
3.0	2.0	0.666666667	(a,organizationalsoknownas,b) <= (a,organizationalsoknownas,j), (b,organizationterminatedperson,f), (f,topmemberoforganization,j)
3.0	2.0	0.666666667	(a,agentparticipatedinevent,b) <= (e,agentparticipatedinevent,b), (i,athleteplaysforteam,e), (i,subpartof,a)
3.0	2.0	0.666666667	(a,teamalsoknownas,b) <= (f,agentcollaborateswithagent,j), (j,athleteledsportsteam,b), (a,teamalsoknownas,f)
3.0	2.0	0.666666667	(a,agentcontrols,b) <= (a,agentcontrols,f), (i,athleteplaysforteam,f), (i,worksfor,b)
3.0	2.0	0.666666667	(a,worksfor,b) <= (b,agentcontrols,h), (h,atlocation,b), (b,organizationhiredperson,a)
6.0	4.0	0.666666667	(a,subpartoforganization,b) <= (i,agentcontrols,f), (a,organizationhiredperson,f), (i,subpartoforganization,b)
3.0	2.0	0.666666667	(a,countrylocatedingeopoliticallocation,b) <= (i,citylocatedingeopoliticallocation,a), (e,countrylocatedingeopoliticallocation,b), (i,subpartof,e)
3.0	2.0	0.666666667	(a,locationlocatedwithinlocation,b) <= (f,agentcontrols,j), (a,locationlocatedwithinlocation,j), (b,proxyfor,f)
3.0	2.0	0.666666667	(a,agentparticipatedinevent,b) <= (e,agentparticipatedinevent,b), (i,athleteledsportsteam,e), (i,subpartof,a)
3.0	2.0	0.666666667	(a,subpartof,b) <= (a,mutualproxyfor,b), (a,organizationhiredperson,h), (h,proxyfor,a)
18.0	12.0	0.666666667	(a,mutualproxyfor,b) <= (j,ceoof,f), (a,mutualproxyfor,j), (b,personleadsorganization,f)
3.0	2.0	0.666666667	(a,agentparticipatedinevent,b) <= (e,agentparticipatedinevent,b), (i,proxyfor,e), (i,worksfor,a)
3.0	2.0	0.666666667	(a,mutualproxyfor,b) <= (a,agentinvolvedwithitem,j), (f,automakerproducesmodel,j), (b,personleadsorganization,f)
3.0	2.0	0.666666667	(a,mutualproxyfor,b) <= (a,agentcreated,j), (f,automakerproducesmodel,j), (b,personleadsorganization,f)
3.0	2.0	0.666666667	(a,mutualproxyfor,b) <= (a,agentcreated,j), (b,personleadsorganization,f), (f,producesproduct,j)
3.0	2.0	0.666666667	(a,subpartof,b) <= (f,ceoof,j), (b,organizationhiredperson,f), (a,subpartof,j)
9.0	6.0	0.666666667	(a,teamalsoknownas,b) <= (i,coachesteam,f), (a,teamalsoknownas,f), (i,worksfor,b)
3.0	2.0	0.666666667	(a,arthropodcalledarthropod,b) <= (e,animalsuchasinsect,b), (e,arthropodcalledarthropod,j), (j,specializationof,a)
3.0	2.0	0.666666667	(a,teamalsoknownas,b) <= (a,agentcompeteswithagent,e), (e,teamalsoknownas,b), (e,teamplaysagainstteam,b)
3.0	2.0	0.666666667	(a,teamalsoknownas,b) <= (f,agentcollaborateswithagent,j), (j,athleteplaysforteam,b), (a,teamalsoknownas,f)
12.0	8.0	0.666666667	(a,topmemberoforganization,b) <= (e,ceoof,b), (j,subpartof,a), (e,topmemberoforganization,j)
3.0	2.0	0.666666667	(a,organizationhiredperson,b) <= (g,agentcollaborateswithagent,b), (g,agentcontrols,b), (b,coachesteam,a)
3.0	2.0	0.666666667	(a,subpartoforganization,b) <= (i,mutualproxyfor,f), (a,organizationhiredperson,f), (i,subpartoforganization,b)
6.0	4.0	0.666666667	(a,proxyfor,b) <= (a,citylocatedinstate,b), (h,locationlocatedwithinlocation,a), (a,proxyfor,h)
3.0	2.0	0.666666667	(a,worksfor,b) <= (h,cityalsoknownas,b), (b,cityalsoknownas,h), (b,organizationhiredperson,a)
6.0	4.0	0.666666667	(a,organizationhiredperson,b) <= (b,coachesteam,a), (a,teamalsoknownas,h), (a,teamplaysagainstteam,h)
3.0	2.0	0.666666667	(a,subpartof,b) <= (a,mutualproxyfor,b), (h,organizationhiredperson,b), (b,proxyfor,h)
3.0	2.0	0.666666667	(a,agentcollaborateswithagent,b) <= (h,agentcollaborateswithagent,b), (b,athleteledsportsteam,a), (b,personbelongstoorganization,h)
3.0	2.0	0.666666667	(a,agentparticipatedinevent,b) <= (e,agentparticipatedinevent,b), (i,istallerthan,a), (i,statelocatedincountry,e)
3.0	2.0	0.666666667	(a,arthropodcalledarthropod,b) <= (a,agentcompeteswithagent,h), (a,animalsuchasinvertebrate,b), (a,arthropodandotherarthropod,h)
3.0	2.0	0.666666667	(a,mutualproxyfor,b) <= (a,ceoof,f), (i,mutualproxyfor,b), (i,personleadsorganization,f)
3.0	2.0	0.666666667	(a,organizationhiredperson,b) <= (b,coachesteam,a), (h,teamalsoknownas,a), (a,teamalsoknownas,h)
3.0	2.0	0.666666667	(a,agentcontrols,b) <= (a,agentcontrols,f), (i,ceoof,f), (i,worksfor,b)
3.0	2.0	0.666666667	(a,proxyfor,b) <= (b,locationlocatedwithinlocation,f), (i,personleadsgeopoliticalorganization,a), (i,worksfor,f)
3.0	2.0	0.666666667	(a,worksfor,b) <= (g,organizationterminatedperson,a), (a,proxyfor,b), (g,subpartof,a)
3.0	2.0	0.666666667	(a,agentparticipatedinevent,b) <= (e,agentparticipatedinevent,b), (i,istallerthan,a), (i,synonymfor,e)
6.0	4.0	0.666666667	(a,organizationhiredperson,b) <= (b,coachesteam,a), (g,teamalsoknownas,a), (g,teamplaysagainstteam,a)
3.0	2.0	0.666666667	(a,worksfor,b) <= (h,mutualproxyfor,a), (a,personleadsgeopoliticalorganization,b), (a,worksfor,h)
3.0	2.0	0.666666667	(a,arthropodcalledarthropod,b) <= (a,agentcompeteswithagent,b), (a,animalsuchasinvertebrate,b), (a,arthropodandotherarthropod,b)
3.0	2.0	0.666666667	(a,worksfor,b) <= (b,cityalsoknownas,h), (b,organizationhiredperson,a), (h,organizationhiredperson,a)
3.0	2.0	0.666666667	(a,proxyfor,b) <= (b,locationlocatedwithinlocation,f), (a,organizationhiredperson,j), (j,personleadsgeopoliticalorganization,f)
6.0	4.0	0.666666667	(a,personleadsorganization,b) <= (b,organizationterminatedperson,a), (a,personbelongstoorganization,b)
6.0	4.0	0.666666667	(a,personleadsorganization,b) <= (b,organizationterminatedperson,a), (a,proxyfor,b)
3.0	2.0	0.666666667	(a,arthropodcalledarthropod,b) <= (a,agentcompeteswithagent,b), (a,animalsuchasinvertebrate,h), (h,arthropodcalledarthropod,a)
42.0	28.0	0.666666667	(a,subpartof,b) <= (j,ceoof,a), (e,subpartof,b), (e,subpartof,j)
6.0	4.0	0.666666667	(a,hashusband,b) <= (a,hashusband,j), (f,hasspouse,j), (b,haswife,f)
9.0	6.0	0.666666667	(a,coachesteam,b) <= (i,athleteplaysforteam,b), (a,coachesteam,f), (i,personbelongstoorganization,f)
3.0	2.0	0.666666667	(a,animalsuchasinvertebrate,b) <= (b,animalpreyson,h), (h,animalsuchasinsect,a), (b,arthropodandotherarthropod,a)
3.0	2.0	0.666666667	(a,animalsuchasinvertebrate,b) <= (g,animalsuchasinsect,a), (g,animalthatfeedoninsect,b), (b,arthropodandotherarthropod,a)
3.0	2.0	0.666666667	(a,teamplaysinleague,b) <= (b,agentcontrols,f), (f,agentparticipatedinevent,j), (j,sportsgamewinner,a)
3.0	2.0	0.666666667	(a,animalsuchasinvertebrate,b) <= (g,animalpreyson,a), (b,arthropodandotherarthropod,a), (g,arthropodcalledarthropod,b)
3.0	2.0	0.666666667	(a,subpartof,b) <= (i,atlocation,a), (e,citylocatedincountry,b), (i,proxyfor,e)
3.0	2.0	0.666666667	(a,organizationterminatedperson,b) <= (b,proxyfor,h), (h,subpartof,b), (b,worksfor,a)
3.0	2.0	0.666666667	(a,animalpreyson,b) <= (h,animalistypeofanimal,a), (b,animalpreyson,h), (b,animalsuchasinsect,a)
3.0	2.0	0.666666667	(a,teamplaysinleague,b) <= (i,athleteledsportsteam,f), (i,athleteplaysforteam,a), (b,subpartoforganization,f)
3.0	2.0	0.666666667	(a,teamplaysinleague,b) <= (i,athleteledsportsteam,a), (i,athleteledsportsteam,f), (b,subpartoforganization,f)
3.0	2.0	0.666666667	(a,headquarteredin,b) <= (j,agentbelongstoorganization,a), (e,agentcontrols,j), (e,organizationheadquarteredincity,b)
6.0	4.0	0.666666667	(a,teamplaysinleague,b) <= (i,athleteledsportsteam,a), (i,athleteplaysforteam,f), (b,subpartoforganization,f)
6.0	4.0	0.666666667	(a,headquarteredin,b) <= (j,ceoof,a), (e,mutualproxyfor,j), (e,organizationheadquarteredincity,b)
9.0	6.0	0.666666667	(a,animalthatfeedoninsect,b) <= (a,animalthatfeedoninsect,h), (b,arthropodandotherarthropod,a), (h,specializationof,a)
6.0	4.0	0.666666667	(a,organizationterminatedperson,b) <= (e,agentcollaborateswithagent,b), (e,mutualproxyfor,j), (j,topmemberoforganization,a)
3.0	2.0	0.666666667	(a,headquarteredin,b) <= (i,companyalsoknownas,e), (e,headquarteredin,b), (i,synonymfor,a)
3.0	2.0	0.666666667	(a,teamplaysinleague,b) <= (b,subpartoforganization,a), (b,subpartoforganization,f), (f,teamplaysagainstteam,a)
3.0	2.0	0.666666667	(a,animalpreyson,b) <= (f,agentcompeteswithagent,b), (a,agentcompeteswithagent,f), (f,specializationof,b)
3.0	2.0	0.666666667	(a,animalpreyson,b) <= (a,animalpreyson,f), (i,animalsuchasfish,b), (i,specializationof,f)
6.0	4.0	0.666666667	(a,headquarteredin,b) <= (e,headquarteredin,b), (i,personbelongstoorganization,a), (i,personleadsorganization,e)
3.0	2.0	0.666666667	(a,teamplaysinleague,b) <= (b,subpartoforganization,a), (b,subpartoforganization,f), (a,teamplaysagainstteam,f)
3.0	2.0	0.666666667	(a,hasofficeincountry,b) <= (a,acquired,h), (a,automobilemakerdealersincountry,b), (h,automobilemakerdealersincountry,b)
6.0	4.0	0.666666667	(a,politicianrepresentslocation,b) <= (i,personhasresidenceingeopoliticallocation,f), (i,personleadsorganization,b), (a,politicianrepresentslocation,f)
15.0	10.0	0.666666667	(a,organizationterminatedperson,b) <= (a,mutualproxyfor,h), (a,organizationhiredperson,b), (h,topmemberoforganization,a)
3.0	2.0	0.666666667	(a,subpartof,b) <= (e,citylocatedincountry,b), (i,organizationheadquarteredincity,e), (i,proxyfor,a)
3.0	2.0	0.666666667	(a,hasofficeincountry,b) <= (a,automobilemakerdealersincountry,b), (a,organizationhiredperson,h), (a,organizationterminatedperson,h)
9.0	6.0	0.666666667	(a,competeswith,b) <= (i,agentcreated,f), (a,agentinvolvedwithitem,f), (i,competeswith,b)
3.0	2.0	0.666666667	(a,mutualproxyfor,b) <= (a,mutualproxyfor,h), (a,organizationterminatedperson,h), (b,proxyfor,a)
3.0	2.0	0.666666667	(a,animalpreyson,b) <= (b,animalpreyson,a), (a,arthropodandotherarthropod,b), (b,arthropodcalledarthropod,a)
3.0	2.0	0.666666667	(a,atlocation,b) <= (a,citylocatedinstate,h), (a,proxyfor,h), (a,subpartof,b)
6.0	4.0	0.666666667	(a,ismultipleof,b) <= (i,animalistypeofanimal,f), (i,ismultipleof,b), (a,ismultipleof,f)
3.0	2.0	0.666666667	(a,ismultipleof,b) <= (i,agentcompeteswithagent,b), (a,ismultipleof,f), (i,mammalsuchasmammal,f)
3.0	2.0	0.666666667	(a,animalsuchasinvertebrate,b) <= (h,animalsuchasinsect,a), (b,arthropodandotherarthropod,a), (b,arthropodcalledarthropod,h)
6.0	4.0	0.666666667	(a,agentcompeteswithagent,b) <= (b,agentcompeteswithagent,f), (i,athleteplaysforteam,a), (i,personbelongstoorganization,f)
3.0	2.0	0.666666667	(a,bankbankincountry,b) <= (e,hasofficeincountry,b), (j,personleadsorganization,a), (e,subpartof,j)
3.0	2.0	0.666666667	(a,animalpreyson,b) <= (i,animalsuchasfish,b), (a,animalsuchasfish,f), (i,specializationof,f)
3.0	2.0	0.666666667	(a,agentcompeteswithagent,b) <= (b,agentcompeteswithagent,f), (i,athleteledsportsteam,f), (i,subpartof,a)
6.0	4.0	0.666666667	(a,locationlocatedwithinlocation,b) <= (e,citylocatedincountry,b), (e,citylocatedinstate,j), (j,proxyfor,a)
3.0	2.0	0.666666667	(a,hasofficeincountry,b) <= (h,citycapitalofcountry,b), (a,headquarteredin,h), (a,organizationheadquarteredincountry,b)
3.0	2.0	0.666666667	(a,hasofficeincountry,b) <= (a,organizationheadquarteredincountry,b), (a,subpartof,h), (h,topmemberoforganization,a)
3.0	2.0	0.666666667	(a,agentcompeteswithagent,b) <= (b,agentcompeteswithagent,f), (i,athleteplaysforteam,f), (i,subpartof,a)
3.0	2.0	0.666666667	(a,animalpreyson,b) <= (i,animalsuchasfish,b), (a,specializationof,f), (i,specializationof,f)
3.0	2.0	0.666666667	(a,animalpreyson,b) <= (i,animalsuchasfish,b), (i,animalsuchasfish,f), (a,specializationof,f)
6.0	4.0	0.666666667	(a,agentcompeteswithagent,b) <= (b,agentcompeteswithagent,f), (i,athleteledsportsteam,a), (i,personbelongstoorganization,f)
3.0	2.0	0.666666667	(a,hasofficeincountry,b) <= (a,organizationheadquarteredincountry,b), (a,organizationterminatedperson,h), (a,subpartof,h)
3.0	2.0	0.666666667	(a,personbelongstoorganization,b) <= (j,ceoof,b), (f,mutualproxyfor,j), (a,personbelongstoorganization,f)
3.0	2.0	0.666666667	(a,hasofficeincountry,b) <= (h,citylocatedincountry,b), (a,headquarteredin,h), (a,organizationheadquarteredincountry,b)
6.0	4.0	0.666666667	(a,personhasresidenceingeopoliticallocation,b) <= (g,atlocation,b), (a,personleadsorganization,b), (g,proxyfor,b)
9.0	6.0	0.666666667	(a,animalthatfeedoninsect,b) <= (h,animalthatfeedoninsect,b), (b,arthropodandotherarthropod,a), (a,arthropodcalledarthropod,h)
3.0	2.0	0.666666667	(a,agentcompeteswithagent,b) <= (b,agentcompeteswithagent,f), (a,organizationterminatedperson,j), (j,topmemberoforganization,f)
3.0	2.0	0.666666667	(a,personhasresidenceingeopoliticallocation,b) <= (g,citylocatedingeopoliticallocation,b), (a,personleadsorganization,b), (g,proxyfor,b)
3.0	2.0	0.666666667	(a,atlocation,b) <= (b,agentactsinlocation,h), (b,atlocation,a), (h,atlocation,b)
6.0	4.0	0.666666667	(a,personhasresidenceingeopoliticallocation,b) <= (b,mutualproxyfor,h), (a,personleadsorganization,b), (h,subpartof,b)
3.0	2.0	0.666666667	(a,subpartof,b) <= (i,atlocation,e), (i,hasofficeincity,a), (e,statelocatedincountry,b)
6.0	4.0	0.666666667	(a,personhasresidenceingeopoliticallocation,b) <= (h,atlocation,b), (b,mutualproxyfor,h), (a,personleadsorganization,b)
3.0	2.0	0.666666667	(a,personhasresidenceingeopoliticallocation,b) <= (b,organizationhiredperson,h), (h,personbelongstoorganization,b), (a,personleadsorganization,b)
3.0	2.0	0.666666667	(a,personhasresidenceingeopoliticallocation,b) <= (b,organizationhiredperson,h), (h,personhasresidenceingeopoliticallocation,b), (a,personleadsorganization,b)
3.0	2.0	0.666666667	(a,agentcompeteswithagent,b) <= (b,agentcontrols,f), (i,organizationheadquarteredincity,a), (i,organizationheadquarteredincity,f)
9.0	6.0	0.666666667	(a,organizationterminatedperson,b) <= (h,organizationhiredperson,b), (b,topmemberoforganization,h), (b,worksfor,a)
9.0	6.0	0.666666667	(a,hasofficeincountry,b) <= (a,organizationheadquarteredincountry,b), (a,organizationhiredperson,h), (h,topmemberoforganization,a)
3.0	2.0	0.666666667	(a,agentcompeteswithagent,b) <= (b,agentcontrols,f), (i,newspaperincity,a), (i,newspaperincity,f)
9.0	6.0	0.666666667	(a,animalthatfeedoninsect,b) <= (h,animalthatfeedoninsect,a), (b,arthropodandotherarthropod,a), (a,arthropodcalledarthropod,h)
9.0	6.0	0.666666667	(a,animalthatfeedoninsect,b) <= (g,animalsuchasinvertebrate,a), (b,arthropodandotherarthropod,a), (g,specializationof,a)
15.0	10.0	0.666666667	(a,headquarteredin,b) <= (i,ceoof,a), (e,headquarteredin,b), (i,personleadsorganization,e)
3.0	2.0	0.666666667	(a,mutualproxyfor,b) <= (h,ceoof,a), (a,organizationterminatedperson,h), (b,proxyfor,a)
3.0	2.0	0.666666667	(a,animalpreyson,b) <= (b,animalpreyson,f), (i,animalsuchasfish,a), (i,specializationof,f)
3.0	2.0	0.666666667	(a,sportfansincountry,b) <= (i,persondiedincountry,b), (i,personleadsorganization,f), (a,sportschoolincountry,f)
3.0	2.0	0.666666667	(a,mutualproxyfor,b) <= (b,mutualproxyfor,a), (g,personbelongstoorganization,a), (g,politicianusmemberofpoliticalgroup,a)
3.0	2.0	0.666666667	(a,organizationterminatedperson,b) <= (i,athleteledsportsteam,a), (i,athleteplaysforteam,e), (e,organizationterminatedperson,b)
3.0	2.0	0.666666667	(a,teamplaysinleague,b) <= (j,subpartoforganization,a), (e,teamplaysinleague,b), (e,teamplaysinleague,j)
6.0	4.0	0.666666667	(a,competeswith,b) <= (b,agentcollaborateswithagent,h), (b,competeswith,a), (h,journalistwritesforpublication,b)
3.0	2.0	0.666666667	(a,teamplaysinleague,b) <= (b,subpartoforganization,a), (e,teamplaysagainstteam,a), (e,teamplaysinleague,b)
3.0	2.0	0.666666667	(a,animalpreyson,b) <= (i,animalsuchasfish,a), (b,animalsuchasfish,f), (i,specializationof,f)
3.0	2.0	0.666666667	(a,teamplaysinleague,b) <= (e,agentcompeteswithagent,j), (j,teamalsoknownas,a), (e,teamplaysinleague,b)
3.0	2.0	0.666666667	(a,agentcompeteswithagent,b) <= (h,agentcompeteswithagent,b), (b,agentcompeteswithagent,h), (b,synonymfor,a)
21.0	14.0	0.666666667	(a,animalsuchasinsect,b) <= (a,animalsuchasinsect,j), (b,arthropodandotherarthropod,f), (f,specializationof,j)
6.0	4.0	0.666666667	(a,teamplaysinleague,b) <= (i,athleteplaysforteam,a), (i,coachesteam,e), (e,teamplaysinleague,b)
12.0	8.0	0.666666667	(a,organizationterminatedperson,b) <= (f,organizationterminatedperson,j), (b,personleadsorganization,f), (a,subpartof,j)
3.0	2.0	0.666666667	(a,animalthatfeedoninsect,b) <= (b,animalpreyson,a), (b,animalsuchasinsect,h), (a,animalsuchasinvertebrate,h)
48.0	32.0	0.666666667	(a,sportfansincountry,b) <= (a,sportschoolincountry,f), (i,worksfor,b), (i,worksfor,f)
3.0	2.0	0.666666667	(a,teamplaysinleague,b) <= (i,agentcompeteswithagent,f), (a,teamalsoknownas,f), (i,teamplaysinleague,b)
3.0	2.0	0.666666667	(a,teamplaysinleague,b) <= (i,athleteledsportsteam,e), (i,coachesteam,a), (e,teamplaysinleague,b)
3.0	2.0	0.666666667	(a,headquarteredin,b) <= (e,headquarteredin,b), (e,mutualproxyfor,j), (j,proxyfor,a)
15.0	10.0	0.666666667	(a,teamplaysinleague,b) <= (i,athleteledsportsteam,a), (i,personbelongstoorganization,e), (e,teamplaysinleague,b)
6.0	4.0	0.666666667	(a,headquarteredin,b) <= (e,headquarteredin,b), (e,mutualproxyfor,j), (j,worksfor,a)
3.0	2.0	0.666666667	(a,teamplaysinleague,b) <= (i,athleteledsportsteam,a), (i,coachesteam,e), (e,teamplaysinleague,b)
3.0	2.0	0.666666667	(a,animalpreyson,b) <= (b,agriculturalproductincludingagriculturalproduct,h), (b,animalpreyson,a), (a,animalpreyson,h)
3.0	2.0	0.666666667	(a,animalsuchasinvertebrate,b) <= (a,animalistypeofanimal,b), (a,animalsuchasinsect,h), (h,arthropodandotherarthropod,b)
3.0	2.0	0.666666667	(a,animalsuchasinvertebrate,b) <= (h,animalistypeofanimal,a), (a,animalistypeofanimal,b), (a,animalthatfeedoninsect,h)
3.0	2.0	0.666666667	(a,teamplaysinleague,b) <= (e,athleteplaysinleague,j), (e,coachesinleague,b), (j,subpartoforganization,a)
3.0	2.0	0.666666667	(a,teamplaysinleague,b) <= (e,coachesinleague,b), (e,coachesinleague,j), (j,subpartoforganization,a)
3.0	2.0	0.666666667	(a,animalpreyson,b) <= (a,animalpreyson,h), (a,animalsuchasfish,b), (a,specializationof,h)
3.0	2.0	0.666666667	(a,animalpreyson,b) <= (a,animalsuchasfish,b), (a,animalsuchasfish,h), (a,specializationof,h)
3.0	2.0	0.666666667	(a,animalpreyson,b) <= (h,animalpreyson,a), (a,animalsuchasfish,b), (a,specializationof,h)
3.0	2.0	0.666666667	(a,teamplaysinleague,b) <= (a,agentcompeteswithagent,f), (i,coachesinleague,b), (i,personbelongstoorganization,f)
3.0	2.0	0.666666667	(a,animalsuchasinvertebrate,b) <= (a,animalistypeofanimal,h), (a,animalpreyson,b), (b,arthropodcalledarthropod,h)
3.0	2.0	0.666666667	(a,competeswith,b) <= (b,competeswith,a), (a,headquarteredin,h), (b,newspaperincity,h)
3.0	2.0	0.666666667	(a,animalthatfeedoninsect,b) <= (g,animalsuchasinsect,a), (g,animalthatfeedoninsect,b), (b,arthropodandotherarthropod,a)
3.0	2.0	0.666666667	(a,organizationterminatedperson,b) <= (a,automobilemakerdealersincountry,h), (a,hasofficeincountry,h), (a,organizationhiredperson,b)
3.0	2.0	0.666666667	(a,competeswith,b) <= (a,agentinvolvedwithitem,f), (j,competeswith,b), (f,synonymfor,j)
3.0	2.0	0.666666667	(a,organizationterminatedperson,b) <= (a,agentcollaborateswithagent,h), (a,organizationhiredperson,b), (h,personleadsorganization,a)
3.0	2.0	0.666666667	(a,mutualproxyfor,b) <= (b,proxyfor,a), (a,subpartof,h), (h,worksfor,a)
9.0	6.0	0.666666667	(a,animalthatfeedoninsect,b) <= (g,animalpreyson,a), (b,arthropodandotherarthropod,a), (g,specializationof,a)
3.0	2.0	0.666666667	(a,bankbankincountry,b) <= (e,bankbankincountry,b), (i,ceoof,e), (i,topmemberoforganization,a)
69.0	46.0	0.666666667	(a,organizationterminatedperson,b) <= (e,organizationhiredperson,b), (e,organizationterminatedperson,j), (j,topmemberoforganization,a)
3.0	2.0	0.666666667	(a,subpartoforganization,b) <= (b,agentcompeteswithagent,a), (b,agentcompeteswithagent,h), (h,atlocation,a)
15.0	10.0	0.666666667	(a,organizationterminatedperson,b) <= (h,mutualproxyfor,b), (a,organizationhiredperson,b), (b,topmemberoforganization,h)
6.0	4.0	0.666666667	(a,competeswith,b) <= (f,acquired,j), (a,companyalsoknownas,f), (j,competeswith,b)
3.0	2.0	0.666666667	(a,agentbelongstoorganization,b) <= (e,agentbelongstoorganization,b), (i,citycapitalofcountry,a), (i,proxyfor,e)
6.0	4.0	0.666666667	(a,competeswith,b) <= (b,competeswith,a), (a,hasofficeincity,h), (b,newspaperincity,h)
15.0	10.0	0.666666667	(a,competeswith,b) <= (b,competeswith,a), (a,hasofficeincity,h), (b,organizationheadquarteredincity,h)
3.0	2.0	0.666666667	(a,organizationhiredperson,b) <= (e,organizationalsoknownas,j), (e,organizationhiredperson,b), (j,subpartoforganization,a)
6.0	4.0	0.666666667	(a,animalsuchasinvertebrate,b) <= (a,animalistypeofanimal,h), (a,animalpreyson,b), (h,animalsuchasinvertebrate,b)
3.0	2.0	0.666666667	(a,teamplaysinleague,b) <= (b,subpartoforganization,a), (a,teamplaysagainstteam,f), (f,teamplaysinleague,b)
3.0	2.0	0.666666667	(a,animalpreyson,b) <= (a,animalistypeofanimal,h), (b,animalpreyson,a), (b,animalsuchasinsect,h)
3.0	2.0	0.666666667	(a,headquarteredin,b) <= (e,headquarteredin,b), (i,personleadsorganization,a), (i,proxyfor,e)
3.0	2.0	0.666666667	(a,personalsoknownas,b) <= (i,personalsoknownas,a), (b,personleadsorganization,f), (i,worksfor,f)
3.0	2.0	0.666666667	(a,atlocation,b) <= (a,atlocation,h), (b,stateorprovinceisborderedbystateorprovince,h), (a,subpartof,b)
3.0	2.0	0.666666667	(a,personalsoknownas,b) <= (i,personalsoknownas,a), (i,personleadsorganization,f), (b,worksfor,f)
6.0	4.0	0.666666667	(a,animalsuchasinvertebrate,b) <= (a,animalpreyson,b), (a,animalsuchasinvertebrate,h), (h,arthropodcalledarthropod,a)
3.0	2.0	0.666666667	(a,citylocatedinstate,b) <= (e,citylocatedinstate,b), (i,personbornincity,a), (i,personborninlocation,e)
3.0	2.0	0.666666667	(a,personalsoknownas,b) <= (b,personalsoknownas,f), (f,personleadsorganization,j), (a,worksfor,j)
3.0	2.0	0.666666667	(a,animalthatfeedoninsect,b) <= (g,animalsuchasinsect,b), (b,arthropodandotherarthropod,a), (g,arthropodcalledarthropod,b)
3.0	2.0	0.666666667	(a,personalsoknownas,b) <= (b,personalsoknownas,f), (a,personleadsorganization,j), (f,worksfor,j)
15.0	10.0	0.666666667	(a,competeswith,b) <= (b,competeswith,a), (b,organizationterminatedperson,h), (h,worksfor,b)
3.0	2.0	0.666666667	(a,personalsoknownas,b) <= (b,personalsoknownas,a), (a,personleadsorganization,h), (a,worksfor,h)
3.0	2.0	0.666666667	(a,agentbelongstoorganization,b) <= (e,agentbelongstoorganization,j), (e,atlocation,b), (j,mutualproxyfor,a)
18.0	12.0	0.666666667	(a,organizationterminatedperson,b) <= (h,subpartof,b), (b,worksfor,a), (b,worksfor,h)
3.0	2.0	0.666666667	(a,personleadsgeopoliticalorganization,b) <= (a,personhasresidenceingeopoliticallocation,f), (i,personleadsgeopoliticalorganization,f), (i,worksfor,b)
3.0	2.0	0.666666667	(a,personbelongstoorganization,b) <= (f,agentactsinlocation,j), (a,personmovedtostateorprovince,j), (b,teamalsoknownas,f)
3.0	2.0	0.666666667	(a,bankbankincountry,b) <= (j,hasofficeincountry,b), (f,personleadsorganization,j), (a,subpartof,f)
12.0	8.0	0.666666667	(a,atdate,b) <= (e,atdate,b), (i,personbornincity,e), (i,personborninlocation,a)
6.0	4.0	0.666666667	(a,agentcollaborateswithagent,b) <= (b,agentcollaborateswithagent,a), (h,agentcollaborateswithagent,b), (a,politicianusendorsedbypoliticianus,h)
6.0	4.0	0.666666667	(a,organizationterminatedperson,b) <= (g,agentcollaborateswithagent,b), (g,mutualproxyfor,b), (b,topmemberoforganization,a)
3.0	2.0	0.666666667	(a,bankbankincountry,b) <= (e,bankbankincountry,b), (j,ceoof,a), (e,organizationterminatedperson,j)
3.0	2.0	0.666666667	(a,agentcompeteswithagent,b) <= (a,agentcompeteswithagent,f), (i,airportincity,f), (i,buildinglocatedincity,b)
3.0	2.0	0.666666667	(a,agentcompeteswithagent,b) <= (a,agentcompeteswithagent,f), (i,hasofficeincity,b), (i,organizationheadquarteredincity,f)
3.0	2.0	0.666666667	(a,organizationhiredperson,b) <= (i,organizationhiredperson,b), (a,subpartoforganization,f), (i,synonymfor,f)
3.0	2.0	0.666666667	(a,istallerthan,b) <= (e,istallerthan,b), (i,personbelongstoorganization,e), (i,personmovedtostateorprovince,a)
3.0	2.0	0.666666667	(a,organizationhiredperson,b) <= (f,agentcontrols,j), (j,organizationhiredperson,b), (a,proxyfor,f)
3.0	2.0	0.666666667	(a,personhasresidenceingeopoliticallocation,b) <= (j,atlocation,b), (a,personhasresidenceingeopoliticallocation,f), (f,stateorprovinceisborderedbystateorprovince,j)
3.0	2.0	0.666666667	(a,animalpreyson,b) <= (h,animalistypeofanimal,a), (b,animalsuchasinsect,h), (b,animalsuchasinvertebrate,a)
54.0	36.0	0.666666667	(a,organizationhiredperson,b) <= (j,organizationhiredperson,b), (a,organizationterminatedperson,f), (f,personleadsorganization,j)
3.0	2.0	0.666666667	(a,agentcollaborateswithagent,b) <= (b,agentcollaborateswithagent,a), (b,agentcollaborateswithagent,h), (a,personbelongstoorganization,h)
3.0	2.0	0.666666667	(a,mutualproxyfor,b) <= (g,ceoof,a), (b,proxyfor,a), (g,proxyfor,a)
3.0	2.0	0.666666667	(a,atlocation,b) <= (j,agentactsinlocation,b), (a,locationlocatedwithinlocation,f), (f,organizationheadquarteredincity,j)
3.0	2.0	0.666666667	(a,agentcompeteswithagent,b) <= (a,agentcompeteswithagent,f), (i,athleteplaysforteam,f), (i,subpartof,b)
3.0	2.0	0.666666667	(a,mutualproxyfor,b) <= (g,locationlocatedwithinlocation,b), (g,mutualproxyfor,a), (b,proxyfor,a)
3.0	2.0	0.666666667	(a,atlocation,b) <= (a,agentactsinlocation,b), (h,atlocation,a), (a,atlocation,h)
6.0	4.0	0.666666667	(a,agentcompeteswithagent,b) <= (a,agentcompeteswithagent,f), (i,locationlocatedwithinlocation,f), (i,subpartof,b)
3.0	2.0	0.666666667	(a,agentcompeteswithagent,b) <= (a,agentcompeteswithagent,f), (i,athleteledsportsteam,f), (i,subpartof,b)
6.0	4.0	0.666666667	(a,automobilemakercardealersinstateorprovince,b) <= (a,automobilemakercardealersinstateorprovince,j), (b,organizationhiredperson,f), (f,worksfor,j)
3.0	2.0	0.666666667	(a,organizationterminatedperson,b) <= (b,ceoof,a), (h,mutualproxyfor,b), (b,proxyfor,h)
24.0	16.0	0.666666667	(a,organizationterminatedperson,b) <= (b,ceoof,a), (h,organizationterminatedperson,b), (b,worksfor,h)
3.0	2.0	0.666666667	(a,locationlocatedwithinlocation,b) <= (j,atlocation,a), (e,persondiedincountry,j), (e,personmovedtostateorprovince,b)
3.0	2.0	0.666666667	(a,citylocatedingeopoliticallocation,b) <= (a,citylocatedingeopoliticallocation,h), (h,mutualproxyfor,a), (a,subpartof,b)
3.0	2.0	0.666666667	(a,personleadsorganization,b) <= (j,ceoof,b), (f,mutualproxyfor,j), (a,proxyfor,f)
18.0	12.0	0.666666667	(a,atdate,b) <= (e,atdate,b), (i,atdate,e), (i,organizationdissolvedatdate,a)
9.0	6.0	0.666666667	(a,atlocation,b) <= (i,atlocation,b), (a,organizationhiredperson,f), (i,organizationterminatedperson,f)
6.0	4.0	0.666666667	(a,organizationterminatedperson,b) <= (h,companyalsoknownas,a), (a,organizationalsoknownas,h), (b,topmemberoforganization,a)
3.0	2.0	0.666666667	(a,citylocatedingeopoliticallocation,b) <= (g,atlocation,b), (a,locationlocatedwithinlocation,b), (g,subpartof,a)
6.0	4.0	0.666666667	(a,mutualproxyfor,b) <= (a,organizationhiredperson,h), (b,subpartof,a), (h,subpartof,a)
6.0	4.0	0.666666667	(a,personleadsorganization,b) <= (i,headquarteredin,b), (i,newspaperincity,f), (a,personleadsorganization,f)
3.0	2.0	0.666666667	(a,politicianholdsoffice,b) <= (i,hashusband,a), (e,politicianholdsoffice,b), (i,politicianusendorsedbypoliticianus,e)
6.0	4.0	0.666666667	(a,coachwontrophy,b) <= (f,agentcontrols,j), (a,athleteplaysforteam,f), (j,coachwontrophy,b)
6.0	4.0	0.666666667	(a,citylocatedingeopoliticallocation,b) <= (i,airportincity,f), (i,buildinglocatedincity,b), (a,citylocatedingeopoliticallocation,f)
12.0	8.0	0.666666667	(a,citylocatedingeopoliticallocation,b) <= (a,citylocatedingeopoliticallocation,f), (i,personhasresidenceingeopoliticallocation,f), (i,personleadsorganization,b)
6.0	4.0	0.666666667	(a,personleadsorganization,b) <= (i,athleteledsportsteam,b), (i,athleteplaysforteam,f), (a,personleadsorganization,f)
3.0	2.0	0.666666667	(a,animalpreyson,b) <= (g,agentcompeteswithagent,b), (b,specializationof,a), (g,specializationof,b)
6.0	4.0	0.666666667	(a,agentcompeteswithagent,b) <= (e,agentcompeteswithagent,a), (e,agentcompeteswithagent,b), (e,teamalsoknownas,a)
12.0	8.0	0.666666667	(a,citylocatedingeopoliticallocation,b) <= (a,citylocatedingeopoliticallocation,f), (i,personhasresidenceingeopoliticallocation,b), (i,personleadsorganization,f)
3.0	2.0	0.666666667	(a,organizationterminatedperson,b) <= (a,acquired,h), (b,personleadsorganization,a), (h,subpartoforganization,a)
3.0	2.0	0.666666667	(a,organizationterminatedperson,b) <= (a,companyalsoknownas,h), (b,personleadsorganization,a), (b,topmemberoforganization,h)
30.0	20.0	0.666666667	(a,personbelongstoorganization,b) <= (b,agentcollaborateswithagent,f), (j,agentcontrols,f), (a,personbelongstoorganization,j)
3.0	2.0	0.666666667	(a,coachesteam,b) <= (i,athleteledsportsteam,f), (a,coachesteam,f), (i,subpartof,b)
3.0	2.0	0.666666667	(a,atlocation,b) <= (a,agentbelongstoorganization,f), (i,airportincity,b), (i,airportincity,f)
3.0	2.0	0.666666667	(a,hassibling,b) <= (a,hassibling,f), (i,motherofperson,f), (i,parentofperson,b)
18.0	12.0	0.666666667	(a,personleadsorganization,b) <= (f,subpartof,j), (j,worksfor,b), (a,worksfor,f)
3.0	2.0	0.666666667	(a,coachesteam,b) <= (i,athleteplaysforteam,f), (a,coachesteam,f), (i,subpartof,b)
12.0	8.0	0.666666667	(a,hasofficeincountry,b) <= (i,organizationheadquarteredincountry,b), (a,organizationterminatedperson,f), (i,organizationterminatedperson,f)
3.0	2.0	0.666666667	(a,organizationterminatedperson,b) <= (h,mutualproxyfor,b), (b,personleadsorganization,a), (b,topmemberoforganization,h)
3.0	2.0	0.666666667	(a,atlocation,b) <= (a,agentbelongstoorganization,f), (i,hotelincity,b), (i,hotelincity,f)
3.0	2.0	0.666666667	(a,organizationterminatedperson,b) <= (b,agentcontrols,h), (b,mutualproxyfor,h), (b,personleadsorganization,a)
3.0	2.0	0.666666667	(a,atlocation,b) <= (a,agentbelongstoorganization,f), (i,organizationheadquarteredincity,b), (i,organizationheadquarteredincity,f)
6.0	4.0	0.666666667	(a,animalpreyson,b) <= (b,animalistypeofanimal,a), (b,animalpreyson,a), (b,animalsuchasinvertebrate,a)
3.0	2.0	0.666666667	(a,atlocation,b) <= (a,agentbelongstoorganization,f), (i,teamplaysincity,b), (i,teamplaysincity,f)
6.0	4.0	0.666666667	(a,coachesteam,b) <= (a,coachesteam,f), (i,personbelongstoorganization,f), (i,subpartof,b)
3.0	2.0	0.666666667	(a,atlocation,b) <= (a,agentbelongstoorganization,f), (i,stadiumlocatedincity,b), (i,stadiumlocatedincity,f)
3.0	2.0	0.666666667	(a,mutualproxyfor,b) <= (g,citylocatedinstate,b), (b,proxyfor,a), (g,proxyfor,a)
6.0	4.0	0.666666667	(a,hassibling,b) <= (i,fatherofperson,b), (a,hassibling,f), (i,parentofperson,f)
3.0	2.0	0.666666667	(a,atdate,b) <= (e,atdate,b), (i,companyalsoknownas,a), (i,synonymfor,e)
3.0	2.0	0.666666667	(a,organizationterminatedperson,b) <= (a,mutualproxyfor,h), (a,organizationterminatedperson,h), (b,proxyfor,a)
3.0	2.0	0.666666667	(a,personleadsgeopoliticalorganization,b) <= (f,mutualproxyfor,j), (a,personhasresidenceingeopoliticallocation,f), (j,personleadsgeopoliticalorganization,b)
3.0	2.0	0.666666667	(a,agentcompeteswithagent,b) <= (b,organizationterminatedperson,f), (f,personbelongstoorganization,j), (j,subpartoforganization,a)
3.0	2.0	0.666666667	(a,citylocatedingeopoliticallocation,b) <= (a,citylocatedingeopoliticallocation,h), (b,mutualproxyfor,a), (a,subpartof,h)
3.0	2.0	0.666666667	(a,organizationhiredperson,b) <= (i,companyalsoknownas,f), (i,organizationhiredperson,b), (a,synonymfor,f)
3.0	2.0	0.666666667	(a,personbelongstoorganization,b) <= (j,ceoof,b), (f,organizationhiredperson,j), (a,personbelongstoorganization,f)
6.0	4.0	0.666666667	(a,personborninlocation,b) <= (i,airportincity,f), (i,buildinglocatedincity,b), (a,personborninlocation,f)
3.0	2.0	0.666666667	(a,organizationhiredperson,b) <= (a,companyalsoknownas,f), (i,organizationterminatedperson,b), (i,synonymfor,f)
3.0	2.0	0.666666667	(a,personhasresidenceingeopoliticallocation,b) <= (g,personhasresidenceingeopoliticallocation,b), (a,personleadsgeopoliticalorganization,b), (g,worksfor,b)
6.0	4.0	0.666666667	(a,personborninlocation,b) <= (f,organizationhiredperson,j), (j,personbelongstoorganization,b), (a,personborninlocation,f)
9.0	6.0	0.666666667	(a,personleadsorganization,b) <= (j,organizationhiredperson,a), (e,proxyfor,j), (e,worksfor,b)
45.0	30.0	0.666666667	(a,agentcompeteswithagent,b) <= (a,agentcompeteswithagent,j), (j,organizationhiredperson,f), (b,organizationterminatedperson,f)
3.0	2.0	0.666666667	(a,atlocation,b) <= (a,agentactsinlocation,b), (g,atlocation,a), (g,atlocation,b)
6.0	4.0	0.666666667	(a,personborninlocation,b) <= (j,organizationhiredperson,f), (b,organizationterminatedperson,f), (a,personborninlocation,j)
3.0	2.0	0.666666667	(a,personbelongstoorganization,b) <= (j,athleteplaysinleague,b), (f,organizationhiredperson,j), (a,personbelongstoorganization,f)
3.0	2.0	0.666666667	(a,istallerthan,b) <= (i,istallerthan,b), (a,organizationterminatedperson,f), (f,personbelongstoorganization,i)
42.0	28.0	0.666666667	(a,organizationterminatedperson,b) <= (a,organizationhiredperson,h), (a,organizationterminatedperson,h), (b,worksfor,a)
6.0	4.0	0.666666667	(a,citylocatedingeopoliticallocation,b) <= (a,citylocatedingeopoliticallocation,h), (a,locationlocatedwithinlocation,b), (a,proxyfor,h)
3.0	2.0	0.666666667	(a,animalsuchasinvertebrate,b) <= (b,animalpreyson,a), (h,animalsuchasinvertebrate,b), (a,animalthatfeedoninsect,h)
6.0	4.0	0.666666667	(a,organizationhiredperson,b) <= (i,organizationterminatedperson,b), (a,statehascapital,f), (i,statehascapital,f)
6.0	4.0	0.666666667	(a,agriculturalproductcomingfromvertebrate,b) <= (a,agriculturalproductcomingfromvertebrate,i), (b,animaleatvegetable,f), (i,fishservedwithfood,f)
3.0	2.0	0.666666667	(a,animalsuchasinvertebrate,b) <= (b,animalpreyson,a), (a,animalsuchasinvertebrate,h), (a,arthropodcalledarthropod,h)
3.0	2.0	0.666666667	(a,animalsuchasinvertebrate,b) <= (a,animalistypeofanimal,h), (b,animalpreyson,a), (b,arthropodcalledarthropod,h)
3.0	2.0	0.666666667	(a,animalpreyson,b) <= (a,agriculturalproductincludingagriculturalproduct,f), (j,animalpreyson,b), (f,specializationof,j)
3.0	2.0	0.666666667	(a,animalsuchasinsect,b) <= (a,animalistypeofanimal,b), (a,animalsuchasinsect,h), (h,arthropodcalledarthropod,b)
3.0	2.0	0.666666667	(a,organizationterminatedperson,b) <= (h,proxyfor,a), (a,subpartof,h), (b,worksfor,a)
3.0	2.0	0.666666667	(a,animalsuchasinvertebrate,b) <= (a,animalsuchasinsect,h), (b,animalthatfeedoninsect,a), (b,arthropodcalledarthropod,h)
18.0	12.0	0.666666667	(a,organizationterminatedperson,b) <= (a,subpartof,h), (b,worksfor,a), (h,worksfor,a)
3.0	2.0	0.666666667	(a,personleadsgeopoliticalorganization,b) <= (i,citylocatedincountry,f), (i,citylocatedingeopoliticallocation,b), (a,personleadsgeopoliticalorganization,f)
3.0	2.0	0.666666667	(a,animalpreyson,b) <= (h,animalistypeofanimal,a), (b,animalpreyson,h), (b,animalthatfeedoninsect,a)
3.0	2.0	0.666666667	(a,bankbankincountry,b) <= (e,bankbankincountry,b), (i,ceoof,a), (i,topmemberoforganization,e)
3.0	2.0	0.666666667	(a,mutualproxyfor,b) <= (b,locationlocatedwithinlocation,h), (b,proxyfor,a), (h,proxyfor,a)
3.0	2.0	0.666666667	(a,personleadsorganization,b) <= (i,agentcollaborateswithagent,a), (e,personleadsorganization,b), (i,subpartof,e)
3.0	2.0	0.666666667	(a,atlocation,b) <= (a,agentactsinlocation,b), (h,mutualproxyfor,a), (a,proxyfor,h)
3.0	2.0	0.666666667	(a,mutualproxyfor,b) <= (b,ceoof,h), (h,mutualproxyfor,b), (b,proxyfor,a)
3.0	2.0	0.666666667	(a,personleadsgeopoliticalorganization,b) <= (b,agentcollaborateswithagent,a), (h,mutualproxyfor,a), (a,personleadsgeopoliticalorganization,h)
3.0	2.0	0.666666667	(a,organizationterminatedperson,b) <= (b,proxyfor,a), (a,subpartof,h), (h,worksfor,a)
3.0	2.0	0.666666667	(a,atlocation,b) <= (a,agentactsinlocation,b), (a,proxyfor,h), (a,subpartof,h)
15.0	10.0	0.666666667	(a,atlocation,b) <= (a,atlocation,f), (i,hasofficeincountry,b), (i,organizationheadquarteredincountry,f)
3.0	2.0	0.666666667	(a,persongraduatedschool,b) <= (i,persongraduatedschool,b), (i,personhascitizenship,f), (a,personleadsgeopoliticalorganization,f)
6.0	4.0	0.666666667	(a,agentcompeteswithagent,b) <= (f,agentcompeteswithagent,b), (a,agentcompeteswithagent,f), (f,teamalsoknownas,b)
3.0	2.0	0.666666667	(a,animalpreyson,b) <= (h,animalpreyson,b), (a,animalsuchasinvertebrate,h), (b,animalthatfeedoninsect,a)
3.0	2.0	0.666666667	(a,personleadsorganization,b) <= (f,mutualproxyfor,j), (a,personhasresidenceingeopoliticallocation,f), (j,personleadsorganization,b)
3.0	2.0	0.666666667	(a,persongraduatedschool,b) <= (j,fatherofperson,a), (e,hashusband,j), (e,persongraduatedfromuniversity,b)
3.0	2.0	0.666666667	(a,personborninlocation,b) <= (f,organizationhiredperson,j), (j,personborninlocation,b), (a,personmovedtostateorprovince,f)
3.0	2.0	0.666666667	(a,personbelongstoorganization,b) <= (a,athleteledsportsteam,j), (j,synonymfor,f), (b,teamplaysagainstteam,f)
3.0	2.0	0.666666667	(a,personleadsgeopoliticalorganization,b) <= (a,personhasresidenceingeopoliticallocation,b), (a,personleadsgeopoliticalorganization,h), (a,worksfor,h)
3.0	2.0	0.666666667	(a,agentcollaborateswithagent,b) <= (g,agentcollaborateswithagent,b), (b,agentcontrols,a), (g,mutualproxyfor,b)
6.0	4.0	0.666666667	(a,personleadsorganization,b) <= (i,agentcollaborateswithagent,f), (i,personleadsorganization,b), (a,subpartof,f)
3.0	2.0	0.666666667	(a,mutualproxyfor,b) <= (h,atlocation,b), (b,citylocatedingeopoliticallocation,h), (b,proxyfor,a)
3.0	2.0	0.666666667	(a,personleadsorganization,b) <= (i,ceoof,b), (a,mutualproxyfor,f), (i,mutualproxyfor,f)
3.0	2.0	0.666666667	(a,personbelongstoorganization,b) <= (j,mutualproxyfor,f), (b,organizationterminatedperson,f), (a,personbelongstoorganization,j)
3.0	2.0	0.666666667	(a,organizationterminatedperson,b) <= (b,proxyfor,a), (h,subpartof,b), (b,worksfor,h)
3.0	2.0	0.666666667	(a,animalpreyson,b) <= (j,animalpreyson,a), (e,animalsuchasfish,b), (e,specializationof,j)
6.0	4.0	0.666666667	(a,personborninlocation,b) <= (i,headquarteredin,b), (i,newspaperincity,f), (a,personborninlocation,f)
6.0	4.0	0.666666667	(a,agentcompeteswithagent,b) <= (f,agentcompeteswithagent,b), (a,agentcompeteswithagent,f), (b,teamalsoknownas,f)
3.0	2.0	0.666666667	(a,personhasresidenceingeopoliticallocation,b) <= (b,mutualproxyfor,a), (g,personhasresidenceingeopoliticallocation,b), (g,worksfor,b)
15.0	10.0	0.666666667	(a,subpartof,b) <= (a,agentcollaborateswithagent,f), (i,agentcontrols,f), (i,subpartof,b)
3.0	2.0	0.666666667	(a,subpartoforganization,b) <= (b,agentcompeteswithagent,a), (g,citylocatedinstate,a), (g,proxyfor,a)
3.0	2.0	0.666666667	(a,mutualproxyfor,b) <= (b,proxyfor,a), (h,subpartof,b), (b,worksfor,h)
3.0	2.0	0.666666667	(a,istallerthan,b) <= (j,attractionofcity,a), (e,istallerthan,b), (e,proxyfor,j)
3.0	2.0	0.666666667	(a,animalpreyson,b) <= (e,animalpreyson,b), (i,animalsuchasfish,a), (i,specializationof,e)
3.0	2.0	0.666666667	(a,personleadsgeopoliticalorganization,b) <= (j,citylocatedingeopoliticallocation,b), (f,mutualproxyfor,j), (a,personleadsgeopoliticalorganization,f)
3.0	2.0	0.666666667	(a,organizationterminatedperson,b) <= (a,agentcreated,j), (f,automakerproducesmodel,j), (b,personleadsorganization,f)
3.0	2.0	0.666666667	(a,organizationterminatedperson,b) <= (a,agentinvolvedwithitem,j), (f,automakerproducesmodel,j), (b,personleadsorganization,f)
3.0	2.0	0.666666667	(a,animalsuchasinsect,b) <= (f,agentcompeteswithagent,j), (a,animalistypeofanimal,j), (b,arthropodandotherarthropod,f)
3.0	2.0	0.666666667	(a,sportsgameteam,b) <= (i,coachesteam,b), (a,sportsgameteam,f), (i,subpartof,f)
6.0	4.0	0.666666667	(a,synonymfor,b) <= (g,citycapitalofcountry,a), (g,citylocatedincountry,a), (b,synonymfor,a)
3.0	2.0	0.666666667	(a,sportusesstadium,b) <= (f,locationlocatedwithinlocation,j), (j,proxyfor,b), (a,sportusesstadium,f)
3.0	2.0	0.666666667	(a,synonymfor,b) <= (g,citylocatedingeopoliticallocation,b), (g,subpartof,b), (b,synonymfor,a)
6.0	4.0	0.666666667	(a,politicianusendorsedbypoliticianus,b) <= (b,agentcollaborateswithagent,h), (h,agentcontrols,b), (b,politicianusendorsedbypoliticianus,a)
3.0	2.0	0.666666667	(a,headquarteredin,b) <= (b,agentcompeteswithagent,a), (b,mutualproxyfor,h), (h,subpartof,b)
3.0	2.0	0.666666667	(a,sportsgameteam,b) <= (j,agentcontrols,e), (e,athleteplaysforteam,b), (a,sportsgameteam,j)
3.0	2.0	0.666666667	(a,organizationterminatedperson,b) <= (a,mutualproxyfor,b), (a,organizationterminatedperson,h), (h,proxyfor,a)
3.0	2.0	0.666666667	(a,synonymfor,b) <= (g,sportfansincountry,b), (g,sportschoolincountry,b), (b,synonymfor,a)
6.0	4.0	0.666666667	(a,competeswith,b) <= (j,acquired,f), (a,companyalsoknownas,j), (b,competeswith,f)
18.0	12.0	0.666666667	(a,sportsgameteam,b) <= (i,personbelongstoorganization,b), (a,sportsgameteam,f), (i,subpartof,f)
3.0	2.0	0.666666667	(a,organizationterminatedperson,b) <= (b,proxyfor,f), (a,subpartof,j), (j,worksfor,f)
3.0	2.0	0.666666667	(a,competeswith,b) <= (a,agentinvolvedwithitem,j), (b,competeswith,f), (j,synonymfor,f)
3.0	2.0	0.666666667	(a,atlocation,b) <= (i,citycapitalofcountry,f), (i,citylocatedincountry,b), (a,subpartof,f)
3.0	2.0	0.666666667	(a,animalsuchasinsect,b) <= (j,agentcompeteswithagent,b), (a,animalistypeofanimal,f), (f,arthropodandotherarthropod,j)
3.0	2.0	0.666666667	(a,locationlocatedwithinlocation,b) <= (i,atlocation,b), (a,locationlocatedwithinlocation,f), (i,personleadsgeopoliticalorganization,f)
9.0	6.0	0.666666667	(a,competeswith,b) <= (f,ceoof,j), (a,competeswith,j), (b,organizationhiredperson,f)
3.0	2.0	0.666666667	(a,personbelongstoorganization,b) <= (j,agentcollaborateswithagent,a), (e,organizationheadquarteredincity,j), (e,televisionstationincity,b)
18.0	12.0	0.666666667	(a,sportsgameteam,b) <= (i,agentparticipatedinevent,a), (i,mutualproxyfor,e), (e,teamplaysagainstteam,b)
15.0	10.0	0.666666667	(a,athleteledsportsteam,b) <= (f,agentcollaborateswithagent,j), (a,athleteledsportsteam,f), (j,athleteplaysforteam,b)
3.0	2.0	0.666666667	(a,animalpreyson,b) <= (b,agentcompeteswithagent,h), (b,animalistypeofanimal,a), (b,specializationof,h)
3.0	2.0	0.666666667	(a,organizationterminatedperson,b) <= (a,mutualproxyfor,b), (h,organizationterminatedperson,b), (b,proxyfor,h)
3.0	2.0	0.666666667	(a,locationlocatedwithinlocation,b) <= (i,agentactsinlocation,a), (i,agentactsinlocation,e), (e,attractionofcity,b)
3.0	2.0	0.666666667	(a,organizationterminatedperson,b) <= (b,proxyfor,f), (f,subpartof,j), (j,worksfor,a)
6.0	4.0	0.666666667	(a,subpartof,b) <= (i,organizationheadquarteredincity,a), (e,subpartof,b), (i,televisionstationincity,e)
3.0	2.0	0.666666667	(a,synonymfor,b) <= (b,mutualproxyfor,h), (a,organizationalsoknownas,b), (h,subpartof,b)
3.0	2.0	0.666666667	(a,organizationterminatedperson,b) <= (j,ceoof,a), (f,mutualproxyfor,j), (b,proxyfor,f)
3.0	2.0	0.666666667	(a,synonymfor,b) <= (b,mutualproxyfor,h), (a,organizationalsoknownas,b), (h,proxyfor,b)
3.0	2.0	0.666666667	(a,headquarteredin,b) <= (b,agentcompeteswithagent,a), (g,headquarteredin,b), (g,organizationheadquarteredincity,b)
3.0	2.0	0.666666667	(a,synonymfor,b) <= (i,airportincity,e), (i,buildinglocatedincity,a), (e,synonymfor,b)
3.0	2.0	0.666666667	(a,organizationterminatedperson,b) <= (b,agentcollaborateswithagent,f), (f,mutualproxyfor,j), (j,worksfor,a)
3.0	2.0	0.666666667	(a,synonymfor,b) <= (a,companyalsoknownas,b), (a,organizationhiredperson,h), (h,worksfor,a)
3.0	2.0	0.666666667	(a,athleteledsportsteam,b) <= (i,athleteplaysforteam,f), (i,subpartof,b), (a,subpartof,f)
18.0	12.0	0.666666667	(a,organizationterminatedperson,b) <= (a,subpartof,b), (a,subpartof,h), (h,worksfor,a)
3.0	2.0	0.666666667	(a,personbelongstoorganization,b) <= (j,agentcollaborateswithagent,a), (e,stadiumlocatedincity,b), (e,stadiumlocatedincity,j)
15.0	10.0	0.666666667	(a,journalistwritesforpublication,b) <= (f,atlocation,j), (b,competeswith,f), (a,personbelongstoorganization,j)
3.0	2.0	0.666666667	(a,synonymfor,b) <= (i,ceoof,e), (e,organizationalsoknownas,b), (i,worksfor,a)
3.0	2.0	0.666666667	(a,agentbelongstoorganization,b) <= (a,agentbelongstoorganization,f), (f,locationlocatedwithinlocation,j), (j,subpartoforganization,b)
3.0	2.0	0.666666667	(a,personbelongstoorganization,b) <= (j,agentcollaborateswithagent,a), (e,buildinglocatedincity,b), (e,buildinglocatedincity,j)
12.0	8.0	0.666666667	(a,organizationterminatedperson,b) <= (a,organizationterminatedperson,h), (h,personleadsorganization,a), (a,subpartof,b)
3.0	2.0	0.666666667	(a,organizationterminatedperson,b) <= (a,hasofficeincountry,h), (a,organizationheadquarteredincountry,h), (a,subpartof,b)
18.0	12.0	0.666666667	(a,competeswith,b) <= (b,automakerproducesmodel,f), (a,competeswith,j), (j,producesproduct,f)
3.0	2.0	0.666666667	(a,personbelongstoorganization,b) <= (j,agentcollaborateswithagent,a), (e,airportincity,b), (e,airportincity,j)
3.0	2.0	0.666666667	(a,journalistwritesforpublication,b) <= (h,competeswith,b), (a,worksfor,b), (a,worksfor,h)
3.0	2.0	0.666666667	(a,organizationterminatedperson,b) <= (b,proxyfor,h), (a,subpartof,b), (b,worksfor,h)
3.0	2.0	0.666666667	(a,animalpreyson,b) <= (b,animalistypeofanimal,a), (a,animalpreyson,h), (h,specializationof,b)
12.0	8.0	0.666666667	(a,organizationterminatedperson,b) <= (h,organizationterminatedperson,b), (b,personleadsorganization,h), (a,subpartof,b)
3.0	2.0	0.666666667	(a,headquarteredin,b) <= (b,agentcompeteswithagent,a), (b,atlocation,h), (b,mutualproxyfor,h)
3.0	2.0	0.666666667	(a,athleteledsportsteam,b) <= (i,athleteplaysforteam,b), (a,subpartof,f), (i,subpartof,f)
3.0	2.0	0.666666667	(a,organizationterminatedperson,b) <= (i,ceoof,a), (b,mutualproxyfor,f), (i,mutualproxyfor,f)
3.0	2.0	0.666666667	(a,athleteledsportsteam,b) <= (i,athleteledsportsteam,b), (i,personbelongstoorganization,f), (a,subpartof,f)
3.0	2.0	0.666666667	(a,personbelongstoorganization,b) <= (j,agentcollaborateswithagent,a), (e,organizationheadquarteredincity,b), (e,televisionstationincity,j)
3.0	2.0	0.666666667	(a,athleteledsportsteam,b) <= (a,athletebeatathlete,f), (i,athletebeatathlete,f), (i,athleteplaysforteam,b)
3.0	2.0	0.666666667	(a,subpartof,b) <= (i,agentcreated,e), (i,istallerthan,a), (e,subpartof,b)
3.0	2.0	0.666666667	(a,organizationterminatedperson,b) <= (j,agentcollaborateswithagent,f), (a,organizationterminatedperson,j), (b,subpartof,f)
3.0	2.0	0.666666667	(a,animalpreyson,b) <= (h,animalistypeofanimal,a), (b,animalpreyson,h), (a,specializationof,b)
3.0	2.0	0.666666667	(a,synonymfor,b) <= (a,organizationacronymhasname,h), (b,synonymfor,a), (h,synonymfor,b)
3.0	2.0	0.666666667	(a,personbelongstoorganization,b) <= (j,agentcollaborateswithagent,a), (e,organizationheadquarteredincity,b), (e,organizationheadquarteredincity,j)
3.0	2.0	0.666666667	(a,synonymfor,b) <= (b,organizationhiredperson,h), (b,organizationterminatedperson,h), (b,synonymfor,a)
3.0	2.0	0.666666667	(a,headquarteredin,b) <= (b,agentcompeteswithagent,a), (b,mutualproxyfor,h), (h,proxyfor,b)
3.0	2.0	0.666666667	(a,organizationterminatedperson,b) <= (g,proxyfor,a), (a,subpartof,b), (g,worksfor,a)
3.0	2.0	0.666666667	(a,organizationterminatedperson,b) <= (b,agentcontrols,f), (i,mutualproxyfor,f), (i,personleadsorganization,a)
3.0	2.0	0.666666667	(a,synonymfor,b) <= (a,organizationalsoknownas,b), (g,proxyfor,b), (g,subpartof,b)
3.0	2.0	0.666666667	(a,atlocation,b) <= (j,agentactsinlocation,b), (f,ceoof,j), (a,mutualproxyfor,f)
3.0	2.0	0.666666667	(a,animalthatfeedoninsect,b) <= (b,arthropodandotherarthropod,h), (a,specializationof,b), (h,specializationof,b)
3.0	2.0	0.666666667	(a,animalpreyson,b) <= (b,agentcompeteswithagent,a), (g,animalpreyson,a), (g,mammalsuchasmammal,b)
3.0	2.0	0.666666667	(a,animalthatfeedoninsect,b) <= (g,animalistypeofanimal,a), (g,animalistypeofanimal,b), (a,animalsuchasinsect,b)
3.0	2.0	0.666666667	(a,companyeconomicsector,b) <= (e,atlocation,j), (e,companyeconomicsector,b), (j,subpartof,a)
3.0	2.0	0.666666667	(a,statehascapital,b) <= (f,mutualproxyfor,j), (j,statehascapital,b), (a,statehascapital,f)
3.0	2.0	0.666666667	(a,synonymfor,b) <= (j,companyalsoknownas,b), (a,organizationhiredperson,f), (f,personleadsorganization,j)
3.0	2.0	0.666666667	(a,agentbelongstoorganization,b) <= (a,agentbelongstoorganization,f), (i,headquarteredin,f), (i,organizationheadquarteredincity,b)
3.0	2.0	0.666666667	(a,agentbelongstoorganization,b) <= (a,agentbelongstoorganization,f), (i,airportincity,f), (i,buildinglocatedincity,b)
3.0	2.0	0.666666667	(a,headquarteredin,b) <= (a,agentcontrols,h), (h,competeswith,a), (a,organizationheadquarteredincity,b)
6.0	4.0	0.666666667	(a,haswife,b) <= (b,hashusband,f), (j,hasspouse,f), (a,haswife,j)
3.0	2.0	0.666666667	(a,companyeconomicsector,b) <= (e,companyeconomicsector,b), (i,personleadsorganization,a), (i,proxyfor,e)
6.0	4.0	0.666666667	(a,personbornincity,b) <= (h,hasspouse,a), (a,hasspouse,h), (a,personborninlocation,b)
6.0	4.0	0.666666667	(a,haswife,b) <= (j,hashusband,f), (b,hasspouse,f), (a,haswife,j)
3.0	2.0	0.666666667	(a,organizationacronymhasname,b) <= (b,headquarteredin,f), (a,organizationacronymhasname,j), (j,organizationheadquarteredincity,f)
6.0	4.0	0.666666667	(a,synonymfor,b) <= (i,agentcompeteswithagent,f), (i,synonymfor,b), (a,synonymfor,f)
3.0	2.0	0.666666667	(a,synonymfor,b) <= (a,agentcontrols,f), (i,proxyfor,f), (i,synonymfor,b)
3.0	2.0	0.666666667	(a,animalpreyson,b) <= (b,animalpreyson,h), (b,animalsuchasfish,a), (b,specializationof,h)
3.0	2.0	0.666666667	(a,airportincity,b) <= (a,airportincity,f), (f,mutualproxyfor,j), (j,worksfor,b)
3.0	2.0	0.666666667	(a,airportincity,b) <= (j,agentbelongstoorganization,b), (a,airportincity,f), (f,mutualproxyfor,j)
3.0	2.0	0.666666667	(a,animalpreyson,b) <= (h,animalpreyson,b), (b,animalsuchasfish,a), (b,specializationof,h)
3.0	2.0	0.666666667	(a,agentbelongstoorganization,b) <= (i,agentbelongstoorganization,b), (a,agentcollaborateswithagent,f), (i,politicianusmemberofpoliticalgroup,f)
3.0	2.0	0.666666667	(a,headquarteredin,b) <= (a,organizationalsoknownas,h), (a,organizationheadquarteredincity,b), (a,synonymfor,h)
3.0	2.0	0.666666667	(a,animalpreyson,b) <= (b,animalsuchasfish,a), (b,animalsuchasfish,h), (b,specializationof,h)
3.0	2.0	0.666666667	(a,organizationacronymhasname,b) <= (i,companyalsoknownas,b), (a,organizationacronymhasname,f), (i,organizationacronymhasname,f)
3.0	2.0	0.666666667	(a,organizationacronymhasname,b) <= (i,agentcollaborateswithagent,a), (e,organizationacronymhasname,b), (i,subpartof,e)
3.0	2.0	0.666666667	(a,organizationacronymhasname,b) <= (a,agentcontrols,f), (i,organizationacronymhasname,b), (i,subpartof,f)
3.0	2.0	0.666666667	(a,organizationacronymhasname,b) <= (a,agentcontrols,f), (i,organizationacronymhasname,b), (i,proxyfor,f)
3.0	2.0	0.666666667	(a,statehascapital,b) <= (i,hasofficeincity,f), (i,organizationheadquarteredincity,b), (a,statehascapital,f)
15.0	10.0	0.666666667	(a,organizationterminatedperson,b) <= (f,mutualproxyfor,j), (a,organizationhiredperson,j), (b,topmemberoforganization,f)
6.0	4.0	0.666666667	(a,agentbelongstoorganization,b) <= (a,agentbelongstoorganization,f), (i,athleteledsportsteam,b), (i,athleteplaysforteam,f)
3.0	2.0	0.666666667	(a,animalthatfeedoninsect,b) <= (b,animalistypeofanimal,h), (a,animalsuchasinsect,b), (b,specializationof,h)
9.0	6.0	0.666666667	(a,animalpreyson,b) <= (b,animalistypeofanimal,a), (h,animalpreyson,a), (b,animalsuchasinvertebrate,h)
6.0	4.0	0.666666667	(a,athleteledsportsteam,b) <= (h,agentcollaborateswithagent,b), (a,athleteplaysforteam,b), (b,teamplaysinleague,h)
3.0	2.0	0.666666667	(a,synonymfor,b) <= (g,mutualproxyfor,b), (a,organizationalsoknownas,b), (g,subpartof,b)
6.0	4.0	0.666666667	(a,organizationterminatedperson,b) <= (b,agentcontrols,f), (a,organizationterminatedperson,j), (j,subpartof,f)
3.0	2.0	0.666666667	(a,headquarteredin,b) <= (b,agentcompeteswithagent,a), (g,mutualproxyfor,b), (g,subpartof,b)
3.0	2.0	0.666666667	(a,athleteledsportsteam,b) <= (a,athleteledsportsteam,h), (a,athleteplaysforteam,h), (a,subpartof,b)
3.0	2.0	0.666666667	(a,athleteledsportsteam,b) <= (a,athleteplaysforteam,h), (a,subpartof,b), (a,subpartof,h)
3.0	2.0	0.666666667	(a,athleteledsportsteam,b) <= (a,athleteledsportsteam,h), (a,personbelongstoorganization,h), (a,subpartof,b)
3.0	2.0	0.666666667	(a,athleteledsportsteam,b) <= (a,athleteplaysforteam,h), (a,personbelongstoorganization,h), (a,subpartof,b)
12.0	8.0	0.666666667	(a,companyeconomicsector,b) <= (f,agentbelongstoorganization,j), (a,agentcollaborateswithagent,f), (j,companyeconomicsector,b)
3.0	2.0	0.666666667	(a,athleteledsportsteam,b) <= (a,athletewinsawardtrophytournament,h), (a,personbelongstoorganization,b), (b,teamwontrophy,h)
3.0	2.0	0.666666667	(a,athleteledsportsteam,b) <= (a,athleteplaysforteam,h), (a,personbelongstoorganization,b), (a,subpartof,h)
12.0	8.0	0.666666667	(a,athleteledsportsteam,b) <= (a,athleteplaysinleague,h), (a,personbelongstoorganization,b), (b,teamplaysinleague,h)
3.0	2.0	0.666666667	(a,athleteledsportsteam,b) <= (a,athleteledsportsteam,h), (a,personbelongstoorganization,b), (a,subpartof,h)
9.0	6.0	0.666666667	(a,companyeconomicsector,b) <= (f,agentbelongstoorganization,j), (a,agentcontrols,f), (j,companyeconomicsector,b)
3.0	2.0	0.666666667	(a,headquarteredin,b) <= (a,agentcollaborateswithagent,h), (a,organizationheadquarteredincity,b), (h,personleadsorganization,a)
3.0	2.0	0.666666667	(a,atlocation,b) <= (f,mutualproxyfor,j), (j,politicianrepresentslocation,b), (a,subpartof,f)
18.0	12.0	0.666666667	(a,organizationterminatedperson,b) <= (f,subpartof,j), (j,worksfor,a), (b,worksfor,f)
3.0	2.0	0.666666667	(a,agentbelongstoorganization,b) <= (a,agentbelongstoorganization,f), (i,athleteledsportsteam,b), (i,personbelongstoorganization,f)
9.0	6.0	0.666666667	(a,companyeconomicsector,b) <= (i,agentcreated,f), (a,agentinvolvedwithitem,f), (i,companyeconomicsector,b)
3.0	2.0	0.666666667	(a,subpartof,b) <= (e,ceoof,j), (j,organizationterminatedperson,a), (e,subpartof,b)
3.0	2.0	0.666666667	(a,athleteledsportsteam,b) <= (h,agentcollaborateswithagent,a), (a,athleteplaysforteam,b), (a,personbelongstoorganization,h)
3.0	2.0	0.666666667	(a,atlocation,b) <= (f,organizationhiredperson,j), (j,politicianrepresentslocation,b), (a,subpartof,f)
3.0	2.0	0.666666667	(a,animalthatfeedoninsect,b) <= (a,animalsuchasinsect,b), (b,animalsuchasinsect,h), (h,arthropodcalledarthropod,a)
3.0	2.0	0.666666667	(a,atlocation,b) <= (f,organizationterminatedperson,j), (j,politicianrepresentslocation,b), (a,subpartof,f)
6.0	4.0	0.666666667	(a,agentbelongstoorganization,b) <= (a,agentbelongstoorganization,f), (i,athleteledsportsteam,f), (i,athleteplaysforteam,b)
3.0	2.0	0.666666667	(a,organizationterminatedperson,b) <= (a,companyalsoknownas,j), (f,synonymfor,j), (b,worksfor,f)
6.0	4.0	0.666666667	(a,competeswith,b) <= (i,agentcontrols,a), (b,newspaperincity,f), (i,newspaperincity,f)
6.0	4.0	0.666666667	(a,synonymfor,b) <= (i,citycapitalofcountry,f), (i,citylocatedincountry,a), (b,synonymfor,f)
6.0	4.0	0.666666667	(a,synonymfor,b) <= (i,citycapitalofcountry,a), (i,citylocatedincountry,f), (b,synonymfor,f)
24.0	16.0	0.666666667	(a,agentbelongstoorganization,b) <= (a,agentbelongstoorganization,f), (f,agentcollaborateswithagent,j), (j,personleadsorganization,b)
3.0	2.0	0.666666667	(a,locationlocatedwithinlocation,b) <= (e,citycapitalofcountry,b), (e,locationlocatedwithinlocation,j), (j,mutualproxyfor,a)
3.0	2.0	0.666666667	(a,atlocation,b) <= (g,locationlocatedwithinlocation,b), (g,proxyfor,a), (a,subpartof,b)
6.0	4.0	0.666666667	(a,locationlocatedwithinlocation,b) <= (f,agentcollaborateswithagent,j), (a,locationlocatedwithinlocation,f), (j,personbelongstoorganization,b)
3.0	2.0	0.666666667	(a,animalthatfeedoninsect,b) <= (b,animalsuchasinvertebrate,a), (a,animalthatfeedoninsect,h), (b,arthropodandotherarthropod,h)
6.0	4.0	0.666666667	(a,competeswith,b) <= (h,agentcompeteswithagent,b), (b,agentcontrols,a), (b,hasofficeincity,h)
3.0	2.0	0.666666667	(a,agentinvolvedwithitem,b) <= (a,agentcreated,b), (g,companyalsoknownas,a), (g,synonymfor,a)
3.0	2.0	0.666666667	(a,atlocation,b) <= (g,citycapitalofcountry,b), (g,citylocatedincountry,b), (a,subpartof,b)
3.0	2.0	0.666666667	(a,headquarteredin,b) <= (i,headquarteredin,b), (i,organizationalsoknownas,f), (a,synonymfor,f)
3.0	2.0	0.666666667	(a,headquarteredin,b) <= (i,headquarteredin,b), (a,organizationalsoknownas,f), (i,synonymfor,f)
3.0	2.0	0.666666667	(a,organizationterminatedperson,b) <= (j,agentcontrols,a), (e,organizationterminatedperson,b), (e,subpartof,j)
12.0	8.0	0.666666667	(a,sportfansincountry,b) <= (i,citycapitalofcountry,b), (i,proxyfor,f), (a,sportfansincountry,f)
6.0	4.0	0.666666667	(a,agentcontributedtocreativework,b) <= (i,agentcontributedtocreativework,b), (i,agentcreated,f), (a,agentinvolvedwithitem,f)
3.0	2.0	0.666666667	(a,organizationhiredperson,b) <= (e,organizationhiredperson,b), (i,personbelongstoorganization,e), (i,personleadsgeopoliticalorganization,a)
6.0	4.0	0.666666667	(a,agentcompeteswithagent,b) <= (b,agentcompeteswithagent,a), (g,athleteplaysforteam,a), (g,personbelongstoorganization,a)
3.0	2.0	0.666666667	(a,agentcompeteswithagent,b) <= (b,agentcompeteswithagent,a), (g,agentcompeteswithagent,b), (g,teamplaysagainstteam,a)
6.0	4.0	0.666666667	(a,agentcompeteswithagent,b) <= (b,agentcompeteswithagent,a), (g,athleteledsportsteam,a), (g,personbelongstoorganization,a)
6.0	4.0	0.666666667	(a,agentcompeteswithagent,b) <= (b,agentcompeteswithagent,a), (g,coachesteam,a), (g,worksfor,a)
3.0	2.0	0.666666667	(a,animalpreyson,b) <= (f,agentcompeteswithagent,a), (b,agentcompeteswithagent,f), (f,specializationof,a)
3.0	2.0	0.666666667	(a,animalthatfeedoninsect,b) <= (a,animalpreyson,h), (b,animalsuchasinvertebrate,a), (h,animalthatfeedoninsect,b)
6.0	4.0	0.666666667	(a,hasspouse,b) <= (a,hashusband,j), (f,hasspouse,j), (b,haswife,f)
3.0	2.0	0.666666667	(a,headquarteredin,b) <= (a,organizationalsoknownas,f), (i,organizationheadquarteredincity,b), (i,synonymfor,f)
12.0	8.0	0.666666667	(a,animalthatfeedoninsect,b) <= (b,animalsuchasinvertebrate,a), (h,animalthatfeedoninsect,b), (a,arthropodcalledarthropod,h)
3.0	2.0	0.666666667	(a,agentcompeteswithagent,b) <= (b,agentcompeteswithagent,a), (g,personbelongstoorganization,a), (g,subpartof,a)
18.0	12.0	0.666666667	(a,atlocation,b) <= (h,citylocatedingeopoliticallocation,b), (a,mutualproxyfor,b), (b,mutualproxyfor,h)
3.0	2.0	0.666666667	(a,animalthatfeedoninsect,b) <= (b,animalsuchasinvertebrate,a), (b,arthropodandotherarthropod,h), (h,arthropodcalledarthropod,a)
3.0	2.0	0.666666667	(a,competeswith,b) <= (a,agentcontrols,b), (b,hasofficeincity,h), (a,headquarteredin,h)
3.0	2.0	0.666666667	(a,organizationterminatedperson,b) <= (a,agentcreated,f), (i,automakerproducesmodel,f), (i,organizationhiredperson,b)
3.0	2.0	0.666666667	(a,organizationterminatedperson,b) <= (a,agentinvolvedwithitem,f), (i,organizationhiredperson,b), (i,producesproduct,f)
3.0	2.0	0.666666667	(a,organizationterminatedperson,b) <= (a,agentinvolvedwithitem,f), (i,automakerproducesmodel,f), (i,organizationhiredperson,b)
3.0	2.0	0.666666667	(a,organizationterminatedperson,b) <= (a,agentcreated,f), (i,organizationhiredperson,b), (i,producesproduct,f)
3.0	2.0	0.666666667	(a,personbelongstoorganization,b) <= (j,agentbelongstoorganization,b), (a,agentcollaborateswithagent,f), (f,personbelongstoorganization,j)
9.0	6.0	0.666666667	(a,sportfansincountry,b) <= (i,citylocatedincountry,b), (a,sportfansincountry,f), (i,subpartof,f)
3.0	2.0	0.666666667	(a,agentcompeteswithagent,b) <= (b,agentcompeteswithagent,a), (g,journalistwritesforpublication,b), (g,worksfor,b)
3.0	2.0	0.666666667	(a,personbelongstoorganization,b) <= (a,athleteledsportsteam,f), (f,synonymfor,j), (j,teamplaysagainstteam,b)
9.0	6.0	0.666666667	(a,atlocation,b) <= (g,statelocatedingeopoliticallocation,b), (g,stateorprovinceisborderedbystateorprovince,b), (a,subpartof,b)
3.0	2.0	0.666666667	(a,teamplaysinleague,b) <= (e,athleteledsportsteam,a), (e,athleteplaysinleague,b), (b,subpartoforganization,a)
3.0	2.0	0.666666667	(a,organizationterminatedperson,b) <= (a,agentcreated,j), (b,personleadsorganization,f), (f,producesproduct,j)
3.0	2.0	0.666666667	(a,mutualproxyfor,b) <= (b,mutualproxyfor,a), (h,proxyfor,b), (a,synonymfor,h)
12.0	8.0	0.666666667	(a,organizationhiredperson,b) <= (e,organizationhiredperson,b), (i,personhasresidenceingeopoliticallocation,a), (i,personleadsorganization,e)
3.0	2.0	0.666666667	(a,animalpreyson,b) <= (i,animalsuchasfish,a), (i,animalsuchasfish,f), (b,specializationof,f)
3.0	2.0	0.666666667	(a,competeswith,b) <= (f,agentcollaborateswithagent,j), (a,agentcontrols,f), (j,competeswith,b)
3.0	2.0	0.666666667	(a,teamplaysinleague,b) <= (e,athleteplaysforteam,a), (e,athleteplaysinleague,b), (b,subpartoforganization,a)
3.0	2.0	0.666666667	(a,teamplaysinleague,b) <= (e,athleteplaysinleague,b), (e,athleteplaysinleague,j), (j,subpartoforganization,a)
3.0	2.0	0.666666667	(a,teamplaysinleague,b) <= (e,athleteplaysinleague,b), (e,coachesinleague,j), (j,subpartoforganization,a)
3.0	2.0	0.666666667	(a,mutualproxyfor,b) <= (b,mutualproxyfor,a), (b,mutualproxyfor,h), (a,synonymfor,h)
3.0	2.0	0.666666667	(a,competeswith,b) <= (b,agentcontrols,a), (a,hasofficeincity,h), (b,headquarteredin,h)
3.0	2.0	0.666666667	(a,teamplaysinleague,b) <= (i,athleteledsportsteam,a), (e,athleteplaysinleague,b), (i,personalsoknownas,e)
3.0	2.0	0.666666667	(a,animalpreyson,b) <= (i,animalsuchasfish,a), (b,specializationof,f), (i,specializationof,f)
6.0	4.0	0.666666667	(a,locationlocatedwithinlocation,b) <= (a,locationlocatedwithinlocation,f), (f,mutualproxyfor,j), (j,worksfor,b)
15.0	10.0	0.666666667	(a,organizationterminatedperson,b) <= (e,agentcollaborateswithagent,j), (e,organizationterminatedperson,b), (j,personleadsorganization,a)
9.0	6.0	0.666666667	(a,teamplaysinleague,b) <= (i,agentcontrols,e), (e,athleteplaysinleague,b), (i,teamplaysagainstteam,a)
3.0	2.0	0.666666667	(a,headquarteredin,b) <= (i,companyalsoknownas,f), (i,organizationheadquarteredincity,b), (a,synonymfor,f)
3.0	2.0	0.666666667	(a,headquarteredin,b) <= (i,organizationalsoknownas,f), (i,organizationheadquarteredincity,b), (a,synonymfor,f)
6.0	4.0	0.666666667	(a,competeswith,b) <= (h,agentcompeteswithagent,b), (b,agentcontrols,a), (b,newspaperincity,h)
3.0	2.0	0.666666667	(a,animalpreyson,b) <= (a,agentcompeteswithagent,f), (b,agentcompeteswithagent,f), (f,specializationof,b)
3.0	2.0	0.666666667	(a,agentcompeteswithagent,b) <= (b,agentcompeteswithagent,a), (g,agentcompeteswithagent,b), (g,synonymfor,b)
3.0	2.0	0.666666667	(a,animalpreyson,b) <= (a,agentcompeteswithagent,f), (b,agentcompeteswithagent,f), (f,specializationof,a)
6.0	4.0	0.666666667	(a,competeswith,b) <= (b,agentcontrols,a), (b,hasofficeincity,h), (b,newspaperincity,h)
3.0	2.0	0.666666667	(a,agentcompeteswithagent,b) <= (b,agentcompeteswithagent,a), (g,athleteplaysforteam,b), (g,subpartof,b)
3.0	2.0	0.666666667	(a,agentcompeteswithagent,b) <= (b,agentcompeteswithagent,a), (g,athleteledsportsteam,b), (g,subpartof,b)
6.0	4.0	0.666666667	(a,agentcompeteswithagent,b) <= (b,agentcompeteswithagent,a), (g,agentcompeteswithagent,b), (g,specializationof,b)
3.0	2.0	0.666666667	(a,animalpreyson,b) <= (b,animalpreyson,a), (h,animalsuchasinvertebrate,b), (a,animalthatfeedoninsect,h)
3.0	2.0	0.666666667	(a,animalpreyson,b) <= (h,agentcompeteswithagent,b), (b,animalpreyson,a), (a,mammalsuchasmammal,h)
6.0	4.0	0.666666667	(a,agentcompeteswithagent,b) <= (b,agentcompeteswithagent,a), (h,teamalsoknownas,b), (b,teamplaysagainstteam,h)
3.0	2.0	0.666666667	(a,animalsuchasinsect,b) <= (a,animalsuchasinvertebrate,f), (b,animalthatfeedoninsect,f), (f,arthropodandotherarthropod,b)
6.0	4.0	0.666666667	(a,politicianusendorsedbypoliticianus,b) <= (g,agentcollaborateswithagent,b), (g,agentcontrols,b), (b,politicianusendorsedbypoliticianus,a)
6.0	4.0	0.666666667	(a,animalthatfeedoninsect,b) <= (a,animalsuchasinvertebrate,b), (g,animalthatfeedoninsect,b), (g,arthropodcalledarthropod,b)
3.0	2.0	0.666666667	(a,animalthatfeedoninsect,b) <= (g,animalpreyson,a), (g,animalsuchasinsect,b), (a,animalsuchasinvertebrate,b)
3.0	2.0	0.666666667	(a,animalpreyson,b) <= (h,animalistypeofanimal,a), (a,animalistypeofanimal,b), (a,animalthatfeedoninsect,h)
12.0	8.0	0.666666667	(a,agentinvolvedwithitem,b) <= (a,agentcontributedtocreativework,f), (i,agentcreated,f), (i,agentinvolvedwithitem,b)
57.0	38.0	0.666666667	(a,organizationterminatedperson,b) <= (f,ceoof,j), (a,mutualproxyfor,f), (j,organizationterminatedperson,b)
3.0	2.0	0.666666667	(a,animalpreyson,b) <= (a,animalistypeofanimal,b), (a,animalsuchasinsect,h), (a,arthropodandotherarthropod,h)
3.0	2.0	0.666666667	(a,agentcompeteswithagent,b) <= (b,agentcompeteswithagent,a), (a,animalistypeofanimal,h), (b,animalpreyson,h)
3.0	2.0	0.666666667	(a,animalpreyson,b) <= (h,agentcompeteswithagent,b), (a,animalistypeofanimal,b), (a,mammalsuchasmammal,h)
66.0	44.0	0.666666667	(a,locationlocatedwithinlocation,b) <= (i,airportincity,f), (i,buildinglocatedincity,b), (a,locationlocatedwithinlocation,f)
3.0	2.0	0.666666667	(a,headquarteredin,b) <= (j,headquarteredin,b), (a,mutualproxyfor,f), (f,proxyfor,j)
9.0	6.0	0.666666667	(a,competeswith,b) <= (a,competeswith,f), (f,mutualproxyfor,j), (j,worksfor,b)
3.0	2.0	0.666666667	(a,agentinvolvedwithitem,b) <= (e,agentcreated,b), (i,companyalsoknownas,a), (i,synonymfor,e)
3.0	2.0	0.666666667	(a,agentinvolvedwithitem,b) <= (e,agentcreated,b), (i,companyalsoknownas,e), (i,synonymfor,a)
3.0	2.0	0.666666667	(a,agentinvolvedwithitem,b) <= (e,agentcreated,b), (i,companyalsoknownas,a), (i,companyalsoknownas,e)
3.0	2.0	0.666666667	(a,locationlocatedwithinlocation,b) <= (j,agentactsinlocation,a), (e,automobilemakerdealersincity,j), (e,automobilemakerdealersincountry,b)
3.0	2.0	0.666666667	(a,agentcompeteswithagent,b) <= (b,agentcompeteswithagent,a), (a,animalpreyson,h), (b,specializationof,h)
3.0	2.0	0.666666667	(a,animalthatfeedoninsect,b) <= (b,animalsuchasinsect,a), (h,animalsuchasinsect,b), (a,arthropodcalledarthropod,h)
24.0	16.0	0.666666667	(a,animalpreyson,b) <= (b,animalpreyson,a), (g,animalpreyson,b), (g,specializationof,a)
3.0	2.0	0.666666667	(a,animalpreyson,b) <= (g,agentcompeteswithagent,b), (b,animalpreyson,a), (g,specializationof,a)
3.0	2.0	0.666666667	(a,personbelongstoorganization,b) <= (i,agentcollaborateswithagent,a), (i,hashusband,e), (e,politicianusmemberofpoliticalgroup,b)
3.0	2.0	0.666666667	(a,agentinvolvedwithitem,b) <= (j,agentcollaborateswithagent,a), (e,agentinvolvedwithitem,b), (e,organizationhiredperson,j)
3.0	2.0	0.666666667	(a,agentcompeteswithagent,b) <= (a,agentcompeteswithagent,h), (h,atlocation,b), (b,subpartoforganization,a)
6.0	4.0	0.666666667	(a,headquarteredin,b) <= (a,companyalsoknownas,f), (i,organizationalsoknownas,f), (i,organizationheadquarteredincity,b)
21.0	14.0	0.666666667	(a,organizationhiredperson,b) <= (j,ceoof,a), (e,mutualproxyfor,j), (e,subpartof,b)
3.0	2.0	0.666666667	(a,animalthatfeedoninsect,b) <= (a,animalsuchasinsect,f), (j,arthropodandotherarthropod,b), (f,specializationof,j)
18.0	12.0	0.666666667	(a,atlocation,b) <= (a,mutualproxyfor,f), (i,personhasresidenceingeopoliticallocation,b), (i,personleadsorganization,f)
3.0	2.0	0.666666667	(a,headquarteredin,b) <= (i,headquarteredin,b), (i,mutualproxyfor,f), (a,organizationhiredperson,f)
12.0	8.0	0.666666667	(a,headquarteredin,b) <= (i,organizationheadquarteredincity,b), (a,organizationhiredperson,f), (i,organizationterminatedperson,f)
3.0	2.0	0.666666667	(a,sportsgameteam,b) <= (f,organizationalsoknownas,j), (a,sportsgameteam,j), (b,teamalsoknownas,f)
12.0	8.0	0.666666667	(a,agentcompeteswithagent,b) <= (b,agentcompeteswithagent,a), (b,agentcompeteswithagent,h), (a,animalpreyson,h)
6.0	4.0	0.666666667	(a,organizationhiredperson,b) <= (e,agentcollaborateswithagent,b), (e,agentcontrols,j), (j,ceoof,a)
3.0	2.0	0.666666667	(a,locationlocatedwithinlocation,b) <= (j,citylocatedingeopoliticallocation,b), (f,headquarteredin,j), (a,locationlocatedwithinlocation,f)
3.0	2.0	0.666666667	(a,personbelongstoorganization,b) <= (i,athleteplaysforteam,b), (a,subpartof,f), (i,subpartof,f)
3.0	2.0	0.666666667	(a,agentcompeteswithagent,b) <= (b,agentcompeteswithagent,a), (h,animalpreyson,a), (b,specializationof,h)
45.0	30.0	0.666666667	(a,animalsuchasinvertebrate,b) <= (f,agentcompeteswithagent,j), (a,animalsuchasinvertebrate,j), (b,arthropodcalledarthropod,f)
3.0	2.0	0.666666667	(a,organizationterminatedperson,b) <= (i,locationlocatedwithinlocation,f), (i,organizationterminatedperson,b), (a,proxyfor,f)
6.0	4.0	0.666666667	(a,agentcompeteswithagent,b) <= (b,agentcompeteswithagent,a), (b,agentcompeteswithagent,h), (b,teamalsoknownas,h)
3.0	2.0	0.666666667	(a,animalthatfeedoninsect,b) <= (j,agentcompeteswithagent,a), (e,animalsuchasinsect,j), (e,arthropodandotherarthropod,b)
3.0	2.0	0.666666667	(a,agentcompeteswithagent,b) <= (b,agentcompeteswithagent,a), (h,agentcontrols,b), (b,competeswith,h)
3.0	2.0	0.666666667	(a,animalpreyson,b) <= (a,animalistypeofanimal,b), (g,animalsuchasinvertebrate,a), (g,animalsuchasinvertebrate,b)
3.0	2.0	0.666666667	(a,animalpreyson,b) <= (a,animalistypeofanimal,b), (g,animalsuchasinvertebrate,a), (g,animalthatfeedoninsect,a)
3.0	2.0	0.666666667	(a,personbelongstoorganization,b) <= (i,coachesteam,f), (a,subpartof,f), (i,worksfor,b)
3.0	2.0	0.666666667	(a,headquarteredin,b) <= (f,companyalsoknownas,j), (j,headquarteredin,b), (a,organizationalsoknownas,f)
30.0	20.0	0.666666667	(a,agentcompeteswithagent,b) <= (b,agentcompeteswithagent,a), (b,animalistypeofanimal,h), (h,animalpreyson,b)
3.0	2.0	0.666666667	(a,organizationterminatedperson,b) <= (f,agentcollaborateswithagent,j), (a,agentcontrols,f), (j,organizationterminatedperson,b)
3.0	2.0	0.666666667	(a,animalthatfeedoninsect,b) <= (e,animalistypeofanimal,a), (e,animalsuchasinsect,b), (e,animalsuchasinvertebrate,b)
3.0	2.0	0.666666667	(a,personbelongstoorganization,b) <= (i,athleteledsportsteam,b), (i,personbelongstoorganization,f), (a,subpartof,f)
3.0	2.0	0.666666667	(a,agentcompeteswithagent,b) <= (b,agentcompeteswithagent,a), (a,agentcompeteswithagent,h), (h,animalpreyson,a)
6.0	4.0	0.666666667	(a,personbelongstoorganization,b) <= (i,coachesteam,b), (i,coachesteam,f), (a,subpartof,f)
3.0	2.0	0.666666667	(a,organizationterminatedperson,b) <= (f,agentcontrols,j), (j,organizationterminatedperson,b), (a,subpartof,f)
3.0	2.0	0.666666667	(a,personbelongstoorganization,b) <= (a,haswife,f), (f,parentofperson,j), (j,personbelongstoorganization,b)
6.0	4.0	0.666666667	(a,bookwriter,b) <= (b,agentcontributedtocreativework,h), (b,agentcreated,a), (h,bookwriter,b)
3.0	2.0	0.666666667	(a,animalthatfeedoninsect,b) <= (a,animalistypeofanimal,h), (a,animalsuchasinvertebrate,b), (h,animalthatfeedoninsect,b)
3.0	2.0	0.666666667	(a,agentcompeteswithagent,b) <= (b,agentcompeteswithagent,a), (a,organizationterminatedperson,h), (h,topmemberoforganization,a)
12.0	8.0	0.666666667	(a,personbelongstoorganization,b) <= (j,agentcollaborateswithagent,a), (e,personbelongstoorganization,b), (e,subpartof,j)
6.0	4.0	0.666666667	(a,agentcompeteswithagent,b) <= (b,agentcompeteswithagent,a), (a,agentcompeteswithagent,h), (a,teamalsoknownas,h)
3.0	2.0	0.666666667	(a,animalthatfeedoninsect,b) <= (a,animalsuchasinvertebrate,b), (h,animalthatfeedoninsect,b), (b,arthropodandotherarthropod,h)
3.0	2.0	0.666666667	(a,agentcompeteswithagent,b) <= (b,agentcompeteswithagent,a), (a,agentcompeteswithagent,h), (h,subpartof,b)
3.0	2.0	0.666666667	(a,animalpreyson,b) <= (h,agentcompeteswithagent,a), (b,animalpreyson,a), (b,mammalsuchasmammal,h)
3.0	2.0	0.666666667	(a,personbelongstoorganization,b) <= (e,agentbelongstoorganization,b), (i,agentcollaborateswithagent,a), (i,personbelongstoorganization,e)
3.0	2.0	0.666666667	(a,politicianusendorsedbypoliticianus,b) <= (i,haswife,f), (i,politicianusendorsedbypoliticianus,b), (a,politicianusendorsedbypoliticianus,f)
3.0	2.0	0.666666667	(a,locationlocatedwithinlocation,b) <= (f,agentcollaborateswithagent,j), (b,organizationalsoknownas,f), (j,proxyfor,a)
3.0	2.0	0.666666667	(a,agriculturalproductcookedwithagriculturalproduct,b) <= (b,agriculturalproductcookedwithagriculturalproduct,f), (i,animalsuchasfish,f), (i,specializationof,a)
3.0	2.0	0.666666667	(a,organizationhiredperson,b) <= (j,ceoof,f), (a,organizationhiredperson,j), (b,proxyfor,f)
18.0	12.0	0.666666667	(a,personleadsorganization,b) <= (f,ceoof,j), (b,mutualproxyfor,f), (a,personleadsorganization,j)
3.0	2.0	0.666666667	(a,stateorprovinceisborderedbystateorprovince,b) <= (j,atlocation,b), (a,statelocatedingeopoliticallocation,f), (f,synonymfor,j)
3.0	2.0	0.666666667	(a,agentcollaborateswithagent,b) <= (b,agentcollaborateswithagent,a), (b,topmemberoforganization,h), (b,worksfor,h)
3.0	2.0	0.666666667	(a,parentofperson,b) <= (j,hasspouse,a), (f,hasspouse,j), (b,motherofperson,f)
12.0	8.0	0.666666667	(a,parentofperson,b) <= (f,hasspouse,j), (j,parentofperson,b), (a,parentofperson,f)
3.0	2.0	0.666666667	(a,acquired,b) <= (i,acquired,b), (a,acquired,f), (i,agentcontrols,f)
3.0	2.0	0.666666667	(a,persondiedincountry,b) <= (j,mutualproxyfor,a), (e,persondiedincountry,b), (e,personleadsorganization,j)
3.0	2.0	0.666666667	(a,organizationheadquarteredincountry,b) <= (a,hasofficeincountry,b), (a,mutualproxyfor,h), (h,topmemberoforganization,a)
9.0	6.0	0.666666667	(a,organizationhiredperson,b) <= (b,coachesteam,f), (i,sportsgamewinner,a), (i,sportsgamewinner,f)
6.0	4.0	0.666666667	(a,personbelongstoorganization,b) <= (b,agentcollaborateswithagent,a), (g,athleteledsportsteam,b), (g,personbelongstoorganization,b)
3.0	2.0	0.666666667	(a,subpartoforganization,b) <= (f,acquired,j), (a,agentcollaborateswithagent,j), (b,agentcompeteswithagent,f)
3.0	2.0	0.666666667	(a,worksfor,b) <= (h,acquired,b), (b,organizationterminatedperson,a), (b,subpartoforganization,h)
3.0	2.0	0.666666667	(a,animalsuchasinsect,b) <= (g,agentcompeteswithagent,b), (a,animalistypeofanimal,b), (g,animalsuchasinvertebrate,b)
3.0	2.0	0.666666667	(a,mutualproxyfor,b) <= (b,ceoof,a), (g,ceoof,a), (g,proxyfor,a)
3.0	2.0	0.666666667	(a,hasofficeincountry,b) <= (e,automobilemakerdealersincountry,b), (e,organizationterminatedperson,j), (j,worksfor,a)
3.0	2.0	0.666666667	(a,animalsuchasinsect,b) <= (g,agentcompeteswithagent,b), (a,animalistypeofanimal,b), (g,arthropodandotherarthropod,b)
3.0	2.0	0.666666667	(a,organizationheadquarteredincountry,b) <= (h,citycapitalofcountry,b), (a,hasofficeincountry,b), (a,headquarteredin,h)
3.0	2.0	0.666666667	(a,personbelongstoorganization,b) <= (b,agentcollaborateswithagent,a), (b,atlocation,h), (h,subpartof,b)
12.0	8.0	0.666666667	(a,animalistypeofanimal,b) <= (b,animalpreyson,a), (b,animalpreyson,h), (a,mammalsuchasmammal,h)
3.0	2.0	0.666666667	(a,animalsuchasinsect,b) <= (a,animalistypeofanimal,b), (b,animalpreyson,h), (h,arthropodcalledarthropod,b)
3.0	2.0	0.666666667	(a,mutualproxyfor,b) <= (b,ceoof,a), (h,mutualproxyfor,b), (b,proxyfor,h)
3.0	2.0	0.666666667	(a,agentcompeteswithagent,b) <= (j,agentcompeteswithagent,a), (e,athleteplaysforteam,b), (e,subpartof,j)
3.0	2.0	0.666666667	(a,arthropodandotherarthropod,b) <= (b,animalsuchasinsect,a), (h,arthropodandotherarthropod,b), (b,specializationof,h)
3.0	2.0	0.666666667	(a,mutualproxyfor,b) <= (b,ceoof,a), (b,ceoof,h), (b,proxyfor,h)
3.0	2.0	0.666666667	(a,producesproduct,b) <= (i,agentinvolvedwithitem,b), (i,mutualproxyfor,f), (a,organizationhiredperson,f)
3.0	2.0	0.666666667	(a,worksfor,b) <= (b,organizationterminatedperson,a), (h,proxyfor,b), (b,subpartof,h)
3.0	2.0	0.666666667	(a,persondiedincountry,b) <= (e,persondiedincountry,b), (e,personleadsorganization,j), (j,subpartof,a)
9.0	6.0	0.666666667	(a,animalistypeofanimal,b) <= (g,animalistypeofanimal,b), (g,animalpreyson,b), (b,specializationof,a)
6.0	4.0	0.666666667	(a,sportschoolincountry,b) <= (i,citylocatedincountry,b), (a,sportschoolincountry,f), (i,subpartof,f)
42.0	28.0	0.666666667	(a,atdate,b) <= (j,atdate,b), (f,organizationacronymhasname,j), (a,synonymfor,f)
3.0	2.0	0.666666667	(a,animalthatfeedoninsect,b) <= (a,animalsuchasinsect,b), (b,arthropodandotherarthropod,a)
3.0	2.0	0.666666667	(a,personbelongstoorganization,b) <= (h,agentcollaborateswithagent,a), (a,athleteledsportsteam,b), (a,personbelongstoorganization,h)
9.0	6.0	0.666666667	(a,agentcollaborateswithagent,b) <= (h,agentcollaborateswithagent,b), (b,proxyfor,h), (b,worksfor,a)
3.0	2.0	0.666666667	(a,automakerproducesmodel,b) <= (h,agentinvolvedwithitem,b), (a,competeswith,h), (a,producesproduct,b)
3.0	2.0	0.666666667	(a,personbelongstoorganization,b) <= (b,agentcollaborateswithagent,a), (g,organizationheadquarteredincity,b), (g,televisionstationincity,b)
9.0	6.0	0.666666667	(a,persongraduatedfromuniversity,b) <= (i,agentactsinlocation,f), (i,organizationalsoknownas,b), (a,personmovedtostateorprovince,f)
3.0	2.0	0.666666667	(a,personbelongstoorganization,b) <= (f,coachesteam,j), (b,organizationhiredperson,f), (a,subpartof,j)
12.0	8.0	0.666666667	(a,atdate,b) <= (f,atdate,b), (a,citylocatedincountry,f), (a,subpartof,f)
9.0	6.0	0.666666667	(a,atdate,b) <= (e,atdate,b), (e,politicianusmemberofpoliticalgroup,a)
3.0	2.0	0.666666667	(a,organizationhiredperson,b) <= (a,agentcompeteswithagent,j), (j,synonymfor,f), (b,worksfor,f)
3.0	2.0	0.666666667	(a,persondiedincountry,b) <= (i,citylocatedingeopoliticallocation,b), (i,locationlocatedwithinlocation,f), (a,persondiedincountry,f)
3.0	2.0	0.666666667	(a,academicprogramatuniversity,b) <= (i,agentcollaborateswithagent,e), (e,companyeconomicsector,a), (i,persongraduatedschool,b)
3.0	2.0	0.666666667	(a,organizationheadquarteredincountry,b) <= (a,organizationheadquarteredincountry,f), (i,personhasresidenceingeopoliticallocation,b), (i,personleadsorganization,f)
3.0	2.0	0.666666667	(a,athleteplaysinleague,b) <= (b,agentcollaborateswithagent,f), (a,athleteledsportsteam,j), (j,synonymfor,f)
6.0	4.0	0.666666667	(a,topmemberoforganization,b) <= (h,companyalsoknownas,b), (b,organizationalsoknownas,h), (b,organizationterminatedperson,a)
3.0	2.0	0.666666667	(a,acquired,b) <= (a,acquired,j), (f,ceoof,j), (b,organizationhiredperson,f)
3.0	2.0	0.666666667	(a,atlocation,b) <= (b,citylocatedinstate,h), (h,mutualproxyfor,b), (b,organizationhiredperson,a)
12.0	8.0	0.666666667	(a,athleteplaysinleague,b) <= (a,athleteledsportsteam,f), (a,personbelongstoorganization,f), (f,teamplaysinleague,b)
3.0	2.0	0.666666667	(a,hasofficeincountry,b) <= (e,hasofficeincountry,b), (e,mutualproxyfor,j), (j,personleadsorganization,a)
6.0	4.0	0.666666667	(a,teamwontrophy,b) <= (e,athleteledsportsteam,a), (e,athleteplaysforteam,a), (e,athletewinsawardtrophytournament,b)
3.0	2.0	0.666666667	(a,persongraduatedfromuniversity,b) <= (g,haswife,a), (a,persongraduatedschool,b), (g,persongraduatedschool,b)
6.0	4.0	0.666666667	(a,subpartoforganization,b) <= (j,organizationterminatedperson,f), (b,subpartof,f), (a,subpartoforganization,j)
3.0	2.0	0.666666667	(a,personbelongstoorganization,b) <= (b,agentactsinlocation,h), (b,agentcollaborateswithagent,a), (h,mutualproxyfor,b)
3.0	2.0	0.666666667	(a,teamwontrophy,b) <= (a,agentcompeteswithagent,f), (i,coachesteam,f), (i,coachwontrophy,b)
3.0	2.0	0.666666667	(a,atdate,b) <= (f,acquired,j), (j,atdate,b), (a,organizationalsoknownas,f)
3.0	2.0	0.666666667	(a,hasofficeincountry,b) <= (e,hasofficeincountry,b), (e,organizationhiredperson,j), (j,personbelongstoorganization,a)
3.0	2.0	0.666666667	(a,organizationhiredperson,b) <= (a,companyalsoknownas,j), (f,synonymfor,j), (b,worksfor,f)
3.0	2.0	0.666666667	(a,mutualproxyfor,b) <= (g,agentcollaborateswithagent,b), (g,mutualproxyfor,b), (b,subpartof,a)
3.0	2.0	0.666666667	(a,animalsuchasinsect,b) <= (b,arthropodandotherarthropod,h), (a,specializationof,b), (h,specializationof,b)
6.0	4.0	0.666666667	(a,athleteflyouttosportsteamposition,b) <= (f,agentcontrols,j), (j,athleteflyouttosportsteamposition,b), (a,athleteplaysforteam,f)
3.0	2.0	0.666666667	(a,agentbelongstoorganization,b) <= (a,agentbelongstoorganization,h), (b,agentcompeteswithagent,a), (a,subpartof,h)
3.0	2.0	0.666666667	(a,citylocatedingeopoliticallocation,b) <= (e,citylocatedingeopoliticallocation,b), (i,headquarteredin,a), (i,newspaperincity,e)
3.0	2.0	0.666666667	(a,personbelongstoorganization,b) <= (f,ceoof,j), (b,organizationhiredperson,f), (a,personbelongstoorganization,j)
6.0	4.0	0.666666667	(a,agriculturalproducttoattractinsect,b) <= (b,animaleatfood,a), (g,animaleatfood,a), (g,animalthatfeedoninsect,b)
3.0	2.0	0.666666667	(a,organizationheadquarteredincountry,b) <= (a,hasofficeincountry,b), (a,subpartof,h), (h,topmemberoforganization,a)
3.0	2.0	0.666666667	(a,personbelongstoorganization,b) <= (b,agentcollaborateswithagent,a), (b,atlocation,h), (h,proxyfor,b)
3.0	2.0	0.666666667	(a,atlocation,b) <= (b,agentactsinlocation,a), (h,atlocation,b), (b,atlocation,h)
3.0	2.0	0.666666667	(a,automakerproducesmodel,b) <= (i,agentinvolvedwithitem,b), (i,mutualproxyfor,f), (a,organizationhiredperson,f)
3.0	2.0	0.666666667	(a,acquired,b) <= (a,acquired,f), (f,agentcollaborateswithagent,j), (j,personleadsorganization,b)
3.0	2.0	0.666666667	(a,agentbelongstoorganization,b) <= (b,agentcompeteswithagent,a), (h,agentcompeteswithagent,a), (a,subpartof,h)
3.0	2.0	0.666666667	(a,atdate,b) <= (a,agentcollaborateswithagent,f), (j,atdate,b), (f,topmemberoforganization,j)
3.0	2.0	0.666666667	(a,mutualproxyfor,b) <= (b,proxyfor,h), (h,subpartof,b), (b,worksfor,a)
3.0	2.0	0.666666667	(a,personhasresidenceingeopoliticallocation,b) <= (i,personhasresidenceingeopoliticallocation,b), (a,personleadsorganization,f), (i,worksfor,f)
24.0	16.0	0.666666667	(a,producesproduct,b) <= (f,agentbelongstoorganization,j), (a,agentcollaborateswithagent,f), (j,producesproduct,b)
3.0	2.0	0.666666667	(a,teamwontrophy,b) <= (j,agentcompeteswithagent,a), (e,coachesteam,j), (e,coachwontrophy,b)
3.0	2.0	0.666666667	(a,hasofficeincountry,b) <= (e,hasofficeincountry,b), (i,personleadsorganization,a), (i,topmemberoforganization,e)
3.0	2.0	0.666666667	(a,mutualproxyfor,b) <= (h,proxyfor,a), (a,subpartof,h), (b,worksfor,a)
3.0	2.0	0.666666667	(a,hasofficeincountry,b) <= (e,hasofficeincountry,b), (e,mutualproxyfor,j), (j,worksfor,a)
3.0	2.0	0.666666667	(a,persondiedincountry,b) <= (f,mutualproxyfor,j), (j,persondiedincountry,b), (a,personleadsorganization,f)
9.0	6.0	0.666666667	(a,worksfor,b) <= (b,organizationterminatedperson,a), (h,personleadsorganization,b), (b,subpartof,h)
3.0	2.0	0.666666667	(a,acquired,b) <= (i,acquired,b), (a,agentcollaborateswithagent,f), (i,agentcontrols,f)
3.0	2.0	0.666666667	(a,animalsuchasinsect,b) <= (h,agentcompeteswithagent,b), (a,animalistypeofanimal,b), (b,arthropodandotherarthropod,h)
3.0	2.0	0.666666667	(a,atlocation,b) <= (e,atlocation,b), (e,mutualproxyfor,j), (j,worksfor,a)
9.0	6.0	0.666666667	(a,organizationhiredperson,b) <= (i,mountaininstate,a), (i,mountaininstate,f), (b,personbelongstoorganization,f)
3.0	2.0	0.666666667	(a,subpartoforganization,b) <= (b,agentcompeteswithagent,f), (i,mountaininstate,a), (i,mountaininstate,f)
9.0	6.0	0.666666667	(a,organizationhiredperson,b) <= (i,citylocatedinstate,a), (i,citylocatedinstate,f), (b,personbelongstoorganization,f)
3.0	2.0	0.666666667	(a,worksfor,b) <= (h,organizationhiredperson,a), (b,organizationterminatedperson,a), (a,proxyfor,h)
3.0	2.0	0.666666667	(a,organizationhiredperson,b) <= (b,personbelongstoorganization,f), (i,personhasresidenceingeopoliticallocation,f), (i,personleadsorganization,a)
12.0	8.0	0.666666667	(a,persongraduatedfromuniversity,b) <= (a,hashusband,f), (i,hashusband,f), (i,persongraduatedschool,b)
15.0	10.0	0.666666667	(a,atlocation,b) <= (e,atlocation,b), (i,locationlocatedwithinlocation,e), (i,subpartof,a)
9.0	6.0	0.666666667	(a,atlocation,b) <= (e,atlocation,b), (i,personbelongstoorganization,e), (i,subpartof,a)
3.0	2.0	0.666666667	(a,organizationhiredperson,b) <= (a,agentcontrols,j), (f,agentcontrols,j), (b,coachesteam,f)
3.0	2.0	0.666666667	(a,subpartof,b) <= (i,athleteledsportsteam,b), (i,personbelongstoorganization,f), (a,subpartof,f)
3.0	2.0	0.666666667	(a,personleadsorganization,b) <= (b,agentcreated,f), (j,automakerproducesmodel,f), (a,personleadsorganization,j)
3.0	2.0	0.666666667	(a,agentbelongstoorganization,b) <= (g,agentbelongstoorganization,b), (g,atlocation,b), (b,mutualproxyfor,a)
3.0	2.0	0.666666667	(a,organizationhiredperson,b) <= (b,coachesteam,f), (a,organizationalsoknownas,j), (f,organizationalsoknownas,j)
3.0	2.0	0.666666667	(a,personhasresidenceingeopoliticallocation,b) <= (j,mutualproxyfor,a), (e,personhasresidenceingeopoliticallocation,j), (e,worksfor,b)
3.0	2.0	0.666666667	(a,personleadsorganization,b) <= (b,agentcreated,f), (a,personleadsorganization,j), (j,producesproduct,f)
3.0	2.0	0.666666667	(a,subpartof,b) <= (i,athleteplaysforteam,b), (a,subpartof,f), (i,subpartof,f)
3.0	2.0	0.666666667	(a,agentcompeteswithagent,b) <= (e,coachesinleague,b), (j,teamplaysinleague,a), (e,worksfor,j)
3.0	2.0	0.666666667	(a,personleadsorganization,b) <= (b,agentinvolvedwithitem,f), (i,organizationhiredperson,a), (i,producesproduct,f)
3.0	2.0	0.666666667	(a,personleadsorganization,b) <= (b,agentinvolvedwithitem,f), (i,automakerproducesmodel,f), (i,organizationhiredperson,a)
3.0	2.0	0.666666667	(a,persongraduatedfromuniversity,b) <= (i,persongraduatedschool,b), (i,personhascitizenship,f), (a,personleadsgeopoliticalorganization,f)
3.0	2.0	0.666666667	(a,organizationhiredperson,b) <= (j,athleteplaysforteam,a), (b,coachesteam,f), (f,organizationhiredperson,j)
3.0	2.0	0.666666667	(a,worksfor,b) <= (b,organizationterminatedperson,a), (a,proxyfor,h), (h,subpartof,a)
3.0	2.0	0.666666667	(a,chemicalistypeofchemical,b) <= (f,chemicalistypeofchemical,b), (a,chemicalistypeofchemical,f), (b,specializationof,f)
3.0	2.0	0.666666667	(a,personhasjobposition,b) <= (f,organizationhiredperson,j), (j,personhasjobposition,b), (a,personleadsorganization,f)
3.0	2.0	0.666666667	(a,persongraduatedfromuniversity,b) <= (i,persongraduatedschool,b), (a,personleadsgeopoliticalorganization,f), (i,personleadsgeopoliticalorganization,f)
6.0	4.0	0.666666667	(a,personhasjobposition,b) <= (f,mutualproxyfor,j), (j,personhasjobposition,b), (a,personleadsorganization,f)
3.0	2.0	0.666666667	(a,animalistypeofanimal,b) <= (a,agentcompeteswithagent,b), (h,animalistypeofanimal,a), (b,animalpreyson,h)
3.0	2.0	0.666666667	(a,personbelongstoorganization,b) <= (h,coachesteam,b), (b,organizationhiredperson,h), (a,subpartof,b)
12.0	8.0	0.666666667	(a,personleadsorganization,b) <= (j,organizationterminatedperson,f), (a,personleadsorganization,j), (b,subpartof,f)
39.0	26.0	0.666666667	(a,acquired,b) <= (e,acquired,b), (i,personleadsorganization,a), (i,worksfor,e)
3.0	2.0	0.666666667	(a,organizationhiredperson,b) <= (f,agentcollaborateswithagent,j), (b,coachesteam,f), (j,personbelongstoorganization,a)
3.0	2.0	0.666666667	(a,organizationhiredperson,b) <= (i,lakeinstate,a), (i,lakeinstate,f), (b,personbelongstoorganization,f)
3.0	2.0	0.666666667	(a,locationlocatedwithinlocation,b) <= (b,agentcollaborateswithagent,f), (f,competeswith,j), (a,locationlocatedwithinlocation,j)
3.0	2.0	0.666666667	(a,animalsuchasinsect,b) <= (a,animalistypeofanimal,b), (g,animalpreyson,a), (g,arthropodcalledarthropod,b)
3.0	2.0	0.666666667	(a,personleadsorganization,b) <= (b,agentinvolvedwithitem,f), (j,automakerproducesmodel,f), (a,personleadsorganization,j)
3.0	2.0	0.666666667	(a,personbelongstoorganization,b) <= (h,agentcollaborateswithagent,a), (a,personbelongstoorganization,h), (a,subpartof,b)
3.0	2.0	0.666666667	(a,persongraduatedfromuniversity,b) <= (j,fatherofperson,a), (e,hashusband,j), (e,persongraduatedfromuniversity,b)
3.0	2.0	0.666666667	(a,personleadsorganization,b) <= (b,agentcreated,f), (i,automakerproducesmodel,f), (i,organizationhiredperson,a)
3.0	2.0	0.666666667	(a,personbelongstoorganization,b) <= (g,coachesteam,b), (a,subpartof,b), (g,worksfor,b)
3.0	2.0	0.666666667	(a,personbelongstoorganization,b) <= (h,agentcollaborateswithagent,a), (a,athleteplaysforteam,b), (a,personbelongstoorganization,h)
3.0	2.0	0.666666667	(a,mutualproxyfor,b) <= (g,ceoof,a), (b,personleadsorganization,a), (g,proxyfor,a)
3.0	2.0	0.666666667	(a,personbelongstoorganization,b) <= (a,athleteledsportsteam,b), (b,synonymfor,h), (b,teamplaysagainstteam,h)
3.0	2.0	0.666666667	(a,personbelongstoorganization,b) <= (b,organizationalsoknownas,f), (a,personbelongstoorganization,j), (j,synonymfor,f)
3.0	2.0	0.666666667	(a,atdate,b) <= (a,agentparticipatedinevent,f), (j,atdate,b), (f,atlocation,j)
3.0	2.0	0.666666667	(a,agriculturalproductgrowinginstateorprovince,b) <= (a,agriculturalproductgrowinginstateorprovince,j), (f,mutualproxyfor,j), (b,statehascapital,f)
3.0	2.0	0.666666667	(a,personbelongstoorganization,b) <= (j,companyalsoknownas,f), (b,organizationalsoknownas,f), (a,personbelongstoorganization,j)
3.0	2.0	0.666666667	(a,personbelongstoorganization,b) <= (a,athleteledsportsteam,b), (b,synonymfor,h), (h,teamplaysagainstteam,b)
9.0	6.0	0.666666667	(a,hasofficeincountry,b) <= (e,organizationheadquarteredincountry,b), (e,organizationhiredperson,j), (j,topmemberoforganization,a)
3.0	2.0	0.666666667	(a,mutualproxyfor,b) <= (b,citylocatedingeopoliticallocation,a), (b,subpartof,a)
3.0	2.0	0.666666667	(a,personbelongstoorganization,b) <= (h,agentcompeteswithagent,b), (a,athleteledsportsteam,b), (b,synonymfor,h)
3.0	2.0	0.666666667	(a,animalsuchasinsect,b) <= (a,animalistypeofanimal,b), (h,animalpreyson,b), (b,arthropodandotherarthropod,h)
18.0	12.0	0.666666667	(a,mutualproxyfor,b) <= (g,agentcollaborateswithagent,b), (g,mutualproxyfor,b), (b,personleadsorganization,a)
3.0	2.0	0.666666667	(a,agentcompeteswithagent,b) <= (j,agentcompeteswithagent,a), (e,athleteledsportsteam,b), (e,subpartof,j)
3.0	2.0	0.666666667	(a,mutualproxyfor,b) <= (b,ceoof,a), (b,proxyfor,a)
9.0	6.0	0.666666667	(a,automobilemakerdealersincity,b) <= (a,automakerproducesmodel,h), (a,hasofficeincity,b), (a,producesproduct,h)
3.0	2.0	0.666666667	(a,subpartof,b) <= (i,ceoof,b), (a,subpartof,f), (i,worksfor,f)
3.0	2.0	0.666666667	(a,personbelongstoorganization,b) <= (b,agentcompeteswithagent,h), (a,athleteledsportsteam,b), (b,synonymfor,h)
3.0	2.0	0.666666667	(a,hasofficeincountry,b) <= (e,organizationheadquarteredincountry,b), (e,subpartof,j), (j,topmemberoforganization,a)
3.0	2.0	0.666666667	(a,animalistypeofanimal,b) <= (a,animalistypeofanimal,h), (b,animalpreyson,a), (b,animalthatfeedoninsect,h)
3.0	2.0	0.666666667	(a,subpartoforganization,b) <= (b,agentcompeteswithagent,f), (i,organizationheadquarteredinstateorprovince,a), (i,organizationheadquarteredinstateorprovince,f)
3.0	2.0	0.666666667	(a,atdate,b) <= (f,atdate,b), (f,citylocatedingeopoliticallocation,a), (a,mutualproxyfor,f)
3.0	2.0	0.666666667	(a,coachwontrophy,b) <= (e,athleteplaysforteam,j), (e,coachwontrophy,b), (j,organizationterminatedperson,a)
3.0	2.0	0.666666667	(a,atlocation,b) <= (g,agentbelongstoorganization,b), (g,atlocation,b), (b,mutualproxyfor,a)
3.0	2.0	0.666666667	(a,personleadsorganization,b) <= (b,agentcreated,f), (i,organizationhiredperson,a), (i,producesproduct,f)
3.0	2.0	0.666666667	(a,atlocation,b) <= (e,agentbelongstoorganization,j), (e,atlocation,b), (j,mutualproxyfor,a)
12.0	8.0	0.666666667	(a,organizationhiredperson,b) <= (b,coachesteam,f), (i,coachesteam,f), (i,personbelongstoorganization,a)
3.0	2.0	0.666666667	(a,acquired,b) <= (i,acquired,b), (i,organizationterminatedperson,f), (a,subpartof,f)
3.0	2.0	0.666666667	(a,personhasjobposition,b) <= (i,agentcollaborateswithagent,a), (i,mutualproxyfor,e), (e,personhasjobposition,b)
3.0	2.0	0.666666667	(a,agentcollaborateswithagent,b) <= (a,agentcreated,h), (a,agentinvolvedwithitem,h), (b,worksfor,a)
3.0	2.0	0.666666667	(a,worksfor,b) <= (b,organizationhiredperson,h), (b,organizationterminatedperson,a), (h,proxyfor,b)
6.0	4.0	0.666666667	(a,agentcollaborateswithagent,b) <= (b,agentcollaborateswithagent,a), (g,agentcollaborateswithagent,a), (g,proxyfor,a)
15.0	10.0	0.666666667	(a,coachwontrophy,b) <= (e,athleteledsportsteam,j), (e,personalsoknownas,a), (j,teamwontrophy,b)
6.0	4.0	0.666666667	(a,organizationhiredperson,b) <= (i,organizationheadquarteredinstateorprovince,a), (i,organizationheadquarteredinstateorprovince,f), (b,worksfor,f)
9.0	6.0	0.666666667	(a,automobilemakerdealersincity,b) <= (a,automobilemakerdealersincountry,h), (a,hasofficeincity,b), (a,hasofficeincountry,h)
3.0	2.0	0.666666667	(a,subpartoforganization,b) <= (b,agentcompeteswithagent,f), (i,citylocatedinstate,a), (i,citylocatedinstate,f)
12.0	8.0	0.666666667	(a,agriculturalproductincludingagriculturalproduct,b) <= (i,agriculturalproductincludingagriculturalproduct,b), (a,agriculturalproductincludingagriculturalproduct,f), (i,animalpreyson,f)
3.0	2.0	0.666666667	(a,acquired,b) <= (i,acquired,b), (i,agentcollaborateswithagent,f), (a,agentcontrols,f)
3.0	2.0	0.666666667	(a,acquired,b) <= (a,organizationalsoknownas,h), (b,subpartoforganization,a), (a,synonymfor,h)
3.0	2.0	0.666666667	(a,agentcompeteswithagent,b) <= (i,coachesinleague,a), (e,teamplaysinleague,b), (i,worksfor,e)
6.0	4.0	0.666666667	(a,teamwontrophy,b) <= (a,agentcompeteswithagent,f), (i,athleteplaysforteam,f), (i,coachwontrophy,b)
6.0	4.0	0.666666667	(a,bankboughtbank,b) <= (a,bankboughtbank,f), (i,ceoof,f), (i,worksfor,b)
3.0	2.0	0.666666667	(a,personleadsorganization,b) <= (b,organizationterminatedperson,f), (a,personbelongstoorganization,j), (f,subpartof,j)
3.0	2.0	0.666666667	(a,actorstarredinmovie,b) <= (e,agentcontributedtocreativework,b), (e,hasspouse,i), (i,haswife,a)
3.0	2.0	0.666666667	(a,radiostationincity,b) <= (i,locationlocatedwithinlocation,f), (a,radiostationincity,f), (i,subpartof,b)
3.0	2.0	0.666666667	(a,worksfor,b) <= (h,organizationterminatedperson,a), (a,proxyfor,h), (b,subpartof,a)
3.0	2.0	0.666666667	(a,weaponmadeincountry,b) <= (j,locationlocatedwithinlocation,b), (f,mutualproxyfor,j), (a,weaponmadeincountry,f)
3.0	2.0	0.666666667	(a,agriculturalproducttoattractinsect,b) <= (a,agriculturalproducttoattractinsect,h), (b,animaleatfood,a), (h,animalsuchasinvertebrate,b)
3.0	2.0	0.666666667	(a,weaponmadeincountry,b) <= (f,mutualproxyfor,j), (j,proxyfor,b), (a,weaponmadeincountry,f)
3.0	2.0	0.666666667	(a,atdate,b) <= (j,acquired,a), (e,atdate,b), (e,organizationalsoknownas,j)
6.0	4.0	0.666666667	(a,bankboughtbank,b) <= (a,bankboughtbank,f), (i,personleadsorganization,b), (i,worksfor,f)
3.0	2.0	0.666666667	(a,athleteplaysforteam,b) <= (a,athleteledsportsteam,f), (f,synonymfor,j), (j,teamplaysagainstteam,b)
3.0	2.0	0.666666667	(a,locationlocatedwithinlocation,b) <= (i,agentactsinlocation,a), (i,cityliesonriver,f), (b,subpartof,f)
3.0	2.0	0.666666667	(a,organizationhiredperson,b) <= (b,ceoof,f), (a,companyalsoknownas,j), (f,synonymfor,j)
3.0	2.0	0.666666667	(a,citylocatedincountry,b) <= (e,citycapitalofcountry,b), (i,museumincity,a), (i,museumincity,e)
6.0	4.0	0.666666667	(a,agriculturalproductcookedwithagriculturalproduct,b) <= (f,agriculturalproductcomingfromvertebrate,j), (j,agriculturalproductcookedwithagriculturalproduct,b), (a,agriculturalproductcookedwithagriculturalproduct,f)
3.0	2.0	0.666666667	(a,mutualproxyfor,b) <= (b,agentcollaborateswithagent,h), (h,mutualproxyfor,b), (b,subpartof,a)
3.0	2.0	0.666666667	(a,actorstarredinmovie,b) <= (i,actorstarredinmovie,b), (e,hashusband,a), (i,hasspouse,e)
12.0	8.0	0.666666667	(a,topmemberoforganization,b) <= (g,ceoof,b), (b,subpartof,a), (g,topmemberoforganization,b)
3.0	2.0	0.666666667	(a,topmemberoforganization,b) <= (b,hasofficeincountry,h), (b,organizationheadquarteredincountry,h), (b,subpartof,a)
12.0	8.0	0.666666667	(a,citylocatedingeopoliticallocation,b) <= (a,cityliesonriver,f), (i,citylocatedingeopoliticallocation,b), (i,subpartof,f)
3.0	2.0	0.666666667	(a,drugworkedonbyagent,b) <= (f,agentcollaborateswithagent,j), (a,drugworkedonbyagent,f), (j,personleadsorganization,b)
3.0	2.0	0.666666667	(a,mutualproxyfor,b) <= (b,citylocatedingeopoliticallocation,a), (a,organizationterminatedperson,h), (h,worksfor,a)
3.0	2.0	0.666666667	(a,mutualproxyfor,b) <= (a,atlocation,h), (b,citylocatedingeopoliticallocation,a), (a,proxyfor,h)
3.0	2.0	0.666666667	(a,atdate,b) <= (i,academicprogramatuniversity,e), (i,atdate,b), (e,atlocation,a)
3.0	2.0	0.666666667	(a,producesproduct,b) <= (h,agentinvolvedwithitem,b), (a,automakerproducesmodel,b), (a,competeswith,h)
3.0	2.0	0.666666667	(a,topmemberoforganization,b) <= (a,ceoof,b), (b,hasofficeincity,h), (b,organizationheadquarteredincity,h)
12.0	8.0	0.666666667	(a,personleadsorganization,b) <= (b,organizationterminatedperson,f), (a,personleadsorganization,j), (j,subpartof,f)
3.0	2.0	0.666666667	(a,atdate,b) <= (e,atdate,b), (e,statelocatedingeopoliticallocation,a), (e,subpartof,a)
3.0	2.0	0.666666667	(a,mutualproxyfor,b) <= (b,citylocatedingeopoliticallocation,a), (h,mutualproxyfor,a), (a,proxyfor,h)
3.0	2.0	0.666666667	(a,agriculturalproductcookedwithagriculturalproduct,b) <= (b,agriculturalproductcookedwithagriculturalproduct,f), (i,animalpreyson,a), (i,specializationof,f)
3.0	2.0	0.666666667	(a,organizationheadquarteredincountry,b) <= (a,agentcollaborateswithagent,f), (j,organizationheadquarteredincountry,b), (f,worksfor,j)
3.0	2.0	0.666666667	(a,organizationhiredperson,b) <= (a,companyalsoknownas,j), (b,personleadsorganization,f), (f,synonymfor,j)
3.0	2.0	0.666666667	(a,proxyfor,b) <= (b,locationlocatedwithinlocation,a), (b,mutualproxyfor,h), (a,proxyfor,h)
6.0	4.0	0.666666667	(a,agentcompeteswithagent,b) <= (e,agentcompeteswithagent,b), (i,airportincity,e), (i,buildinglocatedincity,a)
3.0	2.0	0.666666667	(a,animalpreyson,b) <= (b,agentcompeteswithagent,h), (b,specializationof,a), (h,specializationof,b)
3.0	2.0	0.666666667	(a,coachesteam,b) <= (f,agentcollaborateswithagent,j), (a,coachesteam,f), (j,personbelongstoorganization,b)
6.0	4.0	0.666666667	(a,animalpreyson,b) <= (b,animalpreyson,h), (b,animalsuchasinvertebrate,h), (b,specializationof,a)
3.0	2.0	0.666666667	(a,agriculturalproductcookedwithagriculturalproduct,b) <= (b,agriculturalproductcookedwithagriculturalproduct,f), (i,animalpreyson,f), (i,specializationof,a)
3.0	2.0	0.666666667	(a,teamwontrophy,b) <= (i,athletehomestadium,f), (i,athletewinsawardtrophytournament,b), (a,teamhomestadium,f)
3.0	2.0	0.666666667	(a,agriculturalproducttoattractinsect,b) <= (a,agriculturalproductincludingagriculturalproduct,h), (h,agriculturalproducttoattractinsect,b), (b,animaleatfood,a)
3.0	2.0	0.666666667	(a,invertebratefeedonfood,b) <= (e,agentcompeteswithagent,a), (e,invertebratefeedonfood,b)
3.0	2.0	0.666666667	(a,proxyfor,b) <= (b,locationlocatedwithinlocation,a), (g,personhasresidenceingeopoliticallocation,a), (g,personleadsgeopoliticalorganization,a)
3.0	2.0	0.666666667	(a,coachesteam,b) <= (f,agentcollaborateswithagent,j), (j,athleteplaysforteam,b), (a,coachesteam,f)
3.0	2.0	0.666666667	(a,agentcollaborateswithagent,b) <= (b,agentcollaborateswithagent,a), (a,mutualproxyfor,h), (h,subpartof,a)
3.0	2.0	0.666666667	(a,atdate,b) <= (e,agentcollaborateswithagent,j), (e,atdate,b), (j,ceoof,a)
3.0	2.0	0.666666667	(a,subpartof,b) <= (j,locationlocatedwithinlocation,b), (a,mutualproxyfor,f), (f,personhasresidenceingeopoliticallocation,j)
6.0	4.0	0.666666667	(a,bankbankincountry,b) <= (a,bankbankincountry,f), (i,statelocatedincountry,b), (i,subpartof,f)
3.0	2.0	0.666666667	(a,organizationheadquarteredincountry,b) <= (e,agentcollaborateswithagent,j), (e,organizationheadquarteredincountry,b), (j,worksfor,a)
3.0	2.0	0.666666667	(a,organizationhiredperson,b) <= (a,organizationhiredperson,j), (b,personhasresidenceingeopoliticallocation,f), (j,personleadsorganization,f)
3.0	2.0	0.666666667	(a,proxyfor,b) <= (b,locationlocatedwithinlocation,a), (g,personleadsgeopoliticalorganization,a), (g,worksfor,a)
3.0	2.0	0.666666667	(a,personleadsorganization,b) <= (b,organizationhiredperson,h), (a,personhasresidenceingeopoliticallocation,b), (h,personleadsorganization,b)
3.0	2.0	0.666666667	(a,mutualproxyfor,b) <= (b,citylocatedingeopoliticallocation,h), (h,mutualproxyfor,b), (b,subpartof,a)
3.0	2.0	0.666666667	(a,mutualproxyfor,b) <= (b,agentcollaborateswithagent,a), (a,mutualproxyfor,h), (h,subpartof,a)
6.0	4.0	0.666666667	(a,animalpreyson,b) <= (h,animalthatfeedoninsect,a), (a,arthropodcalledarthropod,h), (b,specializationof,a)
3.0	2.0	0.666666667	(a,proxyfor,b) <= (g,agentbelongstoorganization,a), (g,atlocation,a), (b,locationlocatedwithinlocation,a)
3.0	2.0	0.666666667	(a,agriculturalproducttoattractinsect,b) <= (b,animaleatfood,a), (b,animalsuchasinvertebrate,h), (b,arthropodcalledarthropod,h)
3.0	2.0	0.666666667	(a,agriculturalproductcookedwithagriculturalproduct,b) <= (b,agriculturalproductcookedwithagriculturalproduct,f), (i,animalpreyson,a), (i,animalsuchasfish,f)
3.0	2.0	0.666666667	(a,coachesteam,b) <= (j,athleteplaysforteam,b), (a,coachesteam,f), (f,organizationhiredperson,j)
3.0	2.0	0.666666667	(a,worksfor,b) <= (b,organizationterminatedperson,h), (h,proxyfor,b), (b,subpartof,a)
3.0	2.0	0.666666667	(a,automobilemakerdealersincountry,b) <= (e,automobilemakerdealersincountry,b), (e,organizationterminatedperson,j), (j,worksfor,a)
3.0	2.0	0.666666667	(a,personleadsorganization,b) <= (b,mutualproxyfor,h), (a,personhasresidenceingeopoliticallocation,b), (h,personleadsorganization,b)
3.0	2.0	0.666666667	(a,athleteplaysforteam,b) <= (j,athleteledsportsteam,b), (a,athleteledsportsteam,f), (f,organizationhiredperson,j)
3.0	2.0	0.666666667	(a,animalistypeofanimal,b) <= (h,agentcompeteswithagent,b), (a,animalpreyson,b), (a,mammalsuchasmammal,h)
3.0	2.0	0.666666667	(a,proxyfor,b) <= (h,agentbelongstoorganization,a), (b,locationlocatedwithinlocation,a), (a,mutualproxyfor,h)
3.0	2.0	0.666666667	(a,proxyfor,b) <= (b,locationlocatedwithinlocation,a), (a,organizationhiredperson,h), (h,personleadsgeopoliticalorganization,a)
3.0	2.0	0.666666667	(a,citylocatedincountry,b) <= (e,citycapitalofcountry,b), (e,citylocatedincountry,j), (j,mutualproxyfor,a)
6.0	4.0	0.666666667	(a,agriculturalproductcookedwithagriculturalproduct,b) <= (a,agriculturalproductcookedwithagriculturalproduct,f), (j,animaleatvegetable,b), (f,arthropodcalledarthropod,j)
3.0	2.0	0.666666667	(a,organizationhiredperson,b) <= (b,personleadsorganization,f), (a,subpartoforganization,j), (f,synonymfor,j)
12.0	8.0	0.666666667	(a,organizationhiredperson,b) <= (a,organizationterminatedperson,j), (b,personleadsorganization,f), (f,subpartof,j)
3.0	2.0	0.666666667	(a,arthropodandotherarthropod,b) <= (g,animalpreyson,a), (g,animalsuchasinsect,b), (a,arthropodcalledarthropod,b)
3.0	2.0	0.666666667	(a,personleadsorganization,b) <= (a,ceoof,b), (g,ceoof,b), (g,proxyfor,b)
12.0	8.0	0.666666667	(a,citylocatedingeopoliticallocation,b) <= (a,cityliesonriver,f), (i,citylocatedingeopoliticallocation,b), (i,locationlocatedwithinlocation,f)
6.0	4.0	0.666666667	(a,athleteplaysinleague,b) <= (f,agentcontrols,j), (a,athleteplaysforteam,f), (j,athleteplaysinleague,b)
3.0	2.0	0.666666667	(a,animalpreyson,b) <= (h,animalistypeofanimal,b), (a,animalpreyson,h), (b,specializationof,a)
3.0	2.0	0.666666667	(a,atlocation,b) <= (a,cityalsoknownas,h), (b,mutualproxyfor,a), (h,proxyfor,b)
6.0	4.0	0.666666667	(a,coachwontrophy,b) <= (f,agentcollaborateswithagent,j), (a,athleteplaysforteam,f), (j,coachwontrophy,b)
3.0	2.0	0.666666667	(a,citylocatedincountry,b) <= (e,citylocatedincountry,b), (i,locationlocatedwithinlocation,e), (i,subpartof,a)
3.0	2.0	0.666666667	(a,mutualproxyfor,b) <= (g,agentactsinlocation,a), (g,agentactsinlocation,b), (b,subpartof,a)
3.0	2.0	0.666666667	(a,personbelongstoorganization,b) <= (b,agentcollaborateswithagent,a), (a,athleteplaysforteam,h), (a,personbelongstoorganization,h)
6.0	4.0	0.666666667	(a,animalpreyson,b) <= (a,animalpreyson,h), (h,arthropodandotherarthropod,a), (b,specializationof,a)
3.0	2.0	0.666666667	(a,athleteplaysforteam,b) <= (a,athleteledsportsteam,j), (j,synonymfor,f), (b,teamplaysagainstteam,f)
3.0	2.0	0.666666667	(a,hasofficeincountry,b) <= (i,automobilemakerdealersincountry,b), (a,organizationhiredperson,f), (i,organizationterminatedperson,f)
3.0	2.0	0.666666667	(a,atlocation,b) <= (e,agentactsinlocation,b), (i,buildinglocatedincity,e), (i,locationlocatedwithinlocation,a)
6.0	4.0	0.666666667	(a,proxyfor,b) <= (b,agentcollaborateswithagent,a), (a,personleadsorganization,h), (a,proxyfor,h)
3.0	2.0	0.666666667	(a,citylocatedincountry,b) <= (i,buildinglocatedincity,e), (e,citylocatedincountry,b), (i,subpartof,a)
3.0	2.0	0.666666667	(a,agriculturalproductcookedwithagriculturalproduct,b) <= (b,agriculturalproductcookedwithagriculturalproduct,f), (f,animalpreyson,j), (j,specializationof,a)
3.0	2.0	0.666666667	(a,arthropodandotherarthropod,b) <= (a,agentcompeteswithagent,h), (a,animalsuchasinvertebrate,h), (a,arthropodcalledarthropod,b)
12.0	8.0	0.666666667	(a,athleteplaysinleague,b) <= (a,athleteplaysforteam,f), (a,personbelongstoorganization,f), (f,teamplaysinleague,b)
3.0	2.0	0.666666667	(a,personborninlocation,b) <= (h,agentcollaborateswithagent,a), (a,personbornincity,b), (a,worksfor,h)
3.0	2.0	0.666666667	(a,personbelongstoorganization,b) <= (b,agentcollaborateswithagent,a), (h,teamalsoknownas,b), (b,teamplaysagainstteam,h)
3.0	2.0	0.666666667	(a,personleadsorganization,b) <= (a,mutualproxyfor,j), (f,mutualproxyfor,j), (b,organizationhiredperson,f)
3.0	2.0	0.666666667	(a,personleadsorganization,b) <= (i,personhasresidenceingeopoliticallocation,b), (a,personleadsorganization,f), (i,worksfor,f)
6.0	4.0	0.666666667	(a,agriculturalproductcookedwithagriculturalproduct,b) <= (f,agriculturalproductcomingfromvertebrate,j), (b,agriculturalproductcookedwithagriculturalproduct,f), (a,agriculturalproductcookedwithagriculturalproduct,j)
12.0	8.0	0.666666667	(a,agentbelongstoorganization,b) <= (a,agentbelongstoorganization,h), (b,agentcompeteswithagent,h), (a,subpartof,b)
3.0	2.0	0.666666667	(a,mutualproxyfor,b) <= (g,hasofficeincity,a), (g,hasofficeincity,b), (b,subpartof,a)
3.0	2.0	0.666666667	(a,mutualproxyfor,b) <= (a,agentcollaborateswithagent,h), (a,mutualproxyfor,h), (b,subpartof,a)
3.0	2.0	0.666666667	(a,atdate,b) <= (i,atdate,b), (a,citycapitalofcountry,f), (i,statelocatedincountry,f)
3.0	2.0	0.666666667	(a,personbelongstoorganization,b) <= (b,agentactsinlocation,h), (b,agentcollaborateswithagent,a), (b,mutualproxyfor,h)
6.0	4.0	0.666666667	(a,agentcompeteswithagent,b) <= (e,agentcompeteswithagent,b), (i,personbelongstoorganization,e), (i,subpartof,a)
12.0	8.0	0.666666667	(a,agentbelongstoorganization,b) <= (a,agentbelongstoorganization,h), (h,agentcompeteswithagent,b), (a,subpartof,b)
6.0	4.0	0.666666667	(a,animalpreyson,b) <= (a,animalsuchasinvertebrate,h), (h,arthropodandotherarthropod,a), (b,specializationof,a)
3.0	2.0	0.666666667	(a,organizationheadquarteredincountry,b) <= (a,mutualproxyfor,f), (i,organizationheadquarteredincountry,b), (i,organizationhiredperson,f)
3.0	2.0	0.666666667	(a,organizationheadquarteredincountry,b) <= (e,hasofficeincountry,b), (e,mutualproxyfor,j), (j,topmemberoforganization,a)
21.0	14.0	0.666666667	(a,subpartof,b) <= (i,personbelongstoorganization,f), (i,personleadsorganization,b), (a,subpartof,f)
3.0	2.0	0.666666667	(a,atdate,b) <= (e,atdate,b), (e,competeswith,j), (j,organizationheadquarteredincountry,a)
3.0	2.0	0.666666667	(a,athleteplaysforteam,b) <= (i,athleteledsportsteam,b), (a,coachesteam,f), (i,coachesteam,f)
3.0	2.0	0.666666667	(a,agriculturalproductcookedwithagriculturalproduct,b) <= (b,agriculturalproductcookedwithagriculturalproduct,f), (a,animalpreyson,j), (j,specializationof,f)
3.0	2.0	0.666666667	(a,animalsuchasinsect,b) <= (a,animalistypeofanimal,b), (a,animalpreyson,h), (h,animalsuchasinsect,b)
3.0	2.0	0.666666667	(a,atlocation,b) <= (a,atlocation,h), (b,mutualproxyfor,a), (b,stateorprovinceisborderedbystateorprovince,h)
3.0	2.0	0.666666667	(a,athleteplaysforteam,b) <= (a,athletebeatathlete,f), (i,athletebeatathlete,f), (i,athleteledsportsteam,b)
3.0	2.0	0.666666667	(a,athleteplaysinleague,b) <= (a,subpartof,f), (i,subpartoforganization,b), (i,teamplaysagainstteam,f)
3.0	2.0	0.666666667	(a,animalsuchasinsect,b) <= (a,animalistypeofanimal,b), (a,animalpreyson,h), (h,arthropodcalledarthropod,b)
3.0	2.0	0.666666667	(a,athleteplaysforteam,b) <= (i,athleteledsportsteam,b), (i,personbelongstoorganization,f), (a,subpartof,f)
3.0	2.0	0.666666667	(a,personleadsorganization,b) <= (j,companyalsoknownas,b), (f,organizationalsoknownas,j), (a,personleadsorganization,f)
6.0	4.0	0.666666667	(a,hasofficeincountry,b) <= (i,hasofficeincountry,b), (i,organizationterminatedperson,f), (a,subpartof,f)
3.0	2.0	0.666666667	(a,personleadsorganization,b) <= (b,organizationhiredperson,f), (a,personhasresidenceingeopoliticallocation,j), (f,personleadsorganization,j)
3.0	2.0	0.666666667	(a,personhasresidenceingeopoliticallocation,b) <= (a,personhasresidenceingeopoliticallocation,f), (i,personleadsgeopoliticalorganization,f), (i,worksfor,b)
3.0	2.0	0.666666667	(a,cityalsoknownas,b) <= (i,attractionofcity,f), (i,buildinglocatedincity,a), (b,cityalsoknownas,f)
3.0	2.0	0.666666667	(a,athleteplaysforteam,b) <= (i,athleteledsportsteam,f), (i,subpartof,b), (a,subpartof,f)
3.0	2.0	0.666666667	(a,agriculturalproductcookedwithagriculturalproduct,b) <= (b,agriculturalproductcookedwithagriculturalproduct,f), (a,animalpreyson,j), (j,animalsuchasfish,f)
3.0	2.0	0.666666667	(a,mutualproxyfor,b) <= (g,agentcollaborateswithagent,b), (b,agentcontrols,a), (g,mutualproxyfor,b)
3.0	2.0	0.666666667	(a,personleadsorganization,b) <= (f,ceoof,j), (b,organizationhiredperson,f), (a,proxyfor,j)
3.0	2.0	0.666666667	(a,automobilemakerdealersincountry,b) <= (a,acquired,h), (h,automobilemakerdealersincountry,b), (a,hasofficeincountry,b)
3.0	2.0	0.666666667	(a,subpartoforganization,b) <= (b,bankboughtbank,f), (i,topmemberoforganization,f), (i,worksfor,a)
3.0	2.0	0.666666667	(a,atlocation,b) <= (a,proxyfor,b), (a,proxyfor,h), (h,stateorprovinceisborderedbystateorprovince,b)
18.0	12.0	0.666666667	(a,topmemberoforganization,b) <= (a,ceoof,b), (b,mutualproxyfor,h), (h,topmemberoforganization,b)
3.0	2.0	0.666666667	(a,animalistypeofanimal,b) <= (a,animalpreyson,b), (a,animalthatfeedoninsect,h), (h,arthropodandotherarthropod,b)
3.0	2.0	0.666666667	(a,organizationheadquarteredincountry,b) <= (e,hasofficeincountry,b), (e,subpartof,j), (j,topmemberoforganization,a)
430.0	286.0	0.665116279	(a,proxyfor,b) <= (b,organizationhiredperson,f), (j,organizationterminatedperson,f), (a,proxyfor,j)
122.0	81.0	0.663934426	(a,proxyfor,b) <= (b,mutualproxyfor,a), (a,proxyfor,h), (a,subpartof,h)
89.0	59.0	0.662921348	(a,persongraduatedschool,b) <= (a,personbelongstoorganization,j), (b,synonymfor,f), (f,teamalsoknownas,j)
83.0	55.0	0.662650602	(a,sportfansincountry,b) <= (b,countryalsoknownas,f), (j,countrylocatedingeopoliticallocation,f), (a,sportfansincountry,j)
80.0	53.0	0.6625	(a,athleteplaysforteam,b) <= (b,agentcollaborateswithagent,f), (f,athleteledsportsteam,j), (a,athleteplaysforteam,j)
71.0	47.0	0.661971831	(a,arthropodcalledarthropod,b) <= (i,animalthatfeedoninsect,a), (e,arthropodcalledarthropod,b), (i,specializationof,e)
71.0	47.0	0.661971831	(a,animalthatfeedoninsect,b) <= (i,agentcompeteswithagent,e), (e,animalthatfeedoninsect,b), (i,arthropodcalledarthropod,a)
210.0	139.0	0.661904762	(a,subpartof,b) <= (a,agentbelongstoorganization,j), (b,organizationhiredperson,f), (f,topmemberoforganization,j)
210.0	139.0	0.661904762	(a,subpartof,b) <= (a,agentbelongstoorganization,f), (f,organizationhiredperson,j), (j,topmemberoforganization,b)
210.0	139.0	0.661904762	(a,subpartof,b) <= (a,agentbelongstoorganization,b), (b,organizationhiredperson,h), (h,topmemberoforganization,b)
59.0	39.0	0.661016949	(a,teamplaysagainstteam,b) <= (i,athleteledsportsteam,f), (i,subpartof,b), (a,teamplaysagainstteam,f)
675.0	446.0	0.660740741	(a,agentcollaborateswithagent,b) <= (j,agentcollaborateswithagent,f), (a,agentcollaborateswithagent,j), (b,agentcontrols,f)
224.0	148.0	0.660714286	(a,locationlocatedwithinlocation,b) <= (a,locationlocatedwithinlocation,j), (j,organizationhiredperson,f), (b,organizationterminatedperson,f)
159.0	105.0	0.660377358	(a,persongraduatedfromuniversity,b) <= (b,organizationalsoknownas,h), (a,persongraduatedschool,b), (b,synonymfor,h)
159.0	105.0	0.660377358	(a,persongraduatedfromuniversity,b) <= (i,organizationalsoknownas,b), (i,organizationalsoknownas,f), (a,persongraduatedschool,f)
159.0	105.0	0.660377358	(a,persongraduatedfromuniversity,b) <= (h,organizationalsoknownas,b), (b,organizationalsoknownas,h), (a,persongraduatedschool,b)
159.0	105.0	0.660377358	(a,persongraduatedfromuniversity,b) <= (b,mutualproxyfor,h), (a,persongraduatedschool,b), (h,synonymfor,b)
159.0	105.0	0.660377358	(a,persongraduatedfromuniversity,b) <= (h,persongraduatedfromuniversity,b), (a,persongraduatedschool,b), (b,synonymfor,h)
159.0	105.0	0.660377358	(a,persongraduatedfromuniversity,b) <= (f,mutualproxyfor,j), (a,persongraduatedschool,f), (j,synonymfor,b)
159.0	105.0	0.660377358	(a,persongraduatedfromuniversity,b) <= (b,organizationalsoknownas,h), (a,persongraduatedschool,b), (h,synonymfor,b)
159.0	105.0	0.660377358	(a,persongraduatedfromuniversity,b) <= (a,persongraduatedschool,b), (h,persongraduatedschool,b), (b,synonymfor,h)
159.0	105.0	0.660377358	(a,persongraduatedfromuniversity,b) <= (a,persongraduatedschool,f), (j,synonymfor,b), (f,synonymfor,j)
159.0	105.0	0.660377358	(a,persongraduatedfromuniversity,b) <= (g,organizationalsoknownas,b), (a,persongraduatedschool,b), (g,synonymfor,b)
159.0	105.0	0.660377358	(a,persongraduatedfromuniversity,b) <= (f,organizationalsoknownas,j), (a,persongraduatedschool,j), (b,synonymfor,f)
159.0	105.0	0.660377358	(a,persongraduatedfromuniversity,b) <= (b,organizationalsoknownas,f), (a,persongraduatedschool,j), (j,synonymfor,f)
159.0	105.0	0.660377358	(a,persongraduatedfromuniversity,b) <= (a,persongraduatedschool,b), (h,synonymfor,b), (b,synonymfor,h)
159.0	105.0	0.660377358	(a,persongraduatedfromuniversity,b) <= (h,organizationalsoknownas,b), (a,persongraduatedschool,b), (b,synonymfor,h)
144.0	95.0	0.659722222	(a,subpartof,b) <= (a,agentbelongstoorganization,b), (a,agentbelongstoorganization,h), (h,agentcontrols,a)
144.0	95.0	0.659722222	(a,subpartof,b) <= (a,agentbelongstoorganization,b), (b,agentcontrols,a)
144.0	95.0	0.659722222	(a,subpartof,b) <= (a,agentbelongstoorganization,h), (b,agentcontrols,a), (h,agentcontrols,a)
91.0	60.0	0.659340659	(a,agentcollaborateswithagent,b) <= (b,agentcontrols,a), (b,subpartof,h), (a,subpartoforganization,h)
88.0	58.0	0.659090909	(a,atlocation,b) <= (g,citylocatedingeopoliticallocation,b), (a,mutualproxyfor,b), (g,proxyfor,b)
44.0	29.0	0.659090909	(a,personbelongstoorganization,b) <= (i,airportincity,f), (i,buildinglocatedincity,b), (a,personbelongstoorganization,f)
117.0	77.0	0.658119658	(a,bankbankincountry,b) <= (i,atlocation,b), (a,bankbankincountry,f), (i,subpartof,f)
38.0	25.0	0.657894737	(a,organizationhiredperson,b) <= (h,organizationhiredperson,b), (a,subpartof,b), (b,topmemberoforganization,h)
38.0	25.0	0.657894737	(a,topmemberoforganization,b) <= (h,organizationhiredperson,a), (b,subpartof,a), (a,topmemberoforganization,h)
38.0	25.0	0.657894737	(a,organizationhiredperson,b) <= (f,organizationhiredperson,j), (a,subpartof,j), (b,topmemberoforganization,f)
38.0	25.0	0.657894737	(a,animalpreyson,b) <= (b,animalistypeofanimal,h), (h,animalpreyson,b), (b,specializationof,a)
38.0	25.0	0.657894737	(a,topmemberoforganization,b) <= (j,organizationhiredperson,f), (b,subpartof,f), (a,topmemberoforganization,j)
38.0	25.0	0.657894737	(a,personleadsorganization,b) <= (b,organizationhiredperson,h), (b,organizationterminatedperson,a), (h,personleadsorganization,b)
73.0	48.0	0.657534247	(a,teamplaysagainstteam,b) <= (h,athleteplaysforteam,a), (a,organizationhiredperson,h), (b,teamplaysagainstteam,a)
73.0	48.0	0.657534247	(a,organizationhiredperson,b) <= (a,organizationterminatedperson,f), (i,subpartof,b), (i,subpartof,f)
73.0	48.0	0.657534247	(a,subpartof,b) <= (a,organizationterminatedperson,f), (i,subpartof,b), (i,subpartof,f)
35.0	23.0	0.657142857	(a,subpartof,b) <= (e,organizationterminatedperson,j), (e,subpartof,b), (j,worksfor,a)
35.0	23.0	0.657142857	(a,personleadsorganization,b) <= (i,agentcontrols,f), (i,personleadsorganization,b), (a,proxyfor,f)
105.0	69.0	0.657142857	(a,organizationterminatedperson,b) <= (a,organizationterminatedperson,j), (b,personleadsorganization,f), (j,worksfor,f)
35.0	23.0	0.657142857	(a,organizationterminatedperson,b) <= (i,ceoof,e), (e,organizationterminatedperson,b), (i,worksfor,a)
70.0	46.0	0.657142857	(a,arthropodcalledarthropod,b) <= (e,arthropodandotherarthropod,j), (e,arthropodcalledarthropod,b), (j,specializationof,a)
67.0	44.0	0.656716418	(a,proxyfor,b) <= (a,locationlocatedwithinlocation,b), (b,organizationterminatedperson,h), (h,worksfor,b)
166.0	109.0	0.656626506	(a,ceoof,b) <= (e,ceoof,b), (e,ceoof,j), (j,organizationterminatedperson,a)
99.0	65.0	0.656565657	(a,worksfor,b) <= (i,athleteledsportsteam,b), (i,athleteplaysforteam,f), (a,worksfor,f)
32.0	21.0	0.65625	(a,ceoof,b) <= (a,ceoof,j), (j,organizationhiredperson,f), (b,subpartof,f)
32.0	21.0	0.65625	(a,teamplaysagainstteam,b) <= (a,teamalsoknownas,b), (g,teamplaysagainstteam,a), (g,teamplaysagainstteam,b)
32.0	21.0	0.65625	(a,organizationhiredperson,b) <= (b,ceoof,f), (f,organizationhiredperson,j), (a,subpartof,j)
32.0	21.0	0.65625	(a,citylocatedincountry,b) <= (e,citylocatedincountry,b), (i,hasofficeincity,e), (i,organizationheadquarteredincity,a)
64.0	42.0	0.65625	(a,sportschoolincountry,b) <= (b,countryalsoknownas,f), (j,countrylocatedingeopoliticallocation,f), (a,sportschoolincountry,j)
32.0	21.0	0.65625	(a,organizationhiredperson,b) <= (f,ceoof,j), (a,mutualproxyfor,f), (j,organizationhiredperson,b)
160.0	105.0	0.65625	(a,persongraduatedschool,b) <= (h,organizationalsoknownas,b), (b,organizationalsoknownas,h), (a,persongraduatedfromuniversity,b)
119.0	78.0	0.655462185	(a,subpartof,b) <= (a,agentcollaborateswithagent,f), (f,organizationhiredperson,j), (j,topmemberoforganization,b)
119.0	78.0	0.655462185	(a,subpartof,b) <= (a,agentcollaborateswithagent,b), (b,organizationhiredperson,h), (h,topmemberoforganization,b)
29.0	19.0	0.655172414	(a,proxyfor,b) <= (a,locationlocatedwithinlocation,b), (b,mutualproxyfor,a), (a,subpartof,b)
29.0	19.0	0.655172414	(a,animalpreyson,b) <= (b,animalpreyson,a), (b,animalpreyson,h), (h,specializationof,a)
139.0	91.0	0.654676259	(a,agentcontrols,b) <= (i,agentcontrols,b), (a,agentcontrols,f), (i,proxyfor,f)
55.0	36.0	0.654545455	(a,organizationhiredperson,b) <= (e,agentcollaborateswithagent,j), (e,organizationhiredperson,b), (j,personbelongstoorganization,a)
55.0	36.0	0.654545455	(a,organizationheadquarteredincity,b) <= (i,organizationheadquarteredincity,b), (a,radiostationincity,f), (i,televisionstationincity,f)
55.0	36.0	0.654545455	(a,mutualproxyfor,b) <= (f,mutualproxyfor,j), (j,personleadsorganization,a), (b,worksfor,f)
55.0	36.0	0.654545455	(a,coachesinleague,b) <= (b,agentcollaborateswithagent,f), (j,agentcontrols,f), (a,coachesinleague,j)
159.0	104.0	0.65408805	(a,organizationhiredperson,b) <= (i,athleteledsportsteam,a), (i,athleteplaysforteam,e), (e,organizationhiredperson,b)
26.0	17.0	0.653846154	(a,animalpreyson,b) <= (h,animalpreyson,b), (a,animalpreyson,h), (b,specializationof,a)
26.0	17.0	0.653846154	(a,agentcompeteswithagent,b) <= (g,agentcompeteswithagent,a), (g,agentcompeteswithagent,b), (b,subpartoforganization,a)
26.0	17.0	0.653846154	(a,teamplaysagainstteam,b) <= (b,agentcompeteswithagent,h), (b,teamalsoknownas,h), (b,teamplaysagainstteam,a)
26.0	17.0	0.653846154	(a,teamplaysagainstteam,b) <= (b,organizationterminatedperson,h), (b,teamplaysagainstteam,a), (h,worksfor,b)
26.0	17.0	0.653846154	(a,proxyfor,b) <= (i,proxyfor,b), (a,proxyfor,f), (i,worksfor,f)
52.0	34.0	0.653846154	(a,teamplaysincity,b) <= (i,athleteledsportsteam,a), (i,athleteplaysforteam,e), (e,teamplaysincity,b)
52.0	34.0	0.653846154	(a,subpartof,b) <= (e,subpartof,b), (e,subpartof,j), (j,topmemberoforganization,a)
26.0	17.0	0.653846154	(a,teamplaysagainstteam,b) <= (b,organizationhiredperson,h), (b,organizationterminatedperson,h), (b,teamplaysagainstteam,a)
52.0	34.0	0.653846154	(a,teamplaysincity,b) <= (i,athleteledsportsteam,e), (i,athleteplaysforteam,a), (e,teamplaysincity,b)
49.0	32.0	0.653061224	(a,agentparticipatedinevent,b) <= (e,agentparticipatedinevent,b), (i,athleteledsportsteam,a), (i,athleteplaysforteam,e)
49.0	32.0	0.653061224	(a,teamwontrophy,b) <= (i,coachesteam,e), (e,teamwontrophy,b), (i,worksfor,a)
98.0	64.0	0.653061224	(a,agentinvolvedwithitem,b) <= (e,agentinvolvedwithitem,b), (j,ceoof,a), (e,organizationterminatedperson,j)
23.0	15.0	0.652173913	(a,organizationhiredperson,b) <= (a,mutualproxyfor,h), (a,organizationterminatedperson,b), (a,subpartof,h)
23.0	15.0	0.652173913	(a,organizationterminatedperson,b) <= (e,subpartof,b), (e,subpartof,j), (j,worksfor,a)
23.0	15.0	0.652173913	(a,worksfor,b) <= (i,personleadsorganization,b), (i,proxyfor,f), (a,worksfor,f)
23.0	15.0	0.652173913	(a,personleadsorganization,b) <= (i,subpartof,a), (i,subpartof,e), (e,worksfor,b)
23.0	15.0	0.652173913	(a,personbelongstoorganization,b) <= (f,agentcompeteswithagent,j), (j,organizationheadquarteredincity,b), (a,personbelongstoorganization,f)
23.0	15.0	0.652173913	(a,agentcollaborateswithagent,b) <= (e,agentcollaborateswithagent,b), (e,mutualproxyfor,j), (j,personleadsorganization,a)
23.0	15.0	0.652173913	(a,personleadsorganization,b) <= (i,personleadsorganization,b), (i,proxyfor,f), (a,worksfor,f)
46.0	30.0	0.652173913	(a,worksfor,b) <= (i,agentcontrols,f), (a,proxyfor,f), (i,worksfor,b)
23.0	15.0	0.652173913	(a,organizationhiredperson,b) <= (a,mutualproxyfor,b), (g,organizationterminatedperson,b), (g,subpartof,b)
23.0	15.0	0.652173913	(a,countryalsoknownas,b) <= (i,citylocatedincountry,b), (i,citylocatedingeopoliticallocation,f), (a,countryalsoknownas,f)
46.0	30.0	0.652173913	(a,mutualproxyfor,b) <= (b,locationlocatedwithinlocation,a), (h,mutualproxyfor,b), (b,subpartof,h)
23.0	15.0	0.652173913	(a,agentcompeteswithagent,b) <= (b,agentcompeteswithagent,a), (g,personleadsorganization,b), (g,worksfor,b)
46.0	30.0	0.652173913	(a,ceoof,b) <= (f,ceoof,j), (j,organizationhiredperson,a), (b,organizationterminatedperson,f)
46.0	30.0	0.652173913	(a,animalthatfeedoninsect,b) <= (i,animalthatfeedoninsect,b), (a,animalthatfeedoninsect,f), (i,specializationof,f)
66.0	43.0	0.651515152	(a,worksfor,b) <= (b,organizationterminatedperson,a), (a,personleadsorganization,h), (a,worksfor,h)
86.0	56.0	0.651162791	(a,countryalsoknownas,b) <= (e,citycapitalofcountry,b), (e,citylocatedincountry,j), (j,countryalsoknownas,a)
43.0	28.0	0.651162791	(a,personleadsorganization,b) <= (b,agentcollaborateswithagent,a), (a,personleadsorganization,h), (a,worksfor,h)
83.0	54.0	0.65060241	(a,organizationhiredperson,b) <= (j,organizationhiredperson,b), (a,organizationterminatedperson,f), (f,worksfor,j)
83.0	54.0	0.65060241	(a,atlocation,b) <= (g,citylocatedinstate,b), (a,mutualproxyfor,b), (g,mutualproxyfor,b)
143.0	93.0	0.65034965	(a,automobilemakerdealersincity,b) <= (i,automakerproducesmodel,f), (i,automobilemakerdealersincity,b), (a,producesproduct,f)
243.0	158.0	0.650205761	(a,agentcollaborateswithagent,b) <= (i,agentcollaborateswithagent,b), (a,agentcollaborateswithagent,f), (i,subpartof,f)
20.0	13.0	0.65	(a,agentcompeteswithagent,b) <= (b,agentcollaborateswithagent,h), (b,agentcompeteswithagent,a), (h,worksfor,b)
40.0	26.0	0.65	(a,teamplaysinleague,b) <= (b,subpartoforganization,f), (a,teamplaysagainstteam,f)
240.0	156.0	0.65	(a,persongraduatedfromuniversity,b) <= (f,organizationalsoknownas,j), (a,persongraduatedfromuniversity,j), (b,synonymfor,f)
20.0	13.0	0.65	(a,acquired,b) <= (j,acquired,b), (f,ceoof,j), (a,mutualproxyfor,f)
20.0	13.0	0.65	(a,personbelongstoorganization,b) <= (i,agentcontrols,b), (a,personbelongstoorganization,f), (i,teamplaysinleague,f)
20.0	13.0	0.65	(a,subpartof,b) <= (i,headquarteredin,e), (i,organizationheadquarteredincity,a), (e,subpartof,b)
40.0	26.0	0.65	(a,automobilemakerdealersincity,b) <= (a,automobilemakerdealersincity,f), (i,hasofficeincity,b), (i,organizationheadquarteredincity,f)
20.0	13.0	0.65	(a,teamwontrophy,b) <= (i,athletewinsawardtrophytournament,b), (i,subpartof,f), (a,teamplaysagainstteam,f)
20.0	13.0	0.65	(a,organizationterminatedperson,b) <= (j,subpartof,b), (a,subpartof,f), (f,worksfor,j)
20.0	13.0	0.65	(a,organizationterminatedperson,b) <= (a,subpartof,b), (h,subpartof,b), (b,worksfor,h)
20.0	13.0	0.65	(a,proxyfor,b) <= (b,mutualproxyfor,a), (h,stateorprovinceisborderedbystateorprovince,b), (b,stateorprovinceisborderedbystateorprovince,h)
40.0	26.0	0.65	(a,organizationterminatedperson,b) <= (h,organizationterminatedperson,b), (a,subpartof,b), (b,topmemberoforganization,h)
40.0	26.0	0.65	(a,topmemberoforganization,b) <= (h,organizationterminatedperson,a), (b,subpartof,a), (a,topmemberoforganization,h)
20.0	13.0	0.65	(a,organizationhiredperson,b) <= (e,organizationhiredperson,b), (e,organizationterminatedperson,j), (j,personbelongstoorganization,a)
277.0	180.0	0.649819495	(a,teamplaysagainstteam,b) <= (g,athleteplaysforteam,b), (g,personbelongstoorganization,b), (b,teamplaysagainstteam,a)
730.0	474.0	0.649315068	(a,proxyfor,b) <= (i,locationlocatedwithinlocation,f), (a,proxyfor,f), (i,subpartof,b)
57.0	37.0	0.649122807	(a,proxyfor,b) <= (a,locationlocatedwithinlocation,b), (a,proxyfor,h), (a,subpartof,h)
114.0	74.0	0.649122807	(a,mutualproxyfor,b) <= (b,locationlocatedwithinlocation,h), (h,mutualproxyfor,b), (b,proxyfor,a)
57.0	37.0	0.649122807	(a,ceoof,b) <= (j,ceoof,b), (f,organizationterminatedperson,j), (a,topmemberoforganization,f)
37.0	24.0	0.648648649	(a,leaguestadiums,b) <= (i,athleteledsportsteam,e), (i,athleteplaysinleague,a), (e,teamhomestadium,b)
37.0	24.0	0.648648649	(a,mutualproxyfor,b) <= (b,mutualproxyfor,a), (h,mutualproxyfor,b), (b,subpartof,h)
37.0	24.0	0.648648649	(a,ceoof,b) <= (a,ceoof,j), (b,mutualproxyfor,f), (j,organizationhiredperson,f)
37.0	24.0	0.648648649	(a,competeswith,b) <= (h,agentcompeteswithagent,a), (b,competeswith,a), (a,hasofficeincity,h)
37.0	24.0	0.648648649	(a,competeswith,b) <= (h,agentcompeteswithagent,a), (b,competeswith,a), (a,newspaperincity,h)
401.0	260.0	0.648379052	(a,agentcreated,b) <= (e,agentcollaborateswithagent,j), (e,agentcreated,b), (j,personleadsorganization,a)
91.0	59.0	0.648351648	(a,persongraduatedschool,b) <= (a,personbelongstoorganization,f), (i,synonymfor,b), (i,teamalsoknownas,f)
54.0	35.0	0.648148148	(a,arthropodcalledarthropod,b) <= (i,agentcompeteswithagent,a), (e,arthropodcalledarthropod,b), (i,specializationof,e)
108.0	70.0	0.648148148	(a,proxyfor,b) <= (a,locationlocatedwithinlocation,b), (b,mutualproxyfor,a)
389.0	252.0	0.64781491	(a,subpartoforganization,b) <= (a,agentcollaborateswithagent,f), (f,subpartof,j), (j,teamalsoknownas,b)
292.0	189.0	0.647260274	(a,agentcollaborateswithagent,b) <= (j,agentbelongstoorganization,b), (a,agentcollaborateswithagent,f), (f,agentcontrols,j)
34.0	22.0	0.647058824	(a,arthropodcalledarthropod,b) <= (a,animalthatfeedoninsect,h), (b,arthropodcalledarthropod,a), (a,arthropodcalledarthropod,h)
17.0	11.0	0.647058824	(a,mutualproxyfor,b) <= (j,organizationhiredperson,b), (a,subpartof,f), (f,worksfor,j)
34.0	22.0	0.647058824	(a,worksfor,b) <= (i,athleteplaysforteam,b), (i,personbelongstoorganization,f), (a,worksfor,f)
34.0	22.0	0.647058824	(a,subpartof,b) <= (i,mutualproxyfor,b), (a,organizationterminatedperson,f), (i,subpartof,f)
17.0	11.0	0.647058824	(a,mutualproxyfor,b) <= (j,organizationterminatedperson,b), (a,subpartof,f), (f,worksfor,j)
17.0	11.0	0.647058824	(a,organizationhiredperson,b) <= (j,organizationterminatedperson,b), (a,subpartof,f), (f,worksfor,j)
17.0	11.0	0.647058824	(a,mutualproxyfor,b) <= (h,organizationterminatedperson,b), (a,subpartof,b), (b,worksfor,h)
17.0	11.0	0.647058824	(a,mutualproxyfor,b) <= (h,organizationhiredperson,b), (a,subpartof,b), (b,worksfor,h)
17.0	11.0	0.647058824	(a,organizationalsoknownas,b) <= (i,mutualproxyfor,e), (i,organizationalsoknownas,a), (e,synonymfor,b)
17.0	11.0	0.647058824	(a,automobilemakercardealersinstateorprovince,b) <= (a,automobilemakercardealersinstateorprovince,f), (i,citylocatedingeopoliticallocation,b), (i,locationlocatedwithinlocation,f)
17.0	11.0	0.647058824	(a,organizationalsoknownas,b) <= (b,organizationalsoknownas,a), (h,persongraduatedschool,b), (b,synonymfor,h)
17.0	11.0	0.647058824	(a,automobilemakerdealersincountry,b) <= (a,automobilemakerdealersincity,f), (i,automobilemakerdealersincountry,b), (i,organizationheadquarteredincity,f)
17.0	11.0	0.647058824	(a,proxyfor,b) <= (i,citylocatedingeopoliticallocation,a), (i,locationlocatedwithinlocation,e), (e,proxyfor,b)
17.0	11.0	0.647058824	(a,animalsuchasinvertebrate,b) <= (a,animalsuchasinvertebrate,f), (i,animalthatfeedoninsect,b), (i,specializationof,f)
17.0	11.0	0.647058824	(a,organizationalsoknownas,b) <= (j,organizationalsoknownas,a), (f,persongraduatedfromuniversity,j), (b,synonymfor,f)
17.0	11.0	0.647058824	(a,organizationterminatedperson,b) <= (e,mutualproxyfor,j), (e,organizationhiredperson,b), (j,topmemberoforganization,a)
17.0	11.0	0.647058824	(a,organizationalsoknownas,b) <= (b,organizationalsoknownas,a), (g,persongraduatedfromuniversity,b), (g,persongraduatedschool,b)
17.0	11.0	0.647058824	(a,organizationterminatedperson,b) <= (h,organizationhiredperson,b), (a,subpartof,b), (b,worksfor,h)
17.0	11.0	0.647058824	(a,organizationhiredperson,b) <= (h,organizationterminatedperson,b), (a,subpartof,b), (b,worksfor,h)
17.0	11.0	0.647058824	(a,organizationhiredperson,b) <= (j,ceoof,a), (e,organizationterminatedperson,b), (e,subpartof,j)
17.0	11.0	0.647058824	(a,competeswith,b) <= (a,competeswith,j), (b,organizationhiredperson,f), (f,personleadsorganization,j)
17.0	11.0	0.647058824	(a,organizationhiredperson,b) <= (b,ceoof,a), (g,organizationterminatedperson,b), (g,subpartof,b)
17.0	11.0	0.647058824	(a,organizationterminatedperson,b) <= (j,organizationhiredperson,b), (a,subpartof,f), (f,worksfor,j)
17.0	11.0	0.647058824	(a,citylocatedincountry,b) <= (a,citylocatedincountry,f), (i,statelocatedincountry,f), (i,subpartof,b)
34.0	22.0	0.647058824	(a,subpartof,b) <= (g,mutualproxyfor,b), (a,organizationterminatedperson,b), (g,subpartof,b)
17.0	11.0	0.647058824	(a,teamplaysagainstteam,b) <= (b,agentcollaborateswithagent,h), (h,subpartof,b), (b,teamplaysagainstteam,a)
17.0	11.0	0.647058824	(a,organizationhiredperson,b) <= (h,ceoof,a), (a,organizationterminatedperson,h), (a,subpartof,b)
17.0	11.0	0.647058824	(a,mutualproxyfor,b) <= (f,organizationhiredperson,j), (a,subpartof,j), (b,worksfor,f)
17.0	11.0	0.647058824	(a,agentcompeteswithagent,b) <= (b,agentcollaborateswithagent,h), (b,agentcompeteswithagent,a), (h,personleadsorganization,b)
17.0	11.0	0.647058824	(a,organizationalsoknownas,b) <= (b,organizationalsoknownas,a), (h,persongraduatedfromuniversity,b), (b,synonymfor,h)
34.0	22.0	0.647058824	(a,agentcompeteswithagent,b) <= (a,agentcompeteswithagent,j), (f,agentcompeteswithagent,j), (b,arthropodcalledarthropod,f)
17.0	11.0	0.647058824	(a,organizationterminatedperson,b) <= (f,organizationhiredperson,j), (a,subpartof,j), (b,worksfor,f)
17.0	11.0	0.647058824	(a,ceoof,b) <= (a,ceoof,f), (i,topmemberoforganization,b), (i,worksfor,f)
17.0	11.0	0.647058824	(a,organizationalsoknownas,b) <= (b,mutualproxyfor,h), (b,organizationalsoknownas,a), (h,synonymfor,b)
17.0	11.0	0.647058824	(a,organizationalsoknownas,b) <= (j,organizationalsoknownas,a), (f,persongraduatedschool,j), (b,synonymfor,f)
133.0	86.0	0.646616541	(a,teamplaysagainstteam,b) <= (e,agentcollaborateswithagent,j), (j,athleteplaysforteam,a), (e,teamplaysagainstteam,b)
48.0	31.0	0.645833333	(a,specializationof,b) <= (i,animalpreyson,b), (i,mammalsuchasmammal,f), (a,specializationof,f)
48.0	31.0	0.645833333	(a,athleteledsportsteam,b) <= (a,athleteledsportsteam,f), (i,coachesteam,f), (i,worksfor,b)
392.0	253.0	0.645408163	(a,teamplaysagainstteam,b) <= (i,athleteledsportsteam,e), (i,personbelongstoorganization,a), (e,teamplaysagainstteam,b)
31.0	20.0	0.64516129	(a,teamplaysagainstteam,b) <= (a,teamalsoknownas,b), (h,teamplaysagainstteam,b), (a,teamplaysagainstteam,h)
62.0	40.0	0.64516129	(a,animalthatfeedoninsect,b) <= (j,agentcompeteswithagent,a), (e,animalthatfeedoninsect,b), (e,arthropodcalledarthropod,j)
31.0	20.0	0.64516129	(a,statelocatedingeopoliticallocation,b) <= (j,citylocatedinstate,a), (e,mutualproxyfor,j), (e,statelocatedingeopoliticallocation,b)
62.0	40.0	0.64516129	(a,arthropodcalledarthropod,b) <= (h,animalsuchasinvertebrate,a), (b,arthropodcalledarthropod,a), (a,arthropodcalledarthropod,h)
31.0	20.0	0.64516129	(a,subpartoforganization,b) <= (f,organizationterminatedperson,j), (a,subpartoforganization,f), (j,worksfor,b)
31.0	20.0	0.64516129	(a,competeswith,b) <= (e,competeswith,b), (e,mutualproxyfor,j), (j,worksfor,a)
121.0	78.0	0.644628099	(a,subpartof,b) <= (a,agentcollaborateswithagent,j), (b,organizationhiredperson,f), (f,topmemberoforganization,j)
45.0	29.0	0.644444444	(a,athleteplaysforteam,b) <= (a,athleteledsportsteam,b), (g,athleteledsportsteam,b), (g,personbelongstoorganization,b)
45.0	29.0	0.644444444	(a,sportsgamesport,b) <= (i,athleteplayssport,b), (i,personbelongstoorganization,f), (a,sportsgamewinner,f)
351.0	226.0	0.643874644	(a,subpartof,b) <= (i,locationlocatedwithinlocation,f), (i,subpartof,b), (a,subpartof,f)
73.0	47.0	0.643835616	(a,attractionofcity,b) <= (a,attractionofcity,f), (i,headquarteredin,f), (i,organizationheadquarteredincity,b)
143.0	92.0	0.643356643	(a,subpartoforganization,b) <= (i,agentcollaborateswithagent,e), (i,agentcontrols,a), (e,subpartoforganization,b)
28.0	18.0	0.642857143	(a,worksfor,b) <= (f,mutualproxyfor,j), (a,proxyfor,f), (j,worksfor,b)
42.0	27.0	0.642857143	(a,organizationhiredperson,b) <= (j,ceoof,a), (e,subpartof,b), (e,subpartof,j)
42.0	27.0	0.642857143	(a,organizationhiredperson,b) <= (a,organizationhiredperson,h), (a,organizationterminatedperson,h), (b,personleadsorganization,a)
28.0	18.0	0.642857143	(a,organizationterminatedperson,b) <= (a,organizationhiredperson,h), (a,subpartof,b), (h,topmemberoforganization,a)
14.0	9.0	0.642857143	(a,mutualproxyfor,b) <= (e,organizationterminatedperson,b), (e,subpartof,j), (j,worksfor,a)
14.0	9.0	0.642857143	(a,mutualproxyfor,b) <= (a,organizationhiredperson,h), (a,subpartof,h), (b,worksfor,a)
14.0	9.0	0.642857143	(a,mutualproxyfor,b) <= (a,organizationhiredperson,b), (a,subpartof,h), (h,worksfor,a)
14.0	9.0	0.642857143	(a,organizationheadquarteredincity,b) <= (e,organizationheadquarteredincity,b), (i,topmemberoforganization,e), (i,worksfor,a)
70.0	45.0	0.642857143	(a,hotelincity,b) <= (a,hotelincity,f), (i,personbornincity,b), (i,personborninlocation,f)
28.0	18.0	0.642857143	(a,organizationhiredperson,b) <= (a,organizationterminatedperson,h), (a,subpartof,b), (h,topmemberoforganization,a)
14.0	9.0	0.642857143	(a,sportsgamewinner,b) <= (f,agentcollaborateswithagent,j), (j,athleteledsportsteam,b), (a,sportsgamewinner,f)
14.0	9.0	0.642857143	(a,ceoof,b) <= (a,ceoof,j), (b,mutualproxyfor,f), (f,worksfor,j)
42.0	27.0	0.642857143	(a,competeswith,b) <= (a,competeswith,f), (i,personleadsorganization,b), (i,worksfor,f)
14.0	9.0	0.642857143	(a,organizationheadquarteredinstateorprovince,b) <= (a,organizationheadquarteredinstateorprovince,j), (b,organizationhiredperson,f), (f,worksfor,j)
14.0	9.0	0.642857143	(a,organizationterminatedperson,b) <= (a,mutualproxyfor,h), (a,subpartof,b), (h,worksfor,a)
14.0	9.0	0.642857143	(a,ceoof,b) <= (g,ceoof,b), (b,organizationterminatedperson,a), (g,worksfor,b)
14.0	9.0	0.642857143	(a,mutualproxyfor,b) <= (b,ceoof,f), (a,mutualproxyfor,j), (j,worksfor,f)
14.0	9.0	0.642857143	(a,personleadsorganization,b) <= (b,organizationhiredperson,h), (b,subpartof,h), (a,worksfor,b)
42.0	27.0	0.642857143	(a,arthropodcalledarthropod,b) <= (a,animalsuchasinsect,h), (b,arthropodcalledarthropod,a), (a,arthropodcalledarthropod,h)
14.0	9.0	0.642857143	(a,sportsgamewinner,b) <= (b,agentcollaborateswithagent,f), (f,athleteledsportsteam,j), (a,sportsgamewinner,j)
42.0	27.0	0.642857143	(a,athleteplaysforteam,b) <= (a,athleteledsportsteam,b), (b,teamalsoknownas,h), (b,teamplaysagainstteam,h)
42.0	27.0	0.642857143	(a,ceoof,b) <= (f,ceoof,j), (j,mutualproxyfor,a), (b,organizationterminatedperson,f)
14.0	9.0	0.642857143	(a,personleadsorganization,b) <= (b,organizationhiredperson,a), (b,subpartof,h), (h,worksfor,b)
14.0	9.0	0.642857143	(a,agentcompeteswithagent,b) <= (b,agentcompeteswithagent,f), (a,agentcompeteswithagent,j), (f,teamalsoknownas,j)
14.0	9.0	0.642857143	(a,agentcompeteswithagent,b) <= (b,agentcompeteswithagent,f), (a,agentcompeteswithagent,j), (j,teamalsoknownas,f)
14.0	9.0	0.642857143	(a,personleadsorganization,b) <= (a,proxyfor,b), (g,proxyfor,b), (g,worksfor,b)
14.0	9.0	0.642857143	(a,citylocatedincountry,b) <= (i,airportincity,a), (i,buildinglocatedincity,e), (e,citycapitalofcountry,b)
14.0	9.0	0.642857143	(a,atdate,b) <= (e,atdate,b), (j,citylocatedincountry,a), (e,organizationheadquarteredincity,j)
28.0	18.0	0.642857143	(a,teamplaysinleague,b) <= (i,athleteplaysinleague,b), (i,subpartof,f), (a,teamplaysagainstteam,f)
42.0	27.0	0.642857143	(a,organizationterminatedperson,b) <= (a,organizationhiredperson,h), (a,organizationterminatedperson,h), (b,personleadsorganization,a)
70.0	45.0	0.642857143	(a,companyeconomicsector,b) <= (e,companyeconomicsector,b), (i,personleadsorganization,e), (i,worksfor,a)
14.0	9.0	0.642857143	(a,mutualproxyfor,b) <= (b,ceoof,h), (h,mutualproxyfor,b), (b,personleadsorganization,a)
14.0	9.0	0.642857143	(a,atdate,b) <= (j,agentbelongstoorganization,a), (e,atdate,b), (e,mutualproxyfor,j)
14.0	9.0	0.642857143	(a,worksfor,b) <= (b,agentcollaborateswithagent,h), (h,personbelongstoorganization,b), (a,personleadsorganization,b)
14.0	9.0	0.642857143	(a,organizationhiredperson,b) <= (a,mutualproxyfor,h), (a,subpartof,b), (h,worksfor,a)
14.0	9.0	0.642857143	(a,organizationhiredperson,b) <= (e,organizationhiredperson,b), (i,personhasresidenceingeopoliticallocation,a), (i,worksfor,e)
140.0	90.0	0.642857143	(a,agentcontrols,b) <= (a,organizationhiredperson,h), (b,subpartof,a), (h,topmemberoforganization,a)
81.0	52.0	0.641975309	(a,competeswith,b) <= (b,competeswith,a), (b,headquarteredin,h), (b,organizationheadquarteredincity,h)
53.0	34.0	0.641509434	(a,ceoof,b) <= (h,ceoof,b), (b,organizationterminatedperson,h), (a,topmemberoforganization,b)
39.0	25.0	0.641025641	(a,organizationhiredperson,b) <= (g,coachesteam,a), (b,worksfor,a), (g,worksfor,a)
39.0	25.0	0.641025641	(a,mutualproxyfor,b) <= (b,mutualproxyfor,a), (a,mutualproxyfor,h), (a,subpartof,h)
39.0	25.0	0.641025641	(a,animalistypeofanimal,b) <= (a,agentcompeteswithagent,b), (g,animalpreyson,b), (g,mammalsuchasmammal,b)
39.0	25.0	0.641025641	(a,agentcollaborateswithagent,b) <= (b,agentcollaborateswithagent,a), (b,personbornincity,h), (b,personborninlocation,h)
39.0	25.0	0.641025641	(a,mutualproxyfor,b) <= (a,mutualproxyfor,f), (j,organizationhiredperson,b), (f,worksfor,j)
39.0	25.0	0.641025641	(a,worksfor,b) <= (i,ceoof,f), (a,topmemberoforganization,f), (i,worksfor,b)
89.0	57.0	0.640449438	(a,subpartof,b) <= (a,agentbelongstoorganization,b), (a,agentcollaborateswithagent,h), (h,agentcontrols,a)
25.0	16.0	0.64	(a,mutualproxyfor,b) <= (e,mutualproxyfor,b), (i,newspaperincity,a), (i,organizationheadquarteredincity,e)
25.0	16.0	0.64	(a,synonymfor,b) <= (h,mutualproxyfor,b), (b,proxyfor,h), (b,synonymfor,a)
25.0	16.0	0.64	(a,agentcollaborateswithagent,b) <= (e,agentcollaborateswithagent,b), (e,organizationterminatedperson,j), (j,personleadsorganization,a)
25.0	16.0	0.64	(a,arthropodandotherarthropod,b) <= (f,animalistypeofanimal,j), (a,arthropodandotherarthropod,f), (j,specializationof,b)
75.0	48.0	0.64	(a,teamplaysagainstteam,b) <= (a,agentcollaborateswithagent,h), (h,athleteplaysforteam,a), (b,teamplaysagainstteam,a)
25.0	16.0	0.64	(a,arthropodcalledarthropod,b) <= (h,animalsuchasinvertebrate,a), (a,animalthatfeedoninsect,h), (b,arthropodcalledarthropod,a)
25.0	16.0	0.64	(a,subpartof,b) <= (i,newspaperincity,b), (i,organizationheadquarteredincity,f), (a,subpartof,f)
25.0	16.0	0.64	(a,proxyfor,b) <= (a,organizationhiredperson,f), (i,organizationterminatedperson,f), (i,proxyfor,b)
75.0	48.0	0.64	(a,teamplaysinleague,b) <= (i,athleteplaysinleague,b), (i,athletewinsawardtrophytournament,f), (a,teamwontrophy,f)
225.0	144.0	0.64	(a,athleteplaysforteam,b) <= (i,athleteledsportsteam,f), (a,athleteplaysforteam,f), (i,personbelongstoorganization,b)
86.0	55.0	0.639534884	(a,atlocation,b) <= (h,citylocatedinstate,b), (a,mutualproxyfor,b), (b,mutualproxyfor,h)
86.0	55.0	0.639534884	(a,countryalsoknownas,b) <= (e,citycapitalofcountry,j), (e,citylocatedincountry,b), (j,countryalsoknownas,a)
97.0	62.0	0.639175258	(a,teamplaysagainstteam,b) <= (b,agentcollaborateswithagent,h), (h,athleteledsportsteam,b), (b,teamplaysagainstteam,a)
36.0	23.0	0.638888889	(a,organizationterminatedperson,b) <= (g,mutualproxyfor,b), (a,organizationhiredperson,b), (g,subpartof,b)
36.0	23.0	0.638888889	(a,personbelongstoorganization,b) <= (f,organizationterminatedperson,j), (a,personbelongstoorganization,f), (j,worksfor,b)
36.0	23.0	0.638888889	(a,agriculturalproducttoattractinsect,b) <= (a,agriculturalproducttoattractinsect,f), (i,animalpreyson,f), (i,arthropodandotherarthropod,b)
36.0	23.0	0.638888889	(a,mutualproxyfor,b) <= (e,mutualproxyfor,j), (e,organizationterminatedperson,b), (j,worksfor,a)
36.0	23.0	0.638888889	(a,animalthatfeedoninsect,b) <= (a,animalthatfeedoninsect,f), (f,arthropodandotherarthropod,j), (j,specializationof,b)
36.0	23.0	0.638888889	(a,organizationterminatedperson,b) <= (i,mutualproxyfor,b), (a,organizationhiredperson,f), (i,subpartof,f)
36.0	23.0	0.638888889	(a,sportsgameteam,b) <= (i,athleteplaysforteam,f), (a,sportsgameteam,f), (i,worksfor,b)
1635.0	1044.0	0.63853211	(a,clothingtogowithclothing,b) <= (b,clothingtogowithclothing,a)
47.0	30.0	0.638297872	(a,personleadsorganization,b) <= (i,ceoof,f), (i,personleadsorganization,b), (a,topmemberoforganization,f)
47.0	30.0	0.638297872	(a,sportfansincountry,b) <= (b,organizationhiredperson,f), (f,personbelongstoorganization,j), (a,sportschoolincountry,j)
47.0	30.0	0.638297872	(a,buildinglocatedincity,b) <= (a,buildinglocatedincity,f), (i,personbornincity,b), (i,personborninlocation,f)
141.0	90.0	0.638297872	(a,agentcontrols,b) <= (a,organizationhiredperson,j), (b,subpartof,f), (j,topmemberoforganization,f)
141.0	90.0	0.638297872	(a,agentcontrols,b) <= (f,organizationhiredperson,j), (b,subpartof,f), (j,topmemberoforganization,a)
370.0	236.0	0.637837838	(a,countryalsoknownas,b) <= (b,countryalsoknownas,a)
80.0	51.0	0.6375	(a,mutualproxyfor,b) <= (a,mutualproxyfor,f), (j,organizationterminatedperson,b), (f,personleadsorganization,j)
193.0	123.0	0.637305699	(a,animalistypeofanimal,b) <= (a,animalistypeofanimal,f), (i,animalpreyson,b), (i,mammalsuchasmammal,f)
113.0	72.0	0.637168142	(a,locationlocatedwithinlocation,b) <= (i,citycapitalofcountry,b), (i,citylocatedincountry,f), (a,locationlocatedwithinlocation,f)
11.0	7.0	0.636363636	(a,organizationhiredperson,b) <= (f,organizationhiredperson,j), (b,personleadsorganization,f), (j,proxyfor,a)
11.0	7.0	0.636363636	(a,organizationterminatedperson,b) <= (b,ceoof,a), (b,ceoof,h), (b,personleadsorganization,h)
11.0	7.0	0.636363636	(a,mutualproxyfor,b) <= (f,mutualproxyfor,j), (j,topmemberoforganization,a), (b,worksfor,f)
22.0	14.0	0.636363636	(a,agentcontrols,b) <= (i,agentactsinlocation,f), (i,agentcontrols,b), (a,agentcontrols,f)
11.0	7.0	0.636363636	(a,agentbelongstoorganization,b) <= (j,agentcollaborateswithagent,a), (e,athleteplaysinleague,b), (e,athleteplaysinleague,j)
11.0	7.0	0.636363636	(a,worksfor,b) <= (a,ceoof,b), (g,topmemberoforganization,b), (g,worksfor,b)
198.0	126.0	0.636363636	(a,buildinglocatedincity,b) <= (a,airportincity,f), (i,buildinglocatedincity,b), (i,buildinglocatedincity,f)
66.0	42.0	0.636363636	(a,animalthatfeedoninsect,b) <= (i,animalthatfeedoninsect,a), (e,animalthatfeedoninsect,b), (i,specializationof,e)
11.0	7.0	0.636363636	(a,organizationterminatedperson,b) <= (b,ceoof,a), (b,personleadsorganization,a)
22.0	14.0	0.636363636	(a,hasofficeincity,b) <= (e,hasofficeincity,b), (i,personleadsorganization,a), (i,worksfor,e)
11.0	7.0	0.636363636	(a,locationlocatedwithinlocation,b) <= (i,buildinglocatedincity,a), (e,locationlocatedwithinlocation,b), (i,locationlocatedwithinlocation,e)
176.0	112.0	0.636363636	(a,bookwriter,b) <= (i,agentcontributedtocreativework,f), (b,agentcreated,f), (a,bookwriter,i)
11.0	7.0	0.636363636	(a,arthropodcalledarthropod,b) <= (b,animalsuchasinsect,h), (b,arthropodcalledarthropod,a), (a,arthropodcalledarthropod,h)
11.0	7.0	0.636363636	(a,hasofficeincity,b) <= (i,ceoof,a), (e,hasofficeincity,b), (i,worksfor,e)
11.0	7.0	0.636363636	(a,competeswith,b) <= (a,competeswith,j), (j,mutualproxyfor,f), (b,organizationterminatedperson,f)
11.0	7.0	0.636363636	(a,animalistypeofanimal,b) <= (f,agentcompeteswithagent,j), (j,animalistypeofanimal,b), (a,arthropodcalledarthropod,f)
11.0	7.0	0.636363636	(a,proxyfor,b) <= (g,agentactsinlocation,a), (g,atlocation,a), (a,subpartof,b)
11.0	7.0	0.636363636	(a,organizationterminatedperson,b) <= (f,mutualproxyfor,j), (j,topmemberoforganization,a), (b,worksfor,f)
11.0	7.0	0.636363636	(a,personleadsorganization,b) <= (a,ceoof,h), (h,organizationhiredperson,a), (a,worksfor,b)
11.0	7.0	0.636363636	(a,teamplayssport,b) <= (i,athleteplaysforteam,a), (i,athletewinsawardtrophytournament,e), (e,awardtrophytournamentisthechampionshipgameofthenationalsport,b)
11.0	7.0	0.636363636	(a,proxyfor,b) <= (a,mutualproxyfor,f), (i,organizationhiredperson,f), (i,proxyfor,b)
22.0	14.0	0.636363636	(a,proxyfor,b) <= (i,attractionofcity,a), (i,attractionofcity,f), (b,mutualproxyfor,f)
11.0	7.0	0.636363636	(a,personleadsorganization,b) <= (j,agentbelongstoorganization,b), (f,agentcontrols,j), (a,personleadsorganization,f)
11.0	7.0	0.636363636	(a,organizationheadquarteredinstateorprovince,b) <= (i,coachesteam,e), (e,organizationheadquarteredinstateorprovince,b), (i,worksfor,a)
11.0	7.0	0.636363636	(a,proxyfor,b) <= (e,agentactsinlocation,b), (i,atdate,a), (i,personborninlocation,e)
44.0	28.0	0.636363636	(a,worksfor,b) <= (b,agentcollaborateswithagent,a), (a,personleadsorganization,b)
11.0	7.0	0.636363636	(a,mutualproxyfor,b) <= (a,mutualproxyfor,h), (b,personleadsorganization,a), (h,proxyfor,a)
44.0	28.0	0.636363636	(a,proxyfor,b) <= (b,locationlocatedwithinlocation,h), (b,mutualproxyfor,a), (h,mutualproxyfor,b)
11.0	7.0	0.636363636	(a,animalthatfeedoninsect,b) <= (h,animalsuchasinsect,a), (a,animalthatfeedoninsect,h), (b,arthropodandotherarthropod,a)
11.0	7.0	0.636363636	(a,organizationheadquarteredincity,b) <= (e,headquarteredin,b), (e,organizationhiredperson,j), (j,topmemberoforganization,a)
11.0	7.0	0.636363636	(a,organizationhiredperson,b) <= (a,organizationhiredperson,h), (h,personhasresidenceingeopoliticallocation,a), (b,worksfor,a)
11.0	7.0	0.636363636	(a,personbelongstoorganization,b) <= (f,organizationterminatedperson,j), (a,personbelongstoorganization,f), (j,personleadsorganization,b)
11.0	7.0	0.636363636	(a,hasofficeincountry,b) <= (e,hasofficeincountry,b), (e,organizationterminatedperson,j), (j,worksfor,a)
22.0	14.0	0.636363636	(a,organizationhiredperson,b) <= (g,atlocation,a), (a,organizationterminatedperson,b), (g,subpartof,a)
11.0	7.0	0.636363636	(a,personleadsorganization,b) <= (f,organizationhiredperson,j), (a,personleadsorganization,f), (j,proxyfor,b)
11.0	7.0	0.636363636	(a,organizationterminatedperson,b) <= (b,ceoof,a), (g,ceoof,a), (g,personleadsorganization,a)
11.0	7.0	0.636363636	(a,televisionstationincity,b) <= (j,atlocation,b), (f,organizationhiredperson,j), (a,televisionstationincity,f)
66.0	42.0	0.636363636	(a,animalthatfeedoninsect,b) <= (e,animalthatfeedoninsect,b), (e,arthropodandotherarthropod,j), (j,specializationof,a)
11.0	7.0	0.636363636	(a,organizationheadquarteredinstateorprovince,b) <= (i,athleteplaysforteam,e), (e,organizationheadquarteredinstateorprovince,b), (i,personbelongstoorganization,a)
11.0	7.0	0.636363636	(a,agentactsinlocation,b) <= (a,agentactsinlocation,f), (i,personhasresidenceingeopoliticallocation,b), (i,worksfor,f)
22.0	14.0	0.636363636	(a,stadiumlocatedincity,b) <= (j,atlocation,b), (f,mutualproxyfor,j), (a,stadiumlocatedincity,f)
11.0	7.0	0.636363636	(a,personbelongstoorganization,b) <= (f,organizationterminatedperson,j), (j,personbelongstoorganization,b), (a,personleadsorganization,f)
22.0	14.0	0.636363636	(a,agriculturalproductgrowinginstateorprovince,b) <= (a,agriculturalproductgrowinginstateorprovince,f), (i,locationlocatedwithinlocation,f), (i,subpartof,b)
11.0	7.0	0.636363636	(a,proxyfor,b) <= (f,coachesteam,j), (a,organizationhiredperson,f), (j,proxyfor,b)
11.0	7.0	0.636363636	(a,agentbelongstoorganization,b) <= (j,agentcollaborateswithagent,a), (e,teamplaysinleague,b), (e,teamplaysinleague,j)
11.0	7.0	0.636363636	(a,topmemberoforganization,b) <= (i,agentcollaborateswithagent,e), (i,subpartof,a), (e,topmemberoforganization,b)
11.0	7.0	0.636363636	(a,synonymfor,b) <= (i,agentcontrols,f), (i,subpartof,a), (b,synonymfor,f)
11.0	7.0	0.636363636	(a,agentparticipatedinevent,b) <= (e,agentparticipatedinevent,b), (i,personbelongstoorganization,e), (i,subpartof,a)
22.0	14.0	0.636363636	(a,organizationhiredperson,b) <= (g,athleteledsportsteam,a), (g,personbelongstoorganization,a), (b,worksfor,a)
11.0	7.0	0.636363636	(a,organizationterminatedperson,b) <= (b,ceoof,h), (h,mutualproxyfor,b), (b,worksfor,a)
11.0	7.0	0.636363636	(a,organizationhiredperson,b) <= (a,organizationhiredperson,h), (h,personleadsorganization,a), (b,proxyfor,a)
33.0	21.0	0.636363636	(a,organizationhiredperson,b) <= (i,headquarteredin,e), (i,organizationheadquarteredincity,a), (e,organizationhiredperson,b)
11.0	7.0	0.636363636	(a,proxyfor,b) <= (b,locationlocatedwithinlocation,f), (i,organizationheadquarteredincity,f), (i,televisionstationincity,a)
11.0	7.0	0.636363636	(a,hasofficeincountry,b) <= (i,citycapitalofcountry,b), (a,hasofficeincountry,f), (i,locationlocatedwithinlocation,f)
107.0	68.0	0.635514019	(a,atlocation,b) <= (i,mountaininstate,b), (i,mountaininstate,f), (a,mutualproxyfor,f)
458.0	291.0	0.635371179	(a,athleteplayssport,b) <= (a,athleteplaysinleague,f), (i,athleteplayssport,b), (i,coachesinleague,f)
458.0	291.0	0.635371179	(a,athleteplayssport,b) <= (i,agentcollaborateswithagent,f), (a,athleteplaysinleague,f), (i,athleteplayssport,b)
167.0	106.0	0.634730539	(a,worksfor,b) <= (f,organizationterminatedperson,j), (a,personleadsorganization,f), (j,worksfor,b)
219.0	139.0	0.634703196	(a,subpartof,b) <= (b,acquired,f), (j,acquired,f), (a,agentbelongstoorganization,j)
41.0	26.0	0.634146341	(a,subpartoforganization,b) <= (f,coachesteam,j), (a,organizationhiredperson,f), (j,subpartoforganization,b)
41.0	26.0	0.634146341	(a,topmemberoforganization,b) <= (j,organizationterminatedperson,f), (b,subpartof,f), (a,topmemberoforganization,j)
41.0	26.0	0.634146341	(a,organizationterminatedperson,b) <= (f,organizationterminatedperson,j), (a,subpartof,j), (b,topmemberoforganization,f)
41.0	26.0	0.634146341	(a,athleteplaysforteam,b) <= (a,athleteplaysforteam,j), (b,organizationterminatedperson,f), (f,worksfor,j)
112.0	71.0	0.633928571	(a,topmemberoforganization,b) <= (a,ceoof,f), (i,topmemberoforganization,b), (i,topmemberoforganization,f)
30.0	19.0	0.633333333	(a,agentcompeteswithagent,b) <= (a,agentcompeteswithagent,f), (i,agentcompeteswithagent,f), (i,arthropodcalledarthropod,b)
30.0	19.0	0.633333333	(a,worksfor,b) <= (a,coachesteam,h), (b,organizationhiredperson,a), (a,worksfor,h)
30.0	19.0	0.633333333	(a,organizationterminatedperson,b) <= (e,organizationhiredperson,j), (e,subpartof,b), (j,topmemberoforganization,a)
109.0	69.0	0.633027523	(a,teamplaysagainstteam,b) <= (j,athleteplaysforteam,a), (e,organizationhiredperson,j), (e,teamplaysagainstteam,b)
158.0	100.0	0.632911392	(a,subpartof,b) <= (g,agentcollaborateswithagent,b), (b,agentcontrols,a), (g,subpartof,b)
98.0	62.0	0.632653061	(a,journalistwritesforpublication,b) <= (f,agentcollaborateswithagent,j), (j,journalistwritesforpublication,b), (a,journalistwritesforpublication,f)
49.0	31.0	0.632653061	(a,weaponmadeincountry,b) <= (b,mutualproxyfor,f), (f,personleadsorganization,j), (a,weaponmadeincountry,j)
166.0	105.0	0.63253012	(a,persongraduatedfromuniversity,b) <= (a,persongraduatedschool,j), (f,persongraduatedschool,j), (b,synonymfor,f)
19.0	12.0	0.631578947	(a,arthropodcalledarthropod,b) <= (j,agentcompeteswithagent,a), (f,animalthatfeedoninsect,j), (b,arthropodcalledarthropod,f)
38.0	24.0	0.631578947	(a,agentbelongstoorganization,b) <= (a,agentbelongstoorganization,f), (i,journalistwritesforpublication,f), (i,worksfor,b)
19.0	12.0	0.631578947	(a,proxyfor,b) <= (a,agentcontrols,b), (g,proxyfor,b), (g,subpartof,b)
19.0	12.0	0.631578947	(a,teamplaysagainstteam,b) <= (g,athleteledsportsteam,b), (g,athleteplaysforteam,b), (a,teamalsoknownas,b)
19.0	12.0	0.631578947	(a,musicianinmusicartist,b) <= (b,agentcollaborateswithagent,f), (a,musicianinmusicartist,j), (f,personbelongstoorganization,j)
95.0	60.0	0.631578947	(a,personleadsgeopoliticalorganization,b) <= (i,personleadsgeopoliticalorganization,b), (a,personleadsgeopoliticalorganization,f), (i,personleadsorganization,f)
19.0	12.0	0.631578947	(a,teamplaysagainstteam,b) <= (g,athleteledsportsteam,a), (g,athleteplaysforteam,a), (b,teamalsoknownas,a)
19.0	12.0	0.631578947	(a,synonymfor,b) <= (i,companyalsoknownas,b), (a,synonymfor,f), (i,synonymfor,f)
19.0	12.0	0.631578947	(a,arthropodcalledarthropod,b) <= (g,animalpreyson,a), (g,animalsuchasinsect,a), (b,arthropodcalledarthropod,a)
19.0	12.0	0.631578947	(a,worksfor,b) <= (g,mutualproxyfor,a), (g,organizationhiredperson,a), (a,personleadsorganization,b)
19.0	12.0	0.631578947	(a,countrylocatedingeopoliticallocation,b) <= (h,countryalsoknownas,a), (a,countryalsoknownas,h), (a,locationlocatedwithinlocation,b)
38.0	24.0	0.631578947	(a,mutualproxyfor,b) <= (f,mutualproxyfor,j), (a,organizationterminatedperson,j), (b,worksfor,f)
19.0	12.0	0.631578947	(a,teamwontrophy,b) <= (i,athletehomestadium,f), (i,coachwontrophy,b), (a,teamhomestadium,f)
19.0	12.0	0.631578947	(a,agentcompeteswithagent,b) <= (b,agentcompeteswithagent,a), (h,animalpreyson,b), (b,specializationof,h)
38.0	24.0	0.631578947	(a,worksfor,b) <= (i,citylocatedingeopoliticallocation,f), (i,locationlocatedwithinlocation,b), (a,worksfor,f)
19.0	12.0	0.631578947	(a,arthropodcalledarthropod,b) <= (i,agentcompeteswithagent,a), (b,arthropodcalledarthropod,f), (i,specializationof,f)
19.0	12.0	0.631578947	(a,subpartoforganization,b) <= (i,proxyfor,f), (a,subpartoforganization,f), (i,worksfor,b)
19.0	12.0	0.631578947	(a,locationlocatedwithinlocation,b) <= (g,agentactsinlocation,a), (g,atlocation,b), (a,proxyfor,b)
19.0	12.0	0.631578947	(a,teamplaysinleague,b) <= (i,athleteplaysforteam,a), (i,personbelongstoorganization,e), (e,teamplaysinleague,b)
198.0	125.0	0.631313131	(a,personleadsorganization,b) <= (j,organizationterminatedperson,a), (e,personleadsorganization,b), (e,personleadsorganization,j)
103.0	65.0	0.631067961	(a,sportsgamewinner,b) <= (i,athleteledsportsteam,f), (i,athleteplaysforteam,b), (a,sportsgamewinner,f)
417.0	263.0	0.630695444	(a,agentcreated,b) <= (a,agentcollaborateswithagent,f), (j,agentcreated,b), (f,worksfor,j)
46.0	29.0	0.630434783	(a,teamalsoknownas,b) <= (j,organizationalsoknownas,b), (f,synonymfor,j), (a,teamalsoknownas,f)
46.0	29.0	0.630434783	(a,teamalsoknownas,b) <= (i,organizationalsoknownas,b), (i,synonymfor,f), (a,teamalsoknownas,f)
73.0	46.0	0.630136986	(a,mutualproxyfor,b) <= (i,citylocatedingeopoliticallocation,a), (i,locationlocatedwithinlocation,e), (e,mutualproxyfor,b)
54.0	34.0	0.62962963	(a,statelocatedincountry,b) <= (i,citylocatedinstate,a), (i,proxyfor,e), (e,statelocatedincountry,b)
378.0	238.0	0.62962963	(a,headquarteredin,b) <= (a,headquarteredin,f), (i,headquarteredin,f), (i,organizationheadquarteredincity,b)
27.0	17.0	0.62962963	(a,animalpreyson,b) <= (b,animalpreyson,a), (b,specializationof,a)
54.0	34.0	0.62962963	(a,teamhomestadium,b) <= (i,athleteledsportsteam,e), (i,athleteplaysforteam,a), (e,teamhomestadium,b)
108.0	68.0	0.62962963	(a,countrylocatedingeopoliticallocation,b) <= (e,countrylocatedingeopoliticallocation,b), (i,locationlocatedwithinlocation,a), (i,proxyfor,e)
286.0	180.0	0.629370629	(a,teamplaysagainstteam,b) <= (g,athleteplaysforteam,a), (g,personbelongstoorganization,a), (b,teamplaysagainstteam,a)
62.0	39.0	0.629032258	(a,proxyfor,b) <= (b,locationlocatedwithinlocation,h), (b,mutualproxyfor,a), (b,proxyfor,h)
434.0	273.0	0.629032258	(a,personleadsorganization,b) <= (i,personleadsorganization,b), (a,personleadsorganization,f), (i,worksfor,f)
35.0	22.0	0.628571429	(a,organizationhiredperson,b) <= (i,citylocatedingeopoliticallocation,e), (i,locationlocatedwithinlocation,a), (e,organizationhiredperson,b)
43.0	27.0	0.627906977	(a,competeswith,b) <= (h,agentcompeteswithagent,a), (a,agentcontrols,h), (b,competeswith,a)
43.0	27.0	0.627906977	(a,ceoof,b) <= (a,ceoof,f), (i,personleadsorganization,f), (i,worksfor,b)
43.0	27.0	0.627906977	(a,teamplaysagainstteam,b) <= (a,agentcompeteswithagent,h), (h,teamalsoknownas,a), (b,teamplaysagainstteam,a)
190.0	119.0	0.626315789	(a,atlocation,b) <= (a,atlocation,f), (i,headquarteredin,f), (i,organizationheadquarteredincity,b)
123.0	77.0	0.62601626	(a,bankbankincountry,b) <= (i,atlocation,f), (a,bankbankincountry,f), (i,subpartof,b)
8.0	5.0	0.625	(a,worksfor,b) <= (j,ceoof,b), (f,organizationhiredperson,j), (a,worksfor,f)
8.0	5.0	0.625	(a,organizationhiredperson,b) <= (g,athleteledsportsteam,a), (b,coachesteam,a), (g,personbelongstoorganization,a)
8.0	5.0	0.625	(a,agentcontrols,b) <= (a,agentcontrols,h), (b,mutualproxyfor,a), (a,proxyfor,h)
8.0	5.0	0.625	(a,animalpreyson,b) <= (g,animalistypeofanimal,a), (g,animalsuchasinvertebrate,a), (b,specializationof,a)
8.0	5.0	0.625	(a,organizationhiredperson,b) <= (j,ceoof,a), (f,organizationhiredperson,j), (b,worksfor,f)
8.0	5.0	0.625	(a,producesproduct,b) <= (e,agentcontrols,j), (e,agentinvolvedwithitem,b), (j,topmemberoforganization,a)
8.0	5.0	0.625	(a,subpartof,b) <= (b,agentcollaborateswithagent,a), (b,mutualproxyfor,h), (h,subpartof,b)
16.0	10.0	0.625	(a,personleadsorganization,b) <= (a,proxyfor,b), (a,proxyfor,h), (a,worksfor,h)
8.0	5.0	0.625	(a,proxyfor,b) <= (i,organizationhiredperson,e), (i,organizationterminatedperson,a), (e,proxyfor,b)
8.0	5.0	0.625	(a,organizationhiredperson,b) <= (b,ceoof,h), (h,subpartof,b), (b,topmemberoforganization,a)
8.0	5.0	0.625	(a,proxyfor,b) <= (a,agentcontrols,b), (h,organizationterminatedperson,a), (a,topmemberoforganization,h)
8.0	5.0	0.625	(a,agriculturalproductcookedwithagriculturalproduct,b) <= (i,agriculturalproductcookedwithagriculturalproduct,a), (e,agriculturalproductincludingagriculturalproduct,b), (e,beveragemadefrombeverage,i)
8.0	5.0	0.625	(a,subpartof,b) <= (e,subpartof,b), (i,topmemberoforganization,a), (i,worksfor,e)
16.0	10.0	0.625	(a,organizationterminatedperson,b) <= (a,mutualproxyfor,j), (f,subpartof,j), (b,topmemberoforganization,f)
8.0	5.0	0.625	(a,proxyfor,b) <= (i,atdate,a), (e,atlocation,b), (i,citycapitalofcountry,e)
16.0	10.0	0.625	(a,athleteledsportsteam,b) <= (b,agentcollaborateswithagent,f), (a,athleteledsportsteam,j), (f,athleteplaysforteam,j)
8.0	5.0	0.625	(a,agentbelongstoorganization,b) <= (a,agentbelongstoorganization,f), (f,organizationterminatedperson,j), (j,personleadsorganization,b)
8.0	5.0	0.625	(a,drugworkedonbyagent,b) <= (b,agentcollaborateswithagent,f), (a,drugworkedonbyagent,j), (f,worksfor,j)
8.0	5.0	0.625	(a,arthropodcalledarthropod,b) <= (b,animalsuchasinsect,h), (b,arthropodcalledarthropod,a), (h,arthropodcalledarthropod,a)
8.0	5.0	0.625	(a,organizationheadquarteredincity,b) <= (a,mutualproxyfor,f), (j,organizationheadquarteredincity,b), (f,worksfor,j)
8.0	5.0	0.625	(a,istallerthan,b) <= (i,airportincity,e), (i,buildinglocatedincity,a), (e,istallerthan,b)
8.0	5.0	0.625	(a,mutualproxyfor,b) <= (b,ceoof,f), (f,subpartof,j), (j,topmemberoforganization,a)
48.0	30.0	0.625	(a,organizationterminatedperson,b) <= (a,mutualproxyfor,b), (g,organizationhiredperson,b), (g,organizationterminatedperson,b)
8.0	5.0	0.625	(a,organizationheadquarteredincity,b) <= (a,headquarteredin,b), (a,organizationhiredperson,h), (h,topmemberoforganization,a)
16.0	10.0	0.625	(a,organizationterminatedperson,b) <= (h,mutualproxyfor,b), (a,subpartof,b), (b,topmemberoforganization,h)
16.0	10.0	0.625	(a,agentcompeteswithagent,b) <= (j,agentcompeteswithagent,a), (e,proxyfor,j), (e,worksfor,b)
8.0	5.0	0.625	(a,animalpreyson,b) <= (a,arthropodandotherarthropod,h), (a,arthropodcalledarthropod,h), (b,specializationof,a)
32.0	20.0	0.625	(a,proxyfor,b) <= (a,locationlocatedwithinlocation,h), (h,mutualproxyfor,a), (a,subpartof,b)
32.0	20.0	0.625	(a,worksfor,b) <= (i,proxyfor,f), (i,worksfor,b), (a,worksfor,f)
8.0	5.0	0.625	(a,organizationhiredperson,b) <= (h,ceoof,a), (a,subpartof,h), (b,topmemberoforganization,a)
8.0	5.0	0.625	(a,statelocatedingeopoliticallocation,b) <= (f,countryalsoknownas,j), (b,countrylocatedingeopoliticallocation,f), (a,statelocatedingeopoliticallocation,j)
8.0	5.0	0.625	(a,organizationterminatedperson,b) <= (h,organizationhiredperson,b), (b,topmemberoforganization,a), (b,worksfor,h)
8.0	5.0	0.625	(a,animalsuchasinsect,b) <= (g,animalpreyson,a), (g,animalsuchasinsect,b), (b,animalsuchasinvertebrate,a)
8.0	5.0	0.625	(a,teamplaysagainstteam,b) <= (i,athleteplaysforteam,f), (i,personbelongstoorganization,a), (b,teamalsoknownas,f)
8.0	5.0	0.625	(a,agriculturalproducttoattractinsect,b) <= (a,agriculturalproducttoattractinsect,h), (b,animaleatfood,a), (b,animalthatfeedoninsect,h)
16.0	10.0	0.625	(a,citylocatedincountry,b) <= (a,citycapitalofcountry,b), (g,citylocatedincountry,b), (g,proxyfor,b)
80.0	50.0	0.625	(a,organizationterminatedperson,b) <= (h,organizationterminatedperson,b), (b,personleadsorganization,a), (b,worksfor,h)
16.0	10.0	0.625	(a,worksfor,b) <= (i,personbelongstoorganization,b), (i,subpartof,f), (a,worksfor,f)
8.0	5.0	0.625	(a,organizationterminatedperson,b) <= (b,ceoof,h), (a,mutualproxyfor,b), (b,worksfor,h)
40.0	25.0	0.625	(a,worksfor,b) <= (g,coachesteam,b), (b,organizationhiredperson,a), (g,worksfor,b)
8.0	5.0	0.625	(a,organizationhiredperson,b) <= (b,ceoof,f), (f,subpartof,j), (j,topmemberoforganization,a)
16.0	10.0	0.625	(a,arthropodcalledarthropod,b) <= (b,animalsuchasinvertebrate,h), (b,arthropodcalledarthropod,a), (a,arthropodcalledarthropod,h)
8.0	5.0	0.625	(a,automobilemakercardealersinstateorprovince,b) <= (f,acquired,j), (j,automobilemakercardealersinstateorprovince,b), (a,subpartoforganization,f)
16.0	10.0	0.625	(a,organizationterminatedperson,b) <= (b,agentcontrols,f), (f,mutualproxyfor,j), (a,organizationterminatedperson,j)
16.0	10.0	0.625	(a,personleadsorganization,b) <= (g,organizationhiredperson,a), (g,subpartof,a), (a,worksfor,b)
8.0	5.0	0.625	(a,worksfor,b) <= (b,agentcollaborateswithagent,a), (a,journalistwritesforpublication,h), (a,worksfor,h)
8.0	5.0	0.625	(a,animalistypeofanimal,b) <= (b,animalpreyson,h), (b,animalsuchasinsect,h), (a,specializationof,b)
8.0	5.0	0.625	(a,subpartof,b) <= (a,mutualproxyfor,b), (b,topmemberoforganization,h), (b,worksfor,h)
40.0	25.0	0.625	(a,agentcompeteswithagent,b) <= (f,agentcollaborateswithagent,j), (a,agentcompeteswithagent,f), (j,proxyfor,b)
40.0	25.0	0.625	(a,organizationhiredperson,b) <= (j,organizationhiredperson,b), (a,subpartof,f), (f,topmemberoforganization,j)
80.0	50.0	0.625	(a,teamalsoknownas,b) <= (a,organizationalsoknownas,f), (f,synonymfor,j), (j,teamalsoknownas,b)
8.0	5.0	0.625	(a,citylocatedingeopoliticallocation,b) <= (a,citylocatedingeopoliticallocation,f), (i,countryalsoknownas,b), (i,countrylocatedingeopoliticallocation,f)
8.0	5.0	0.625	(a,organizationhiredperson,b) <= (b,ceoof,a), (a,subpartof,h), (h,topmemberoforganization,a)
8.0	5.0	0.625	(a,istallerthan,b) <= (i,headquarteredin,e), (e,istallerthan,b), (i,organizationheadquarteredincity,a)
8.0	5.0	0.625	(a,companyeconomicsector,b) <= (f,companyalsoknownas,j), (j,companyeconomicsector,b), (a,organizationalsoknownas,f)
8.0	5.0	0.625	(a,arthropodcalledarthropod,b) <= (a,animalsuchasinsect,h), (b,animalthatfeedoninsect,h), (b,arthropodcalledarthropod,a)
8.0	5.0	0.625	(a,proxyfor,b) <= (a,agentcontrols,h), (b,mutualproxyfor,a), (a,proxyfor,h)
8.0	5.0	0.625	(a,sportusesstadium,b) <= (i,sportsgamesport,a), (i,sportsgameteam,e), (e,teamhomestadium,b)
8.0	5.0	0.625	(a,organizationterminatedperson,b) <= (h,companyalsoknownas,a), (a,companyalsoknownas,h), (b,personleadsorganization,a)
8.0	5.0	0.625	(a,hasofficeincountry,b) <= (i,countryalsoknownas,b), (i,countrylocatedingeopoliticallocation,f), (a,hasofficeincountry,f)
8.0	5.0	0.625	(a,animalpreyson,b) <= (h,animalsuchasinvertebrate,a), (a,arthropodandotherarthropod,h), (b,specializationof,a)
8.0	5.0	0.625	(a,mutualproxyfor,b) <= (j,ceoof,a), (f,subpartof,j), (b,topmemberoforganization,f)
8.0	5.0	0.625	(a,locationlocatedwithinlocation,b) <= (j,locationlocatedwithinlocation,b), (a,organizationterminatedperson,f), (f,worksfor,j)
24.0	15.0	0.625	(a,animalpreyson,b) <= (b,animalpreyson,a), (a,animalsuchasinvertebrate,b)
8.0	5.0	0.625	(a,personbelongstoorganization,b) <= (i,agentcollaborateswithagent,a), (i,mutualproxyfor,e), (e,personbelongstoorganization,b)
16.0	10.0	0.625	(a,countryalsoknownas,b) <= (j,countryalsoknownas,a), (e,hasofficeincountry,j), (e,organizationheadquarteredincountry,b)
16.0	10.0	0.625	(a,teamwontrophy,b) <= (e,agentcollaborateswithagent,j), (j,athleteplaysforteam,a), (e,teamwontrophy,b)
8.0	5.0	0.625	(a,subpartof,b) <= (f,organizationhiredperson,j), (j,proxyfor,a), (b,proxyfor,f)
8.0	5.0	0.625	(a,cityliesonriver,b) <= (i,citycapitalofcountry,f), (i,cityliesonriver,b), (a,proxyfor,f)
24.0	15.0	0.625	(a,topmemberoforganization,b) <= (f,ceoof,j), (b,organizationhiredperson,f), (a,topmemberoforganization,j)
40.0	25.0	0.625	(a,sportsgamesport,b) <= (a,sportsgamewinner,f), (f,teamalsoknownas,j), (j,teamplayssport,b)
8.0	5.0	0.625	(a,teamhomestadium,b) <= (a,agentcollaborateswithagent,f), (f,athleteplaysforteam,j), (j,teamhomestadium,b)
8.0	5.0	0.625	(a,mutualproxyfor,b) <= (b,ceoof,a), (a,subpartof,h), (h,topmemberoforganization,a)
8.0	5.0	0.625	(a,companyalsoknownas,b) <= (j,companyalsoknownas,a), (b,companyalsoknownas,f), (f,organizationalsoknownas,j)
8.0	5.0	0.625	(a,agentcontrols,b) <= (j,agentcollaborateswithagent,a), (e,subpartof,b), (e,topmemberoforganization,j)
16.0	10.0	0.625	(a,sportfansincountry,b) <= (i,citylocatedingeopoliticallocation,b), (i,locationlocatedwithinlocation,f), (a,sportfansincountry,f)
16.0	10.0	0.625	(a,organizationhiredperson,b) <= (e,organizationhiredperson,b), (i,topmemberoforganization,a), (i,worksfor,e)
8.0	5.0	0.625	(a,mutualproxyfor,b) <= (f,agentcompeteswithagent,j), (j,headquarteredin,b), (a,mutualproxyfor,f)
8.0	5.0	0.625	(a,statelocatedingeopoliticallocation,b) <= (i,hasofficeincity,b), (i,organizationheadquarteredincity,f), (a,statelocatedingeopoliticallocation,f)
8.0	5.0	0.625	(a,agentcompeteswithagent,b) <= (a,agentcompeteswithagent,f), (b,agentcompeteswithagent,f), (a,teamalsoknownas,f)
8.0	5.0	0.625	(a,teamplaysinleague,b) <= (e,agentcompeteswithagent,b), (i,coachesinleague,e), (i,coachesteam,a)
8.0	5.0	0.625	(a,agentcompeteswithagent,b) <= (a,agentcompeteswithagent,f), (b,agentcompeteswithagent,f), (f,teamalsoknownas,a)
8.0	5.0	0.625	(a,subpartof,b) <= (a,organizationhiredperson,j), (b,personleadsorganization,f), (j,proxyfor,f)
8.0	5.0	0.625	(a,mutualproxyfor,b) <= (b,ceoof,a), (h,subpartof,b), (b,topmemberoforganization,h)
8.0	5.0	0.625	(a,proxyfor,b) <= (h,agentcollaborateswithagent,a), (a,personleadsorganization,b), (a,proxyfor,h)
8.0	5.0	0.625	(a,organizationhiredperson,b) <= (j,ceoof,a), (f,subpartof,j), (b,topmemberoforganization,f)
16.0	10.0	0.625	(a,agentcompeteswithagent,b) <= (j,agentcompeteswithagent,a), (e,personleadsorganization,j), (e,proxyfor,b)
8.0	5.0	0.625	(a,subpartof,b) <= (a,organizationhiredperson,b), (b,personleadsorganization,h), (b,proxyfor,h)
16.0	10.0	0.625	(a,personleadsorganization,b) <= (b,agentcollaborateswithagent,a), (h,mutualproxyfor,a), (a,personleadsorganization,h)
8.0	5.0	0.625	(a,agentcompeteswithagent,b) <= (b,agentcompeteswithagent,a), (b,teamalsoknownas,h), (h,teamplaysagainstteam,b)
8.0	5.0	0.625	(a,agentcompeteswithagent,b) <= (b,agentcompeteswithagent,a), (h,animalpreyson,b), (b,animalsuchasinvertebrate,h)
8.0	5.0	0.625	(a,acquired,b) <= (a,acquired,f), (i,topmemberoforganization,b), (i,worksfor,f)
8.0	5.0	0.625	(a,sportfansincountry,b) <= (g,citylocatedingeopoliticallocation,b), (g,locationlocatedwithinlocation,b), (a,sportschoolincountry,b)
16.0	10.0	0.625	(a,personleadsorganization,b) <= (i,organizationhiredperson,a), (i,subpartof,e), (e,worksfor,b)
8.0	5.0	0.625	(a,personbelongstoorganization,b) <= (f,agentcollaborateswithagent,j), (j,athleteplaysforteam,b), (a,personbelongstoorganization,f)
16.0	10.0	0.625	(a,agentcompeteswithagent,b) <= (b,agentcompeteswithagent,a), (g,proxyfor,b), (g,worksfor,b)
16.0	10.0	0.625	(a,agentcompeteswithagent,b) <= (j,agentcompeteswithagent,a), (e,personleadsorganization,b), (e,proxyfor,j)
8.0	5.0	0.625	(a,agentactsinlocation,b) <= (a,agentactsinlocation,j), (b,agentcollaborateswithagent,f), (f,personbelongstoorganization,j)
8.0	5.0	0.625	(a,agentparticipatedinevent,b) <= (e,agentparticipatedinevent,b), (i,citylocatedingeopoliticallocation,e), (i,istallerthan,a)
8.0	5.0	0.625	(a,countrycurrency,b) <= (i,citylocatedincountry,a), (i,citylocatedingeopoliticallocation,e), (e,countrycurrency,b)
8.0	5.0	0.625	(a,teamwontrophy,b) <= (j,agentcompeteswithagent,a), (e,athleteplaysforteam,j), (e,coachwontrophy,b)
16.0	10.0	0.625	(a,agentcompeteswithagent,b) <= (b,agentcompeteswithagent,a), (g,personleadsorganization,b), (g,proxyfor,b)
8.0	5.0	0.625	(a,locationlocatedwithinlocation,b) <= (g,agentactsinlocation,a), (g,atlocation,b), (a,subpartof,b)
8.0	5.0	0.625	(a,competeswith,b) <= (h,agentcontrols,b), (b,competeswith,a), (b,competeswith,h)
8.0	5.0	0.625	(a,animalpreyson,b) <= (b,agentcompeteswithagent,h), (b,animalpreyson,a), (a,animalpreyson,h)
8.0	5.0	0.625	(a,teamplaysinleague,b) <= (b,agentcompeteswithagent,f), (i,coachesinleague,f), (i,coachesteam,a)
8.0	5.0	0.625	(a,teamplaysinleague,b) <= (f,teamalsoknownas,a), (a,teamplaysagainstteam,f), (f,teamplaysinleague,b)
8.0	5.0	0.625	(a,animalsuchasinvertebrate,b) <= (a,animalpreyson,b), (a,animalsuchasinvertebrate,h), (a,arthropodcalledarthropod,h)
32.0	20.0	0.625	(a,teamplaysinleague,b) <= (i,athleteplaysinleague,b), (a,teamplaysagainstteam,f), (i,worksfor,f)
24.0	15.0	0.625	(a,teamwontrophy,b) <= (i,personbelongstoorganization,a), (i,subpartof,e), (e,teamwontrophy,b)
8.0	5.0	0.625	(a,agentcollaborateswithagent,b) <= (a,agentcontrols,b), (h,organizationterminatedperson,b), (b,topmemberoforganization,h)
8.0	5.0	0.625	(a,arthropodcalledarthropod,b) <= (a,animalpreyson,b), (a,animalsuchasinvertebrate,h), (a,arthropodcalledarthropod,h)
8.0	5.0	0.625	(a,personbelongstoorganization,b) <= (i,athleteplaysforteam,f), (a,personbelongstoorganization,f), (i,subpartof,b)
16.0	10.0	0.625	(a,agentcollaborateswithagent,b) <= (e,agentcollaborateswithagent,b), (e,agentcollaborateswithagent,j), (j,teamplaysinleague,a)
8.0	5.0	0.625	(a,headquarteredin,b) <= (i,ceoof,a), (e,headquarteredin,b), (i,worksfor,e)
8.0	5.0	0.625	(a,headquarteredin,b) <= (e,acquired,j), (e,headquarteredin,b), (j,subpartoforganization,a)
16.0	10.0	0.625	(a,worksfor,b) <= (g,organizationhiredperson,a), (a,personleadsorganization,b), (g,subpartof,a)
16.0	10.0	0.625	(a,agentcontrols,b) <= (b,agentcollaborateswithagent,f), (i,agentcompeteswithagent,f), (i,teamalsoknownas,a)
24.0	15.0	0.625	(a,worksfor,b) <= (h,organizationterminatedperson,a), (a,topmemberoforganization,b), (a,worksfor,h)
32.0	20.0	0.625	(a,invertebratefeedonfood,b) <= (e,arthropodandotherarthropod,j), (e,invertebratefeedonfood,b), (j,specializationof,a)
8.0	5.0	0.625	(a,worksfor,b) <= (b,organizationhiredperson,a), (a,personleadsorganization,h), (a,proxyfor,h)
8.0	5.0	0.625	(a,animalsuchasinvertebrate,b) <= (b,animalsuchasinsect,a), (h,animalsuchasinvertebrate,b), (a,arthropodcalledarthropod,h)
16.0	10.0	0.625	(a,agentcontrols,b) <= (b,agentcollaborateswithagent,f), (i,teamalsoknownas,a), (i,teamalsoknownas,f)
8.0	5.0	0.625	(a,companyalsoknownas,b) <= (b,companyalsoknownas,f), (f,companyalsoknownas,j), (j,organizationalsoknownas,a)
8.0	5.0	0.625	(a,subpartof,b) <= (j,organizationhiredperson,b), (a,organizationhiredperson,f), (f,proxyfor,j)
144.0	90.0	0.625	(a,teamplaysagainstteam,b) <= (b,agentcollaborateswithagent,h), (h,personbelongstoorganization,b), (b,teamplaysagainstteam,a)
24.0	15.0	0.625	(a,personhasjobposition,b) <= (i,personhasjobposition,b), (i,personleadsorganization,f), (a,worksfor,f)
16.0	10.0	0.625	(a,teamplaysinleague,b) <= (i,athleteledsportsteam,e), (i,personbelongstoorganization,a), (e,teamplaysinleague,b)
8.0	5.0	0.625	(a,acquired,b) <= (j,acquired,b), (a,agentcontrols,f), (f,subpartof,j)
8.0	5.0	0.625	(a,animalsuchasinsect,b) <= (a,animalsuchasinvertebrate,h), (a,animalthatfeedoninsect,b), (b,arthropodcalledarthropod,h)
8.0	5.0	0.625	(a,worksfor,b) <= (b,organizationhiredperson,a), (h,organizationhiredperson,a), (a,proxyfor,h)
144.0	90.0	0.625	(a,mutualproxyfor,b) <= (i,mutualproxyfor,b), (a,mutualproxyfor,f), (i,organizationterminatedperson,f)
8.0	5.0	0.625	(a,subpartof,b) <= (g,organizationhiredperson,b), (b,personleadsorganization,a), (b,proxyfor,g)
8.0	5.0	0.625	(a,atdate,b) <= (j,atdate,b), (f,citycapitalofcountry,j), (a,mutualproxyfor,f)
16.0	10.0	0.625	(a,citylocatedincountry,b) <= (a,citycapitalofcountry,f), (i,citylocatedincountry,b), (i,proxyfor,f)
8.0	5.0	0.625	(a,agentcollaborateswithagent,b) <= (b,agentcollaborateswithagent,a), (g,agentcollaborateswithagent,a), (g,politicianusendorsedbypoliticianus,b)
8.0	5.0	0.625	(a,locationlocatedwithinlocation,b) <= (i,citycapitalofcountry,f), (i,locationlocatedwithinlocation,b), (a,proxyfor,f)
32.0	20.0	0.625	(a,invertebratefeedonfood,b) <= (i,animalthatfeedoninsect,a), (e,invertebratefeedonfood,b), (i,specializationof,e)
32.0	20.0	0.625	(a,countryalsoknownas,b) <= (a,countryalsoknownas,f), (i,locationlocatedwithinlocation,b), (i,proxyfor,f)
32.0	20.0	0.625	(a,invertebratefeedonfood,b) <= (i,agentcompeteswithagent,e), (i,arthropodcalledarthropod,a), (e,invertebratefeedonfood,b)
8.0	5.0	0.625	(a,teamplaysincity,b) <= (f,agentcompeteswithagent,j), (j,organizationheadquarteredincity,b), (a,teamplaysincity,f)
8.0	5.0	0.625	(a,teamplaysincity,b) <= (f,agentcompeteswithagent,j), (j,headquarteredin,b), (a,teamplaysincity,f)
8.0	5.0	0.625	(a,subpartof,b) <= (a,organizationhiredperson,b), (h,organizationhiredperson,b), (b,proxyfor,h)
32.0	20.0	0.625	(a,personleadsorganization,b) <= (b,mutualproxyfor,f), (j,organizationhiredperson,f), (a,personleadsorganization,j)
8.0	5.0	0.625	(a,companyalsoknownas,b) <= (h,companyalsoknownas,a), (a,companyalsoknownas,h), (a,organizationalsoknownas,b)
8.0	5.0	0.625	(a,mutualproxyfor,b) <= (b,ceoof,h), (h,subpartof,b), (b,topmemberoforganization,a)
8.0	5.0	0.625	(a,teamplayssport,b) <= (i,athleteledsportsteam,a), (i,personbelongstoorganization,e), (e,teamplayssport,b)
8.0	5.0	0.625	(a,proxyfor,b) <= (g,agentactsinlocation,a), (g,atlocation,b), (a,subpartof,b)
8.0	5.0	0.625	(a,acquired,b) <= (a,acquired,f), (f,organizationterminatedperson,j), (j,worksfor,b)
24.0	15.0	0.625	(a,personbornincity,b) <= (i,headquarteredin,f), (i,organizationheadquarteredincity,b), (a,personbornincity,f)
8.0	5.0	0.625	(a,animalpreyson,b) <= (h,agentcompeteswithagent,a), (b,animalpreyson,a), (b,animalpreyson,h)
24.0	15.0	0.625	(a,statelocatedincountry,b) <= (j,citylocatedinstate,a), (e,mutualproxyfor,j), (e,statelocatedincountry,b)
8.0	5.0	0.625	(a,agentcollaborateswithagent,b) <= (b,agentcollaborateswithagent,f), (a,agentcollaborateswithagent,j), (j,mutualproxyfor,f)
16.0	10.0	0.625	(a,organizationterminatedperson,b) <= (j,mutualproxyfor,b), (a,subpartof,f), (f,topmemberoforganization,j)
8.0	5.0	0.625	(a,worksfor,b) <= (b,mutualproxyfor,a), (a,topmemberoforganization,h), (a,worksfor,h)
8.0	5.0	0.625	(a,companyalsoknownas,b) <= (h,companyalsoknownas,b), (b,companyalsoknownas,h), (b,organizationalsoknownas,a)
8.0	5.0	0.625	(a,personbelongstoorganization,b) <= (j,agentcollaborateswithagent,a), (e,athleteplaysforteam,j), (e,personbelongstoorganization,b)
8.0	5.0	0.625	(a,proxyfor,b) <= (i,citycapitalofcountry,f), (i,locationlocatedwithinlocation,b), (a,proxyfor,f)
16.0	10.0	0.625	(a,organizationheadquarteredinstateorprovince,b) <= (i,headquarteredin,f), (a,organizationheadquarteredincity,f), (i,organizationheadquarteredinstateorprovince,b)
8.0	5.0	0.625	(a,agentcollaborateswithagent,b) <= (a,agentcollaborateswithagent,j), (b,ceoof,f), (f,organizationhiredperson,j)
8.0	5.0	0.625	(a,topmemberoforganization,b) <= (a,personleadsorganization,f), (i,proxyfor,f), (i,topmemberoforganization,b)
8.0	5.0	0.625	(a,hasofficeincity,b) <= (e,agentcollaborateswithagent,j), (e,hasofficeincity,b), (j,personleadsorganization,a)
8.0	5.0	0.625	(a,mutualproxyfor,b) <= (h,ceoof,a), (a,subpartof,h), (b,topmemberoforganization,a)
8.0	5.0	0.625	(a,competeswith,b) <= (a,competeswith,f), (f,mutualproxyfor,j), (j,personleadsorganization,b)
8.0	5.0	0.625	(a,animalpreyson,b) <= (g,agentcompeteswithagent,a), (b,animalpreyson,a), (g,animalpreyson,b)
8.0	5.0	0.625	(a,companyalsoknownas,b) <= (a,companyalsoknownas,f), (f,companyalsoknownas,j), (j,organizationalsoknownas,b)
8.0	5.0	0.625	(a,competeswith,b) <= (j,acquired,a), (e,competeswith,b), (e,subpartoforganization,j)
8.0	5.0	0.625	(a,subpartoforganization,b) <= (f,bankboughtbank,j), (j,subpartoforganization,b), (a,subpartoforganization,f)
8.0	5.0	0.625	(a,mutualproxyfor,b) <= (b,agentcontrols,h), (h,mutualproxyfor,b), (b,proxyfor,a)
24.0	15.0	0.625	(a,atlocation,b) <= (g,citylocatedingeopoliticallocation,b), (g,locationlocatedwithinlocation,b), (a,mutualproxyfor,b)
40.0	25.0	0.625	(a,topmemberoforganization,b) <= (j,organizationhiredperson,a), (b,subpartof,f), (f,topmemberoforganization,j)
8.0	5.0	0.625	(a,worksfor,b) <= (j,organizationhiredperson,a), (b,organizationhiredperson,f), (f,proxyfor,j)
8.0	5.0	0.625	(a,organizationhiredperson,b) <= (a,hasofficeincountry,h), (a,organizationheadquarteredincountry,h), (a,organizationterminatedperson,b)
8.0	5.0	0.625	(a,worksfor,b) <= (b,organizationhiredperson,f), (a,personleadsorganization,j), (f,proxyfor,j)
8.0	5.0	0.625	(a,agentcollaborateswithagent,b) <= (b,agentcollaborateswithagent,f), (a,agentcollaborateswithagent,j), (f,mutualproxyfor,j)
8.0	5.0	0.625	(a,organizationhiredperson,b) <= (b,ceoof,a), (h,subpartof,b), (b,topmemberoforganization,h)
8.0	5.0	0.625	(a,personleadsgeopoliticalorganization,b) <= (i,airportincity,b), (i,buildinglocatedincity,f), (a,personleadsgeopoliticalorganization,f)
8.0	5.0	0.625	(a,proxyfor,b) <= (h,atdate,a), (b,atlocation,h), (b,mutualproxyfor,a)
8.0	5.0	0.625	(a,worksfor,b) <= (h,organizationhiredperson,a), (a,personleadsorganization,b), (a,proxyfor,h)
8.0	5.0	0.625	(a,topmemberoforganization,b) <= (b,mutualproxyfor,a), (a,topmemberoforganization,h), (a,worksfor,h)
125.0	78.0	0.624	(a,subpartof,b) <= (b,acquired,f), (j,acquired,f), (a,agentcollaborateswithagent,j)
85.0	53.0	0.623529412	(a,atlocation,b) <= (h,citylocatedinstate,b), (b,mutualproxyfor,h), (a,subpartof,b)
77.0	48.0	0.623376623	(a,teamplaysagainstteam,b) <= (b,agentcollaborateswithagent,h), (h,athleteplaysforteam,b), (b,teamplaysagainstteam,a)
77.0	48.0	0.623376623	(a,organizationterminatedperson,b) <= (i,organizationterminatedperson,b), (i,organizationterminatedperson,f), (a,subpartof,f)
61.0	38.0	0.62295082	(a,agentcollaborateswithagent,b) <= (a,agentcollaborateswithagent,j), (b,agentcontrols,f), (j,proxyfor,f)
114.0	71.0	0.622807018	(a,locationlocatedwithinlocation,b) <= (a,locationlocatedwithinlocation,h), (h,mutualproxyfor,a), (a,proxyfor,b)
212.0	132.0	0.622641509	(a,agentbelongstoorganization,b) <= (f,agentbelongstoorganization,j), (a,agentcollaborateswithagent,j), (b,agentcontrols,f)
45.0	28.0	0.622222222	(a,proxyfor,b) <= (b,locationlocatedwithinlocation,h), (b,mutualproxyfor,a), (b,mutualproxyfor,h)
45.0	28.0	0.622222222	(a,ceoof,b) <= (a,ceoof,j), (f,ceoof,j), (b,subpartof,f)
45.0	28.0	0.622222222	(a,organizationalsoknownas,b) <= (j,organizationalsoknownas,b), (f,organizationalsoknownas,j), (a,synonymfor,f)
164.0	102.0	0.62195122	(a,agentcontrols,b) <= (g,personleadsorganization,a), (b,subpartof,a), (g,worksfor,a)
201.0	125.0	0.621890547	(a,organizationterminatedperson,b) <= (b,ceoof,f), (a,organizationterminatedperson,j), (f,organizationterminatedperson,j)
66.0	41.0	0.621212121	(a,sportschoolincountry,b) <= (f,organizationhiredperson,j), (j,personleadsorganization,b), (a,sportschoolincountry,f)
124.0	77.0	0.620967742	(a,worksfor,b) <= (f,agentcollaborateswithagent,j), (j,personleadsorganization,b), (a,worksfor,f)
29.0	18.0	0.620689655	(a,organizationhiredperson,b) <= (b,ceoof,h), (a,mutualproxyfor,b), (h,organizationhiredperson,b)
29.0	18.0	0.620689655	(a,arthropodcalledarthropod,b) <= (a,animalthatfeedoninsect,h), (b,arthropodcalledarthropod,a), (h,arthropodcalledarthropod,a)
29.0	18.0	0.620689655	(a,ceoof,b) <= (a,ceoof,h), (b,mutualproxyfor,a), (h,organizationhiredperson,a)
58.0	36.0	0.620689655	(a,topmemberoforganization,b) <= (a,ceoof,b), (b,organizationterminatedperson,h), (h,topmemberoforganization,b)
29.0	18.0	0.620689655	(a,mutualproxyfor,b) <= (f,mutualproxyfor,j), (a,organizationhiredperson,j), (b,worksfor,f)
50.0	31.0	0.62	(a,synonymfor,b) <= (f,organizationacronymhasname,j), (j,synonymfor,b), (a,synonymfor,f)
520.0	322.0	0.619230769	(a,agentcontrols,b) <= (i,agentcollaborateswithagent,f), (i,agentcontrols,b), (a,agentcontrols,f)
21.0	13.0	0.619047619	(a,teamplaysinleague,b) <= (i,agentcompeteswithagent,b), (i,leaguestadiums,f), (a,teamhomestadium,f)
21.0	13.0	0.619047619	(a,teamplaysinleague,b) <= (b,agentcompeteswithagent,f), (f,leaguestadiums,j), (a,teamhomestadium,j)
21.0	13.0	0.619047619	(a,proxyfor,b) <= (i,personbelongstoorganization,b), (i,personleadsorganization,f), (a,proxyfor,f)
21.0	13.0	0.619047619	(a,countrylocatedingeopoliticallocation,b) <= (i,citylocatedincountry,a), (i,citylocatedingeopoliticallocation,e), (e,countrylocatedingeopoliticallocation,b)
21.0	13.0	0.619047619	(a,animalpreyson,b) <= (f,agentcompeteswithagent,j), (b,arthropodandotherarthropod,f), (a,arthropodandotherarthropod,j)
21.0	13.0	0.619047619	(a,animalpreyson,b) <= (h,agentcompeteswithagent,b), (a,arthropodandotherarthropod,b), (b,arthropodandotherarthropod,h)
21.0	13.0	0.619047619	(a,animalpreyson,b) <= (g,agentcompeteswithagent,b), (a,arthropodandotherarthropod,b), (g,arthropodandotherarthropod,b)
21.0	13.0	0.619047619	(a,organizationhiredperson,b) <= (j,agentbelongstoorganization,a), (e,agentcontrols,j), (e,organizationhiredperson,b)
21.0	13.0	0.619047619	(a,subpartof,b) <= (i,locationlocatedwithinlocation,e), (i,subpartof,a), (e,subpartof,b)
42.0	26.0	0.619047619	(a,organizationterminatedperson,b) <= (j,organizationterminatedperson,b), (a,subpartof,f), (f,topmemberoforganization,j)
21.0	13.0	0.619047619	(a,topmemberoforganization,b) <= (i,agentcontrols,f), (a,proxyfor,f), (i,topmemberoforganization,b)
42.0	26.0	0.619047619	(a,topmemberoforganization,b) <= (j,organizationterminatedperson,a), (b,subpartof,f), (f,topmemberoforganization,j)
21.0	13.0	0.619047619	(a,animalpreyson,b) <= (i,agentcompeteswithagent,f), (i,animalsuchasinvertebrate,b), (a,arthropodandotherarthropod,f)
21.0	13.0	0.619047619	(a,subpartof,b) <= (a,organizationterminatedperson,f), (f,personleadsorganization,j), (j,subpartof,b)
21.0	13.0	0.619047619	(a,animalpreyson,b) <= (g,agentcompeteswithagent,b), (g,animalsuchasinvertebrate,b), (a,arthropodandotherarthropod,b)
21.0	13.0	0.619047619	(a,teamplaysinleague,b) <= (b,subpartoforganization,f), (a,teamplaysagainstteam,f), (f,teamplaysinleague,b)
21.0	13.0	0.619047619	(a,animalpreyson,b) <= (j,agentcompeteswithagent,b), (a,arthropodandotherarthropod,f), (f,arthropodandotherarthropod,j)
362.0	224.0	0.61878453	(a,teamplaysagainstteam,b) <= (i,coachesteam,f), (a,teamplaysagainstteam,f), (i,worksfor,b)
55.0	34.0	0.618181818	(a,mutualproxyfor,b) <= (e,mutualproxyfor,b), (e,organizationterminatedperson,j), (j,topmemberoforganization,a)
55.0	34.0	0.618181818	(a,topmemberoforganization,b) <= (b,subpartof,f), (a,topmemberoforganization,j), (f,topmemberoforganization,j)
34.0	21.0	0.617647059	(a,athleteplaysforteam,b) <= (i,athleteledsportsteam,f), (a,athleteplaysforteam,f), (i,subpartof,b)
34.0	21.0	0.617647059	(a,athleteledsportsteam,b) <= (b,agentcollaborateswithagent,f), (a,athleteledsportsteam,j), (f,athleteledsportsteam,j)
34.0	21.0	0.617647059	(a,teamplaysinleague,b) <= (i,athletehomestadium,f), (i,athleteledsportsteam,a), (b,leaguestadiums,f)
34.0	21.0	0.617647059	(a,animalpreyson,b) <= (i,agentcompeteswithagent,e), (e,animalpreyson,b), (i,arthropodcalledarthropod,a)
175.0	108.0	0.617142857	(a,hasofficeincity,b) <= (a,hasofficeincity,f), (i,headquarteredin,b), (i,newspaperincity,f)
47.0	29.0	0.617021277	(a,worksfor,b) <= (b,organizationhiredperson,a), (g,personleadsorganization,b), (g,worksfor,b)
107.0	66.0	0.61682243	(a,athleteplaysforteam,b) <= (a,athleteplaysforteam,f), (i,coachesteam,f), (i,worksfor,b)
642.0	396.0	0.61682243	(a,subpartoforganization,b) <= (i,agentbelongstoorganization,b), (a,teamplaysinleague,f), (i,teamplaysinleague,f)
73.0	45.0	0.616438356	(a,organizationterminatedperson,b) <= (a,organizationhiredperson,b), (h,organizationhiredperson,b), (b,topmemberoforganization,h)
73.0	45.0	0.616438356	(a,organizationterminatedperson,b) <= (j,organizationhiredperson,b), (a,organizationhiredperson,f), (f,topmemberoforganization,j)
216.0	133.0	0.615740741	(a,animalpreyson,b) <= (i,animalpreyson,a), (e,animalpreyson,b), (i,mammalsuchasmammal,e)
13.0	8.0	0.615384615	(a,agentcontrols,b) <= (e,agentcontrols,b), (j,organizationterminatedperson,a), (e,topmemberoforganization,j)
13.0	8.0	0.615384615	(a,personleadsorganization,b) <= (j,organizationterminatedperson,a), (e,personleadsorganization,b), (e,proxyfor,j)
13.0	8.0	0.615384615	(a,organizationhiredperson,b) <= (a,organizationhiredperson,j), (j,personleadsorganization,f), (b,proxyfor,f)
13.0	8.0	0.615384615	(a,hotelincity,b) <= (f,citylocatedincountry,j), (a,hotelincity,f), (j,mutualproxyfor,b)
26.0	16.0	0.615384615	(a,organizationhiredperson,b) <= (e,mutualproxyfor,j), (e,subpartof,b), (j,topmemberoforganization,a)
13.0	8.0	0.615384615	(a,leaguestadiums,b) <= (a,subpartoforganization,j), (e,teamhomestadium,b), (e,teamplaysagainstteam,j)
13.0	8.0	0.615384615	(a,headquarteredin,b) <= (f,ceoof,j), (a,mutualproxyfor,f), (j,organizationheadquarteredincity,b)
13.0	8.0	0.615384615	(a,worksfor,b) <= (i,personleadsgeopoliticalorganization,b), (a,worksfor,f), (i,worksfor,f)
52.0	32.0	0.615384615	(a,organizationhiredperson,b) <= (b,ceoof,f), (f,organizationhiredperson,j), (a,organizationterminatedperson,j)
13.0	8.0	0.615384615	(a,citycapitalofcountry,b) <= (i,citycapitalofcountry,b), (i,locationlocatedwithinlocation,f), (a,proxyfor,f)
13.0	8.0	0.615384615	(a,acquired,b) <= (e,acquired,b), (i,topmemberoforganization,a), (i,worksfor,e)
13.0	8.0	0.615384615	(a,coachesteam,b) <= (i,athleteledsportsteam,f), (a,coachesteam,f), (i,personbelongstoorganization,b)
13.0	8.0	0.615384615	(a,personleadsorganization,b) <= (j,organizationterminatedperson,a), (f,personleadsorganization,j), (b,subpartof,f)
13.0	8.0	0.615384615	(a,teamplaysagainstteam,b) <= (h,agentcompeteswithagent,b), (a,subpartoforganization,h), (b,teamplaysagainstteam,a)
13.0	8.0	0.615384615	(a,teamplaysagainstteam,b) <= (i,coachesteam,a), (i,subpartof,f), (b,teamplaysagainstteam,f)
13.0	8.0	0.615384615	(a,mutualproxyfor,b) <= (j,agentcontrols,f), (a,mutualproxyfor,j), (b,proxyfor,f)
13.0	8.0	0.615384615	(a,animalpreyson,b) <= (b,animalistypeofanimal,a), (a,animalpreyson,h), (b,mammalsuchasmammal,h)
208.0	128.0	0.615384615	(a,bankbankincountry,b) <= (a,bankbankincountry,f), (i,citycapitalofcountry,b), (i,citylocatedincountry,f)
13.0	8.0	0.615384615	(a,agentcompeteswithagent,b) <= (b,agentcompeteswithagent,f), (i,athleteledsportsteam,f), (i,athleteplaysforteam,a)
26.0	16.0	0.615384615	(a,acquired,b) <= (j,acquired,b), (a,organizationterminatedperson,f), (f,worksfor,j)
13.0	8.0	0.615384615	(a,buildinglocatedincity,b) <= (a,airportincity,b), (h,locationlocatedwithinlocation,b), (b,proxyfor,h)
13.0	8.0	0.615384615	(a,organizationterminatedperson,b) <= (f,mutualproxyfor,j), (a,organizationterminatedperson,j), (b,proxyfor,f)
13.0	8.0	0.615384615	(a,organizationterminatedperson,b) <= (b,ceoof,a), (h,mutualproxyfor,b), (b,topmemberoforganization,h)
13.0	8.0	0.615384615	(a,agentcompeteswithagent,b) <= (b,agentcompeteswithagent,a), (h,agentcompeteswithagent,a), (b,animalpreyson,h)
13.0	8.0	0.615384615	(a,countrylocatedingeopoliticallocation,b) <= (a,countrylocatedingeopoliticallocation,h), (a,locationlocatedwithinlocation,b), (h,statelocatedingeopoliticallocation,b)
13.0	8.0	0.615384615	(a,acquired,b) <= (j,acquired,b), (f,agentbelongstoorganization,j), (a,agentcollaborateswithagent,f)
13.0	8.0	0.615384615	(a,agentcompeteswithagent,b) <= (i,agentcompeteswithagent,a), (b,agentcompeteswithagent,f), (i,teamalsoknownas,f)
13.0	8.0	0.615384615	(a,atdate,b) <= (e,atdate,b), (e,citylocatedincountry,a), (e,subpartof,a)
13.0	8.0	0.615384615	(a,teamplaysincity,b) <= (i,athleteplaysforteam,a), (i,personbelongstoorganization,e), (e,teamplaysincity,b)
65.0	40.0	0.615384615	(a,hasofficeincountry,b) <= (a,hasofficeincountry,f), (f,organizationhiredperson,j), (j,personleadsorganization,b)
39.0	24.0	0.615384615	(a,organizationterminatedperson,b) <= (a,mutualproxyfor,b), (h,organizationterminatedperson,b), (b,worksfor,h)
13.0	8.0	0.615384615	(a,organizationterminatedperson,b) <= (e,organizationterminatedperson,b), (i,personleadsorganization,a), (i,proxyfor,e)
13.0	8.0	0.615384615	(a,athleteplaysforteam,b) <= (a,athleteledsportsteam,b), (a,personbelongstoorganization,b)
13.0	8.0	0.615384615	(a,actorstarredinmovie,b) <= (j,actorstarredinmovie,b), (e,hashusband,a), (e,hasspouse,j)
13.0	8.0	0.615384615	(a,atdate,b) <= (e,atdate,b), (e,citylocatedincountry,a), (e,proxyfor,a)
13.0	8.0	0.615384615	(a,agentbelongstoorganization,b) <= (b,agentcollaborateswithagent,h), (b,agentcontrols,h), (a,subpartof,b)
13.0	8.0	0.615384615	(a,personleadsgeopoliticalorganization,b) <= (a,personleadsgeopoliticalorganization,f), (i,personleadsgeopoliticalorganization,f), (i,worksfor,b)
39.0	24.0	0.615384615	(a,competeswith,b) <= (i,ceoof,e), (e,competeswith,b), (i,worksfor,a)
26.0	16.0	0.615384615	(a,personbelongstoorganization,b) <= (i,agentbelongstoorganization,b), (a,personbelongstoorganization,f), (i,subpartof,f)
26.0	16.0	0.615384615	(a,sportsgameteam,b) <= (i,agentparticipatedinevent,a), (i,mutualproxyfor,f), (b,teamplaysagainstteam,f)
13.0	8.0	0.615384615	(a,proxyfor,b) <= (g,atdate,a), (b,mutualproxyfor,a), (g,proxyfor,b)
26.0	16.0	0.615384615	(a,organizationhiredperson,b) <= (a,subpartof,j), (b,worksfor,f), (j,worksfor,f)
13.0	8.0	0.615384615	(a,companyeconomicsector,b) <= (e,agentcollaborateswithagent,j), (e,companyeconomicsector,b), (j,topmemberoforganization,a)
13.0	8.0	0.615384615	(a,hasofficeincountry,b) <= (j,hasofficeincountry,b), (a,organizationterminatedperson,f), (f,personleadsorganization,j)
13.0	8.0	0.615384615	(a,athleteplaysforteam,b) <= (a,athleteledsportsteam,b), (a,athleteledsportsteam,h), (a,personbelongstoorganization,h)
13.0	8.0	0.615384615	(a,topmemberoforganization,b) <= (j,agentbelongstoorganization,b), (f,agentcontrols,j), (a,topmemberoforganization,f)
13.0	8.0	0.615384615	(a,agentinvolvedwithitem,b) <= (i,agentcontributedtocreativework,f), (a,agentcreated,f), (i,agentinvolvedwithitem,b)
244.0	150.0	0.614754098	(a,organizationhiredperson,b) <= (i,organizationhiredperson,b), (i,organizationhiredperson,f), (a,organizationterminatedperson,f)
122.0	75.0	0.614754098	(a,subpartof,b) <= (b,mutualproxyfor,a), (a,proxyfor,h), (a,subpartof,h)
410.0	252.0	0.614634146	(a,subpartoforganization,b) <= (j,agentbelongstoorganization,b), (a,agentcollaborateswithagent,f), (f,agentcompeteswithagent,j)
96.0	59.0	0.614583333	(a,organizationalsoknownas,b) <= (i,organizationalsoknownas,b), (a,organizationalsoknownas,f), (i,synonymfor,f)
83.0	51.0	0.614457831	(a,ceoof,b) <= (e,ceoof,b), (e,ceoof,j), (j,organizationhiredperson,a)
337.0	207.0	0.614243323	(a,agentcontrols,b) <= (a,agentcollaborateswithagent,f), (j,agentcontrols,b), (f,worksfor,j)
57.0	35.0	0.614035088	(a,sportfansincountry,b) <= (j,countrylocatedingeopoliticallocation,f), (b,organizationalsoknownas,f), (a,sportschoolincountry,j)
57.0	35.0	0.614035088	(a,teamplaysagainstteam,b) <= (e,personleadsorganization,b), (j,teamplaysagainstteam,a), (e,worksfor,j)
57.0	35.0	0.614035088	(a,teamplaysagainstteam,b) <= (g,personleadsorganization,b), (b,teamplaysagainstteam,a), (g,worksfor,b)
57.0	35.0	0.614035088	(a,teamplaysagainstteam,b) <= (e,personleadsorganization,j), (j,teamplaysagainstteam,a), (e,worksfor,b)
44.0	27.0	0.613636364	(a,ceoof,b) <= (a,ceoof,f), (i,personleadsorganization,b), (i,worksfor,f)
44.0	27.0	0.613636364	(a,topmemberoforganization,b) <= (a,personleadsorganization,f), (i,topmemberoforganization,b), (i,worksfor,f)
132.0	81.0	0.613636364	(a,agentbelongstoorganization,b) <= (a,agentbelongstoorganization,f), (b,agentcompeteswithagent,f)
119.0	73.0	0.613445378	(a,agentcontrols,b) <= (b,agentcollaborateswithagent,f), (f,organizationhiredperson,j), (j,topmemberoforganization,a)
119.0	73.0	0.613445378	(a,agentcontrols,b) <= (b,agentcollaborateswithagent,a), (a,organizationhiredperson,h), (h,topmemberoforganization,a)
31.0	19.0	0.612903226	(a,personbelongstoorganization,b) <= (j,agentcollaborateswithagent,b), (f,agentcontrols,j), (a,personbelongstoorganization,f)
31.0	19.0	0.612903226	(a,organizationalsoknownas,b) <= (b,organizationalsoknownas,a), (b,organizationalsoknownas,h), (h,synonymfor,b)
31.0	19.0	0.612903226	(a,agentcompeteswithagent,b) <= (e,agentcollaborateswithagent,j), (e,agentcompeteswithagent,b), (j,proxyfor,a)
31.0	19.0	0.612903226	(a,organizationterminatedperson,b) <= (e,organizationterminatedperson,b), (i,topmemberoforganization,e), (i,worksfor,a)
31.0	19.0	0.612903226	(a,animalthatfeedoninsect,b) <= (i,agentcompeteswithagent,f), (a,animalthatfeedoninsect,f), (i,arthropodcalledarthropod,b)
31.0	19.0	0.612903226	(a,agriculturalproducttoattractinsect,b) <= (a,agriculturalproducttoattractinsect,f), (f,arthropodandotherarthropod,j), (j,specializationof,b)
31.0	19.0	0.612903226	(a,haswife,b) <= (j,hasspouse,a), (e,haswife,b), (e,haswife,j)
31.0	19.0	0.612903226	(a,worksfor,b) <= (j,mutualproxyfor,a), (e,proxyfor,j), (e,worksfor,b)
31.0	19.0	0.612903226	(a,teamplaysinleague,b) <= (i,athleteledsportsteam,f), (i,coachesinleague,b), (a,teamplaysagainstteam,f)
31.0	19.0	0.612903226	(a,mutualproxyfor,b) <= (b,ceoof,f), (f,mutualproxyfor,j), (a,organizationhiredperson,j)
31.0	19.0	0.612903226	(a,teamplaysagainstteam,b) <= (b,teamalsoknownas,a), (h,teamplaysagainstteam,a), (b,teamplaysagainstteam,h)
49.0	30.0	0.612244898	(a,worksfor,b) <= (b,organizationhiredperson,h), (b,organizationterminatedperson,a), (h,worksfor,b)
49.0	30.0	0.612244898	(a,topmemberoforganization,b) <= (i,personleadsorganization,f), (a,topmemberoforganization,f), (i,worksfor,b)
98.0	60.0	0.612244898	(a,atlocation,b) <= (a,mutualproxyfor,f), (i,organizationheadquarteredinstateorprovince,b), (i,organizationheadquarteredinstateorprovince,f)
245.0	150.0	0.612244898	(a,teamplaysagainstteam,b) <= (g,athleteledsportsteam,b), (g,personbelongstoorganization,b), (b,teamplaysagainstteam,a)
139.0	85.0	0.611510791	(a,personleadsorganization,b) <= (j,organizationterminatedperson,a), (e,personleadsorganization,b), (e,worksfor,j)
18.0	11.0	0.611111111	(a,animalthatfeedoninsect,b) <= (h,animalpreyson,a), (a,animalthatfeedoninsect,h), (b,arthropodandotherarthropod,a)
18.0	11.0	0.611111111	(a,animalpreyson,b) <= (g,animalpreyson,a), (g,animalpreyson,b), (b,specializationof,a)
54.0	33.0	0.611111111	(a,mutualproxyfor,b) <= (b,atlocation,h), (b,mutualproxyfor,a), (h,mutualproxyfor,b)
18.0	11.0	0.611111111	(a,teamplaysinleague,b) <= (b,agentcollaborateswithagent,f), (f,teamplaysagainstteam,a), (f,teamplaysinleague,b)
18.0	11.0	0.611111111	(a,mutualproxyfor,b) <= (a,subpartof,h), (b,worksfor,a), (h,worksfor,a)
18.0	11.0	0.611111111	(a,proxyfor,b) <= (b,citycapitalofcountry,f), (i,citycapitalofcountry,f), (i,mutualproxyfor,a)
18.0	11.0	0.611111111	(a,mutualproxyfor,b) <= (h,subpartof,b), (b,worksfor,a), (b,worksfor,h)
18.0	11.0	0.611111111	(a,sportsgameteam,b) <= (e,athleteplaysforteam,b), (e,coachesteam,j), (a,sportsgameteam,j)
18.0	11.0	0.611111111	(a,mutualproxyfor,b) <= (f,subpartof,j), (j,worksfor,a), (b,worksfor,f)
18.0	11.0	0.611111111	(a,countrycurrency,b) <= (e,countrycurrency,b), (i,locationlocatedwithinlocation,a), (i,proxyfor,e)
72.0	44.0	0.611111111	(a,organizationterminatedperson,b) <= (a,organizationhiredperson,h), (b,topmemberoforganization,a), (h,topmemberoforganization,a)
72.0	44.0	0.611111111	(a,organizationterminatedperson,b) <= (a,organizationhiredperson,b), (b,topmemberoforganization,a)
36.0	22.0	0.611111111	(a,organizationterminatedperson,b) <= (a,mutualproxyfor,h), (b,topmemberoforganization,a), (h,topmemberoforganization,a)
36.0	22.0	0.611111111	(a,worksfor,b) <= (a,ceoof,f), (i,topmemberoforganization,f), (i,worksfor,b)
36.0	22.0	0.611111111	(a,organizationterminatedperson,b) <= (a,mutualproxyfor,b), (b,topmemberoforganization,a)
36.0	22.0	0.611111111	(a,organizationterminatedperson,b) <= (f,mutualproxyfor,j), (j,topmemberoforganization,a), (b,topmemberoforganization,f)
18.0	11.0	0.611111111	(a,proxyfor,b) <= (b,citylocatedingeopoliticallocation,h), (b,locationlocatedwithinlocation,h), (b,mutualproxyfor,a)
72.0	44.0	0.611111111	(a,organizationterminatedperson,b) <= (a,organizationhiredperson,b), (a,organizationhiredperson,h), (h,topmemberoforganization,a)
18.0	11.0	0.611111111	(a,animalthatfeedoninsect,b) <= (g,animalsuchasinsect,a), (b,arthropodandotherarthropod,a), (g,specializationof,a)
18.0	11.0	0.611111111	(a,agentinvolvedwithitem,b) <= (i,agentbelongstoorganization,f), (i,agentinvolvedwithitem,b), (a,subpartof,f)
18.0	11.0	0.611111111	(a,mutualproxyfor,b) <= (a,subpartof,b), (a,subpartof,h), (h,worksfor,a)
18.0	11.0	0.611111111	(a,proxyfor,b) <= (h,atlocation,a), (b,mutualproxyfor,a), (a,proxyfor,h)
72.0	44.0	0.611111111	(a,organizationterminatedperson,b) <= (h,organizationhiredperson,b), (b,topmemberoforganization,a), (b,topmemberoforganization,h)
18.0	11.0	0.611111111	(a,animalsuchasinvertebrate,b) <= (a,animalsuchasinvertebrate,f), (f,arthropodandotherarthropod,j), (j,specializationof,b)
36.0	22.0	0.611111111	(a,organizationterminatedperson,b) <= (h,mutualproxyfor,b), (b,topmemberoforganization,a), (b,topmemberoforganization,h)
36.0	22.0	0.611111111	(a,organizationterminatedperson,b) <= (e,mutualproxyfor,j), (e,organizationterminatedperson,b), (j,worksfor,a)
90.0	55.0	0.611111111	(a,mutualproxyfor,b) <= (j,ceoof,a), (e,mutualproxyfor,b), (e,mutualproxyfor,j)
18.0	11.0	0.611111111	(a,agentcompeteswithagent,b) <= (b,agentcompeteswithagent,a), (g,agentcompeteswithagent,a), (g,competeswith,b)
18.0	11.0	0.611111111	(a,mutualproxyfor,b) <= (a,subpartof,b), (b,worksfor,a)
95.0	58.0	0.610526316	(a,atlocation,b) <= (a,mutualproxyfor,f), (i,personborninlocation,b), (i,personborninlocation,f)
195.0	119.0	0.61025641	(a,organizationheadquarteredincity,b) <= (i,headquarteredin,b), (i,newspaperincity,f), (a,organizationheadquarteredincity,f)
41.0	25.0	0.609756098	(a,competeswith,b) <= (a,agentcontrols,h), (b,competeswith,a), (a,competeswith,h)
451.0	275.0	0.609756098	(a,atlocation,b) <= (a,atlocation,j), (f,citylocatedingeopoliticallocation,j), (b,mutualproxyfor,f)
41.0	25.0	0.609756098	(a,statelocatedincountry,b) <= (i,locationlocatedwithinlocation,a), (i,proxyfor,e), (e,statelocatedincountry,b)
105.0	64.0	0.60952381	(a,personleadsorganization,b) <= (b,organizationterminatedperson,f), (a,personleadsorganization,j), (f,worksfor,j)
105.0	64.0	0.60952381	(a,agentcollaborateswithagent,b) <= (f,agentbelongstoorganization,j), (j,agentcollaborateswithagent,b), (a,agentcollaborateswithagent,f)
128.0	78.0	0.609375	(a,athletehomestadium,b) <= (i,athletehomestadium,b), (a,athleteplaysforteam,f), (i,personbelongstoorganization,f)
128.0	78.0	0.609375	(a,mutualproxyfor,b) <= (a,mutualproxyfor,j), (j,organizationhiredperson,f), (b,organizationterminatedperson,f)
238.0	145.0	0.609243697	(a,atdate,b) <= (e,atdate,b), (i,citylocatedincountry,a), (i,proxyfor,e)
23.0	14.0	0.608695652	(a,teamwontrophy,b) <= (i,athleteledsportsteam,e), (i,subpartof,a), (e,teamwontrophy,b)
23.0	14.0	0.608695652	(a,organizationterminatedperson,b) <= (b,topmemberoforganization,a), (b,worksfor,a)
23.0	14.0	0.608695652	(a,persongraduatedschool,b) <= (b,organizationalsoknownas,h), (a,personbelongstoorganization,h), (a,persongraduatedfromuniversity,b)
23.0	14.0	0.608695652	(a,persongraduatedschool,b) <= (h,organizationalsoknownas,b), (a,personbelongstoorganization,h), (a,persongraduatedfromuniversity,b)
23.0	14.0	0.608695652	(a,animalpreyson,b) <= (j,animalpreyson,b), (a,arthropodandotherarthropod,f), (f,specializationof,j)
23.0	14.0	0.608695652	(a,teamplaysagainstteam,b) <= (g,agentcompeteswithagent,a), (g,teamalsoknownas,a), (b,teamplaysagainstteam,a)
23.0	14.0	0.608695652	(a,organizationterminatedperson,b) <= (h,mutualproxyfor,b), (a,organizationhiredperson,b), (b,worksfor,h)
23.0	14.0	0.608695652	(a,organizationterminatedperson,b) <= (b,topmemberoforganization,a), (b,topmemberoforganization,h), (b,worksfor,h)
23.0	14.0	0.608695652	(a,animalpreyson,b) <= (b,animalpreyson,a), (a,animalpreyson,h), (b,specializationof,h)
23.0	14.0	0.608695652	(a,statelocatedingeopoliticallocation,b) <= (i,locationlocatedwithinlocation,e), (e,statelocatedingeopoliticallocation,b), (i,subpartof,a)
97.0	59.0	0.608247423	(a,persongraduatedschool,b) <= (a,personbelongstoorganization,j), (b,synonymfor,f), (j,teamalsoknownas,f)
74.0	45.0	0.608108108	(a,atdate,b) <= (i,atdate,b), (a,citycapitalofcountry,f), (i,citylocatedincountry,f)
28.0	17.0	0.607142857	(a,personleadsorganization,b) <= (b,agentcollaborateswithagent,f), (a,personleadsorganization,j), (f,topmemberoforganization,j)
89.0	54.0	0.606741573	(a,persongraduatedfromuniversity,b) <= (a,personbelongstoorganization,j), (b,synonymfor,f), (f,teamalsoknownas,j)
61.0	37.0	0.606557377	(a,agentcollaborateswithagent,b) <= (a,agentcollaborateswithagent,j), (j,agentcontrols,f), (b,proxyfor,f)
61.0	37.0	0.606557377	(a,teamplaysinleague,b) <= (b,leaguestadiums,f), (a,teamhomestadium,f)
94.0	57.0	0.606382979	(a,agentcontrols,b) <= (b,agentbelongstoorganization,h), (b,agentcollaborateswithagent,h), (b,subpartof,a)
94.0	57.0	0.606382979	(a,athleteledsportsteam,b) <= (a,athleteledsportsteam,f), (i,athleteplaysforteam,f), (i,personbelongstoorganization,b)
33.0	20.0	0.606060606	(a,agriculturalproducttoattractinsect,b) <= (a,agriculturalproducttoattractinsect,f), (i,animalthatfeedoninsect,b), (i,specializationof,f)
33.0	20.0	0.606060606	(a,topmemberoforganization,b) <= (b,organizationterminatedperson,f), (a,topmemberoforganization,j), (f,worksfor,j)
33.0	20.0	0.606060606	(a,competeswith,b) <= (b,competeswith,a), (b,organizationterminatedperson,h), (h,topmemberoforganization,b)
38.0	23.0	0.605263158	(a,arthropodcalledarthropod,b) <= (a,animalsuchasinsect,h), (a,animalthatfeedoninsect,h), (b,arthropodcalledarthropod,a)
38.0	23.0	0.605263158	(a,mutualproxyfor,b) <= (i,airportincity,e), (i,buildinglocatedincity,a), (e,mutualproxyfor,b)
38.0	23.0	0.605263158	(a,arthropodcalledarthropod,b) <= (g,animalpreyson,a), (g,arthropodandotherarthropod,a), (b,arthropodcalledarthropod,a)
81.0	49.0	0.604938272	(a,personleadsorganization,b) <= (b,organizationterminatedperson,h), (h,personleadsorganization,b), (a,worksfor,b)
43.0	26.0	0.604651163	(a,teamplaysagainstteam,b) <= (h,subpartoforganization,b), (b,teamplaysagainstteam,a), (a,teamplaysinleague,h)
235.0	142.0	0.604255319	(a,teamplaysagainstteam,b) <= (h,teamalsoknownas,b), (b,teamplaysagainstteam,a), (b,teamplaysagainstteam,h)
48.0	29.0	0.604166667	(a,personbelongstoorganization,b) <= (i,personbelongstoorganization,b), (a,personbelongstoorganization,f), (i,subpartof,f)
48.0	29.0	0.604166667	(a,athleteplaysforteam,b) <= (i,athleteledsportsteam,b), (a,athleteledsportsteam,f), (i,personbelongstoorganization,f)
48.0	29.0	0.604166667	(a,organizationterminatedperson,b) <= (b,ceoof,h), (a,mutualproxyfor,b), (h,organizationterminatedperson,b)
48.0	29.0	0.604166667	(a,organizationhiredperson,b) <= (a,mutualproxyfor,b), (g,organizationhiredperson,b), (g,organizationterminatedperson,b)
53.0	32.0	0.603773585	(a,teamplaysagainstteam,b) <= (g,personbelongstoorganization,b), (g,subpartof,b), (b,teamplaysagainstteam,a)
58.0	35.0	0.603448276	(a,locationlocatedwithinlocation,b) <= (i,headquarteredin,f), (a,locationlocatedwithinlocation,f), (i,organizationheadquarteredincity,b)
58.0	35.0	0.603448276	(a,personleadsorganization,b) <= (b,mutualproxyfor,a), (a,worksfor,b)
121.0	73.0	0.603305785	(a,agentcontrols,b) <= (b,agentcollaborateswithagent,f), (a,organizationhiredperson,j), (j,topmemberoforganization,f)
1172.0	707.0	0.603242321	(a,teamplaysagainstteam,b) <= (g,athleteledsportsteam,b), (g,athleteplaysforteam,b), (b,teamplaysagainstteam,a)
73.0	44.0	0.602739726	(a,organizationhiredperson,b) <= (i,locationlocatedwithinlocation,e), (e,organizationhiredperson,b), (i,subpartof,a)
78.0	47.0	0.602564103	(a,athleteplaysforteam,b) <= (a,athleteledsportsteam,b), (b,organizationhiredperson,h), (h,worksfor,b)
171.0	103.0	0.602339181	(a,subpartof,b) <= (g,agentbelongstoorganization,b), (b,agentcontrols,a), (g,subpartof,b)
88.0	53.0	0.602272727	(a,coachwontrophy,b) <= (i,athletewinsawardtrophytournament,f), (i,coachwontrophy,b), (a,coachwontrophy,f)
432.0	260.0	0.601851852	(a,agentcreated,b) <= (a,agentcollaborateswithagent,f), (j,agentcreated,b), (f,personleadsorganization,j)
1175.0	707.0	0.601702128	(a,teamplaysagainstteam,b) <= (g,athleteledsportsteam,a), (g,athleteplaysforteam,a), (b,teamplaysagainstteam,a)
5.0	3.0	0.6	(a,organizationheadquarteredincity,b) <= (e,agentcontrols,j), (j,competeswith,a), (e,headquarteredin,b)
5.0	3.0	0.6	(a,animaleatfood,b) <= (b,agriculturalproducttoattractinsect,a), (h,animaleatfood,b), (a,animalthatfeedoninsect,h)
5.0	3.0	0.6	(a,mutualproxyfor,b) <= (a,organizationhiredperson,b), (b,proxyfor,h), (b,worksfor,h)
35.0	21.0	0.6	(a,televisionstationincity,b) <= (f,atlocation,j), (b,proxyfor,f), (a,televisionstationincity,j)
30.0	18.0	0.6	(a,atdate,b) <= (e,atdate,b), (i,buildinglocatedincity,a), (i,locationlocatedwithinlocation,e)
25.0	15.0	0.6	(a,athleteplaysforteam,b) <= (a,athleteledsportsteam,b), (h,teamalsoknownas,b), (b,teamplaysagainstteam,h)
5.0	3.0	0.6	(a,persongraduatedschool,b) <= (g,hasspouse,a), (a,persongraduatedfromuniversity,b), (g,persongraduatedfromuniversity,b)
5.0	3.0	0.6	(a,personleadsorganization,b) <= (a,agentcollaborateswithagent,f), (i,personleadsorganization,b), (i,subpartof,f)
5.0	3.0	0.6	(a,attractionofcity,b) <= (a,attractionofcity,j), (b,mutualproxyfor,f), (f,worksfor,j)
5.0	3.0	0.6	(a,subpartof,b) <= (f,organizationhiredperson,j), (j,proxyfor,a), (b,worksfor,f)
5.0	3.0	0.6	(a,organizationhiredperson,b) <= (b,coachesteam,a), (h,teamalsoknownas,a), (a,teamplaysagainstteam,h)
95.0	57.0	0.6	(a,agentcollaborateswithagent,b) <= (a,agentbelongstoorganization,h), (b,agentcontrols,a), (a,subpartof,h)
5.0	3.0	0.6	(a,personleadsorganization,b) <= (a,journalistwritesforpublication,f), (f,organizationterminatedperson,j), (j,topmemberoforganization,b)
5.0	3.0	0.6	(a,subpartof,b) <= (a,organizationhiredperson,j), (j,proxyfor,f), (b,worksfor,f)
5.0	3.0	0.6	(a,istallerthan,b) <= (e,istallerthan,b), (i,newspaperincity,a), (i,organizationheadquarteredincity,e)
5.0	3.0	0.6	(a,subpartoforganization,b) <= (f,agentcompeteswithagent,j), (b,agentcontrols,f), (a,teamplaysagainstteam,j)
5.0	3.0	0.6	(a,agentcompeteswithagent,b) <= (a,agentcompeteswithagent,f), (f,organizationterminatedperson,j), (j,topmemberoforganization,b)
5.0	3.0	0.6	(a,animaleatfood,b) <= (e,animaleatfood,b), (i,animalthatfeedoninsect,e), (i,specializationof,a)
5.0	3.0	0.6	(a,personleadsorganization,b) <= (i,ceoof,f), (a,proxyfor,f), (i,worksfor,b)
5.0	3.0	0.6	(a,personleadsorganization,b) <= (g,organizationhiredperson,a), (g,organizationterminatedperson,a), (a,proxyfor,b)
10.0	6.0	0.6	(a,personleadsorganization,b) <= (a,ceoof,f), (i,personleadsorganization,b), (i,proxyfor,f)
10.0	6.0	0.6	(a,personleadsorganization,b) <= (i,personleadsorganization,b), (a,proxyfor,f), (i,subpartof,f)
40.0	24.0	0.6	(a,personleadsorganization,b) <= (f,organizationterminatedperson,j), (j,personleadsorganization,b), (a,topmemberoforganization,f)
5.0	3.0	0.6	(a,mutualproxyfor,b) <= (f,organizationhiredperson,j), (j,proxyfor,a), (b,worksfor,f)
5.0	3.0	0.6	(a,agentcompeteswithagent,b) <= (f,acquired,j), (a,agentcompeteswithagent,f), (j,subpartoforganization,b)
5.0	3.0	0.6	(a,cityliesonriver,b) <= (f,attractionofcity,j), (j,cityliesonriver,b), (a,proxyfor,f)
65.0	39.0	0.6	(a,agentcompeteswithagent,b) <= (a,agentcompeteswithagent,f), (i,animalpreyson,b), (i,mammalsuchasmammal,f)
5.0	3.0	0.6	(a,hashusband,b) <= (a,hashusband,h), (a,hasspouse,b), (h,haswife,a)
5.0	3.0	0.6	(a,atdate,b) <= (e,atdate,b), (i,persondiedincountry,a), (i,personhasjobposition,e)
5.0	3.0	0.6	(a,stateorprovinceisborderedbystateorprovince,b) <= (j,citycapitalofcountry,f), (b,statelocatedingeopoliticallocation,f), (a,statelocatedingeopoliticallocation,j)
15.0	9.0	0.6	(a,mutualproxyfor,b) <= (a,organizationhiredperson,b), (h,subpartof,b), (b,worksfor,h)
5.0	3.0	0.6	(a,televisionstationincity,b) <= (j,atlocation,b), (f,mutualproxyfor,j), (a,televisionstationincity,f)
5.0	3.0	0.6	(a,specializationof,b) <= (a,animalsuchasinsect,h), (a,animalthatfeedoninsect,b), (a,specializationof,h)
5.0	3.0	0.6	(a,animalthatfeedoninsect,b) <= (a,animalsuchasinvertebrate,h), (b,arthropodandotherarthropod,a), (h,arthropodcalledarthropod,b)
10.0	6.0	0.6	(a,agentcollaborateswithagent,b) <= (b,agentbelongstoorganization,a), (g,agentcollaborateswithagent,b), (g,agentcontrols,b)
5.0	3.0	0.6	(a,subpartof,b) <= (b,mutualproxyfor,a), (b,organizationalsoknownas,h), (h,synonymfor,b)
5.0	3.0	0.6	(a,personhasresidenceingeopoliticallocation,b) <= (h,locationlocatedwithinlocation,b), (b,mutualproxyfor,h), (a,personleadsorganization,b)
5.0	3.0	0.6	(a,agentcompeteswithagent,b) <= (b,agentcompeteswithagent,f), (j,ceoof,a), (f,organizationterminatedperson,j)
5.0	3.0	0.6	(a,agentcompeteswithagent,b) <= (f,agentcompeteswithagent,a), (b,agentcompeteswithagent,f), (f,teamalsoknownas,b)
5.0	3.0	0.6	(a,organizationhiredperson,b) <= (g,organizationhiredperson,b), (g,organizationterminatedperson,b), (b,proxyfor,a)
5.0	3.0	0.6	(a,agentcompeteswithagent,b) <= (j,agentcompeteswithagent,a), (b,agentcompeteswithagent,f), (f,synonymfor,j)
5.0	3.0	0.6	(a,teamplaysinleague,b) <= (b,agentcompeteswithagent,f), (i,coachesinleague,f), (i,worksfor,a)
5.0	3.0	0.6	(a,organizationheadquarteredincity,b) <= (e,agentcollaborateswithagent,j), (e,headquarteredin,b), (j,journalistwritesforpublication,a)
80.0	48.0	0.6	(a,automobilemakerdealersincity,b) <= (e,automobilemakerdealersincity,b), (i,ceoof,e), (i,worksfor,a)
10.0	6.0	0.6	(a,agentcompeteswithagent,b) <= (a,agentcompeteswithagent,j), (b,agentcontrols,f), (j,competeswith,f)
20.0	12.0	0.6	(a,personleadsorganization,b) <= (b,subpartof,a), (h,subpartof,a), (a,worksfor,h)
5.0	3.0	0.6	(a,organizationterminatedperson,b) <= (e,organizationhiredperson,j), (j,proxyfor,a), (e,subpartof,b)
5.0	3.0	0.6	(a,animalthatfeedoninsect,b) <= (b,arthropodandotherarthropod,a), (b,arthropodandotherarthropod,h), (a,arthropodcalledarthropod,h)
60.0	36.0	0.6	(a,personleadsorganization,b) <= (h,mutualproxyfor,a), (a,worksfor,b), (a,worksfor,h)
10.0	6.0	0.6	(a,agentbelongstoorganization,b) <= (j,agentcontrols,a), (e,coachesinleague,b), (e,personbelongstoorganization,j)
95.0	57.0	0.6	(a,agentcollaborateswithagent,b) <= (a,agentbelongstoorganization,b), (b,agentcontrols,a), (a,subpartof,b)
5.0	3.0	0.6	(a,proxyfor,b) <= (a,citylocatedingeopoliticallocation,h), (b,mutualproxyfor,a), (h,mutualproxyfor,a)
5.0	3.0	0.6	(a,personleadsgeopoliticalorganization,b) <= (i,personhasresidenceingeopoliticallocation,f), (a,personleadsgeopoliticalorganization,f), (i,worksfor,b)
5.0	3.0	0.6	(a,subpartoforganization,b) <= (b,agentcompeteswithagent,a), (g,atlocation,a), (g,proxyfor,a)
5.0	3.0	0.6	(a,agentcompeteswithagent,b) <= (j,agentcompeteswithagent,a), (f,ceoof,j), (b,organizationterminatedperson,f)
5.0	3.0	0.6	(a,hasofficeincity,b) <= (i,agentbelongstoorganization,e), (i,agentcollaborateswithagent,a), (e,hasofficeincity,b)
5.0	3.0	0.6	(a,personleadsgeopoliticalorganization,b) <= (i,personhasresidenceingeopoliticallocation,b), (a,personleadsgeopoliticalorganization,f), (i,worksfor,f)
5.0	3.0	0.6	(a,radiostationincity,b) <= (j,atlocation,b), (f,mutualproxyfor,j), (a,radiostationincity,f)
5.0	3.0	0.6	(a,atlocation,b) <= (e,organizationheadquarteredincity,j), (e,organizationheadquarteredinstateorprovince,b), (j,organizationhiredperson,a)
5.0	3.0	0.6	(a,organizationhiredperson,b) <= (h,mutualproxyfor,b), (b,proxyfor,a), (b,worksfor,h)
5.0	3.0	0.6	(a,animalthatfeedoninsect,b) <= (a,animalsuchasinvertebrate,h), (h,animalthatfeedoninsect,b), (b,arthropodandotherarthropod,a)
5.0	3.0	0.6	(a,subpartof,b) <= (b,mutualproxyfor,a), (h,organizationalsoknownas,b), (b,organizationalsoknownas,h)
5.0	3.0	0.6	(a,personleadsorganization,b) <= (i,organizationhiredperson,a), (i,organizationterminatedperson,e), (e,proxyfor,b)
5.0	3.0	0.6	(a,animalsuchasinvertebrate,b) <= (a,agentcompeteswithagent,h), (a,animalsuchasinvertebrate,h), (a,arthropodandotherarthropod,b)
5.0	3.0	0.6	(a,companyalsoknownas,b) <= (e,agentcollaborateswithagent,j), (e,organizationalsoknownas,b), (j,topmemberoforganization,a)
5.0	3.0	0.6	(a,agentcompeteswithagent,b) <= (b,agentcompeteswithagent,f), (j,ceoof,f), (a,organizationterminatedperson,j)
5.0	3.0	0.6	(a,animalsuchasinvertebrate,b) <= (a,agentcompeteswithagent,h), (a,arthropodandotherarthropod,b), (h,arthropodcalledarthropod,a)
5.0	3.0	0.6	(a,personhasresidenceingeopoliticallocation,b) <= (g,mutualproxyfor,b), (a,personleadsorganization,b), (g,subpartof,b)
15.0	9.0	0.6	(a,agentcompeteswithagent,b) <= (e,agentcompeteswithagent,b), (j,coachesteam,a), (e,organizationhiredperson,j)
5.0	3.0	0.6	(a,animalistypeofanimal,b) <= (a,animalistypeofanimal,h), (a,animalsuchasinvertebrate,h), (a,specializationof,b)
5.0	3.0	0.6	(a,citylocatedincountry,b) <= (i,buildinglocatedincity,e), (e,citylocatedincountry,b), (i,locationlocatedwithinlocation,a)
5.0	3.0	0.6	(a,coachesinleague,b) <= (b,agentcollaborateswithagent,h), (b,organizationhiredperson,a), (h,teamplaysinleague,b)
5.0	3.0	0.6	(a,worksfor,b) <= (b,organizationhiredperson,a), (a,proxyfor,h), (h,subpartof,a)
5.0	3.0	0.6	(a,coachesinleague,b) <= (g,agentcontrols,b), (b,organizationhiredperson,a), (g,teamplaysinleague,b)
5.0	3.0	0.6	(a,coachesinleague,b) <= (g,athleteplaysinleague,b), (b,organizationhiredperson,a), (g,personbelongstoorganization,b)
5.0	3.0	0.6	(a,acquired,b) <= (j,acquired,b), (a,mutualproxyfor,f), (f,proxyfor,j)
5.0	3.0	0.6	(a,agentcontrols,b) <= (a,agentbelongstoorganization,f), (j,agentcontrols,b), (f,agentcontrols,j)
5.0	3.0	0.6	(a,subpartof,b) <= (h,organizationhiredperson,b), (b,proxyfor,h), (b,worksfor,a)
5.0	3.0	0.6	(a,agentcontrols,b) <= (i,mutualproxyfor,b), (a,worksfor,f), (i,worksfor,f)
5.0	3.0	0.6	(a,coachesinleague,b) <= (g,coachesinleague,b), (b,organizationhiredperson,a), (g,personbelongstoorganization,b)
5.0	3.0	0.6	(a,teamplayssport,b) <= (f,athleteplaysforteam,j), (a,organizationhiredperson,f), (j,teamplayssport,b)
5.0	3.0	0.6	(a,animalsuchasinsect,b) <= (a,animalistypeofanimal,b), (b,animalpreyson,h), (b,arthropodcalledarthropod,h)
10.0	6.0	0.6	(a,topmemberoforganization,b) <= (b,organizationhiredperson,a), (g,topmemberoforganization,b), (g,worksfor,b)
5.0	3.0	0.6	(a,organizationhiredperson,b) <= (a,mutualproxyfor,b), (b,proxyfor,a), (b,worksfor,a)
110.0	66.0	0.6	(a,organizationhiredperson,b) <= (h,teamplaysagainstteam,a), (a,teamplaysagainstteam,h), (b,worksfor,a)
5.0	3.0	0.6	(a,animalsuchasinsect,b) <= (a,animalistypeofanimal,b), (a,animalsuchasinvertebrate,h), (b,arthropodcalledarthropod,h)
15.0	9.0	0.6	(a,organizationhiredperson,b) <= (a,teamalsoknownas,h), (a,teamplaysagainstteam,h), (b,worksfor,a)
5.0	3.0	0.6	(a,subpartof,b) <= (g,organizationhiredperson,b), (g,organizationterminatedperson,b), (b,proxyfor,a)
5.0	3.0	0.6	(a,weaponmadeincountry,b) <= (i,personhasresidenceingeopoliticallocation,b), (i,personleadsorganization,f), (a,weaponmadeincountry,f)
10.0	6.0	0.6	(a,stateorprovinceisborderedbystateorprovince,b) <= (b,organizationhiredperson,f), (j,organizationterminatedperson,f), (a,stateorprovinceisborderedbystateorprovince,j)
5.0	3.0	0.6	(a,personleadsorganization,b) <= (a,journalistwritesforpublication,j), (b,organizationterminatedperson,f), (j,organizationterminatedperson,f)
5.0	3.0	0.6	(a,coachesinleague,b) <= (g,agentbelongstoorganization,b), (g,agentcontrols,b), (b,organizationhiredperson,a)
10.0	6.0	0.6	(a,stateorprovinceisborderedbystateorprovince,b) <= (b,organizationhiredperson,f), (f,personbelongstoorganization,j), (a,stateorprovinceisborderedbystateorprovince,j)
5.0	3.0	0.6	(a,subpartof,b) <= (b,agentcollaborateswithagent,a), (g,personbelongstoorganization,b), (g,subpartof,b)
5.0	3.0	0.6	(a,agentcollaborateswithagent,b) <= (a,agentcollaborateswithagent,h), (h,athleteplaysforteam,a), (b,personbelongstoorganization,a)
5.0	3.0	0.6	(a,coachesinleague,b) <= (i,agentcollaborateswithagent,e), (i,organizationhiredperson,a), (e,teamplaysinleague,b)
5.0	3.0	0.6	(a,personleadsorganization,b) <= (f,agentcontrols,j), (j,mutualproxyfor,a), (b,organizationhiredperson,f)
5.0	3.0	0.6	(a,coachesinleague,b) <= (e,agentcontrols,j), (j,organizationhiredperson,a), (e,teamplaysinleague,b)
5.0	3.0	0.6	(a,personleadsorganization,b) <= (f,agentcontrols,j), (b,organizationhiredperson,f), (a,proxyfor,j)
5.0	3.0	0.6	(a,specializationof,b) <= (a,animalsuchasinsect,b), (a,animalthatfeedoninsect,h), (a,specializationof,h)
50.0	30.0	0.6	(a,athleteplaysinleague,b) <= (a,athleteledsportsteam,f), (i,athleteplaysinleague,b), (i,personbelongstoorganization,f)
5.0	3.0	0.6	(a,worksfor,b) <= (b,organizationhiredperson,a), (h,proxyfor,b), (b,subpartof,h)
5.0	3.0	0.6	(a,agentcontrols,b) <= (a,agentcontrols,f), (i,athleteledsportsteam,b), (i,athleteplaysforteam,f)
5.0	3.0	0.6	(a,agentcontrols,b) <= (i,agentbelongstoorganization,f), (i,proxyfor,b), (a,proxyfor,f)
5.0	3.0	0.6	(a,animalsuchasinsect,b) <= (a,animalistypeofanimal,b), (h,animalsuchasinsect,b), (b,animalsuchasinvertebrate,h)
5.0	3.0	0.6	(a,arthropodcalledarthropod,b) <= (a,animalthatfeedoninsect,b), (b,arthropodcalledarthropod,a)
5.0	3.0	0.6	(a,worksfor,b) <= (h,atlocation,b), (b,organizationhiredperson,a), (b,organizationhiredperson,h)
5.0	3.0	0.6	(a,subpartof,b) <= (b,agentcollaborateswithagent,a), (a,personbelongstoorganization,h), (a,subpartof,h)
10.0	6.0	0.6	(a,agentcontrols,b) <= (a,agentcollaborateswithagent,f), (i,agentcontrols,f), (i,mutualproxyfor,b)
5.0	3.0	0.6	(a,teamplayssport,b) <= (j,athleteplaysforteam,a), (e,organizationhiredperson,j), (e,teamplayssport,b)
5.0	3.0	0.6	(a,coachesinleague,b) <= (e,agentcontrols,b), (j,organizationhiredperson,a), (e,teamplaysinleague,j)
5.0	3.0	0.6	(a,persongraduatedschool,b) <= (a,haswife,f), (f,persongraduatedschool,b)
20.0	12.0	0.6	(a,personleadsorganization,b) <= (j,subpartof,a), (b,subpartof,f), (f,worksfor,j)
5.0	3.0	0.6	(a,organizationhiredperson,b) <= (a,mutualproxyfor,h), (b,personbelongstoorganization,a), (h,personhasresidenceingeopoliticallocation,a)
5.0	3.0	0.6	(a,citylocatedincountry,b) <= (e,citylocatedincountry,b), (i,personbornincity,a), (i,personborninlocation,e)
35.0	21.0	0.6	(a,personleadsorganization,b) <= (i,ceoof,f), (i,personleadsorganization,b), (a,personleadsorganization,f)
5.0	3.0	0.6	(a,agriculturalproducttoattractinsect,b) <= (b,animaleatfood,a), (b,animalpreyson,h), (h,arthropodandotherarthropod,b)
15.0	9.0	0.6	(a,athleteplaysforteam,b) <= (a,athleteledsportsteam,j), (b,organizationterminatedperson,f), (j,organizationterminatedperson,f)
5.0	3.0	0.6	(a,agentcompeteswithagent,b) <= (e,agentcompeteswithagent,j), (e,subpartof,b), (j,subpartoforganization,a)
10.0	6.0	0.6	(a,organizationhiredperson,b) <= (h,synonymfor,a), (a,synonymfor,h), (b,worksfor,a)
5.0	3.0	0.6	(a,agentcompeteswithagent,b) <= (e,agentcompeteswithagent,b), (i,headquarteredin,a), (i,organizationheadquarteredincity,e)
5.0	3.0	0.6	(a,personhasresidenceingeopoliticallocation,b) <= (i,attractionofcity,b), (i,locationlocatedwithinlocation,f), (a,personhasresidenceingeopoliticallocation,f)
10.0	6.0	0.6	(a,agentcontrols,b) <= (e,agentcontrols,b), (i,organizationhiredperson,e), (i,organizationterminatedperson,a)
5.0	3.0	0.6	(a,agentcompeteswithagent,b) <= (e,agentcompeteswithagent,b), (i,headquarteredin,e), (i,organizationheadquarteredincity,a)
5.0	3.0	0.6	(a,athleteflyouttosportsteamposition,b) <= (i,athleteflyouttosportsteamposition,b), (a,athletewinsawardtrophytournament,f), (i,coachwontrophy,f)
5.0	3.0	0.6	(a,organizationhiredperson,b) <= (h,stateorprovinceisborderedbystateorprovince,a), (a,stateorprovinceisborderedbystateorprovince,h), (b,worksfor,a)
15.0	9.0	0.6	(a,organizationheadquarteredincity,b) <= (i,ceoof,a), (e,headquarteredin,b), (i,personleadsorganization,e)
5.0	3.0	0.6	(a,personbelongstoorganization,b) <= (b,agentcollaborateswithagent,f), (a,personbelongstoorganization,j), (f,topmemberoforganization,j)
5.0	3.0	0.6	(a,teamplayssport,b) <= (e,sportsgamesport,b), (e,sportsgamewinner,i), (i,teamalsoknownas,a)
5.0	3.0	0.6	(a,atdate,b) <= (e,atdate,b), (e,organizationterminatedperson,j), (j,personbelongstoorganization,a)
5.0	3.0	0.6	(a,agentcollaborateswithagent,b) <= (b,agentcollaborateswithagent,a), (a,mutualproxyfor,h), (h,proxyfor,a)
5.0	3.0	0.6	(a,agriculturalproducttoattractinsect,b) <= (a,agriculturalproducttoattractinsect,h), (h,animalsuchasinsect,b), (b,invertebratefeedonfood,a)
5.0	3.0	0.6	(a,agentcompeteswithagent,b) <= (j,agentcompeteswithagent,a), (e,agentcompeteswithagent,b), (e,synonymfor,j)
10.0	6.0	0.6	(a,personleadsorganization,b) <= (i,headquarteredin,f), (i,organizationheadquarteredincity,b), (a,personleadsorganization,f)
5.0	3.0	0.6	(a,agentcompeteswithagent,b) <= (i,agentcompeteswithagent,e), (i,subpartof,a), (e,subpartoforganization,b)
5.0	3.0	0.6	(a,organizationhiredperson,b) <= (b,athletehomestadium,h), (a,teamhomestadium,h), (b,worksfor,a)
10.0	6.0	0.6	(a,agentcontrols,b) <= (i,agentcontrols,b), (a,personleadsgeopoliticalorganization,f), (i,personleadsorganization,f)
5.0	3.0	0.6	(a,proxyfor,b) <= (a,citylocatedingeopoliticallocation,b), (b,mutualproxyfor,a)
15.0	9.0	0.6	(a,worksfor,b) <= (a,personleadsorganization,b), (a,proxyfor,b)
5.0	3.0	0.6	(a,sportschoolincountry,b) <= (b,countrylocatedingeopoliticallocation,h), (a,sportfansincountry,b), (h,statelocatedincountry,b)
5.0	3.0	0.6	(a,subpartof,b) <= (h,organizationhiredperson,b), (b,proxyfor,a), (b,worksfor,h)
15.0	9.0	0.6	(a,athleteplaysforteam,b) <= (f,agentcollaborateswithagent,j), (a,athleteledsportsteam,f), (j,athleteplaysforteam,b)
30.0	18.0	0.6	(a,agriculturalproducttoattractinsect,b) <= (i,agentcompeteswithagent,f), (a,agriculturalproducttoattractinsect,f), (i,arthropodcalledarthropod,b)
5.0	3.0	0.6	(a,personleadsorganization,b) <= (a,journalistwritesforpublication,b), (b,organizationterminatedperson,h), (h,topmemberoforganization,b)
5.0	3.0	0.6	(a,stateorprovinceisborderedbystateorprovince,b) <= (g,citylocatedingeopoliticallocation,b), (g,locationlocatedwithinlocation,b), (b,stateorprovinceisborderedbystateorprovince,a)
5.0	3.0	0.6	(a,agriculturalproducttoattractinsect,b) <= (a,agriculturalproducttoattractinsect,f), (f,arthropodcalledarthropod,j), (j,specializationof,b)
5.0	3.0	0.6	(a,persongraduatedfromuniversity,b) <= (i,haswife,a), (i,haswife,e), (e,persongraduatedschool,b)
5.0	3.0	0.6	(a,topmemberoforganization,b) <= (b,agentcollaborateswithagent,h), (a,ceoof,b), (h,topmemberoforganization,b)
15.0	9.0	0.6	(a,citylocatedincountry,b) <= (i,airportincity,e), (i,buildinglocatedincity,a), (e,citycapitalofcountry,b)
5.0	3.0	0.6	(a,atdate,b) <= (i,atdate,b), (a,mutualproxyfor,f), (i,organizationhiredperson,f)
15.0	9.0	0.6	(a,citylocatedincountry,b) <= (i,buildinglocatedincity,a), (i,buildinglocatedincity,e), (e,citycapitalofcountry,b)
5.0	3.0	0.6	(a,agentcompeteswithagent,b) <= (i,agentcompeteswithagent,a), (e,ceoof,b), (i,organizationterminatedperson,e)
5.0	3.0	0.6	(a,personhasresidenceingeopoliticallocation,b) <= (i,personhasresidenceingeopoliticallocation,b), (a,personleadsgeopoliticalorganization,f), (i,worksfor,f)
5.0	3.0	0.6	(a,agentcompeteswithagent,b) <= (i,agentbelongstoorganization,a), (i,organizationhiredperson,e), (e,personbelongstoorganization,b)
10.0	6.0	0.6	(a,citylocatedincountry,b) <= (e,citycapitalofcountry,b), (i,hasofficeincity,a), (i,organizationheadquarteredincity,e)
20.0	12.0	0.6	(a,parentofperson,b) <= (f,fatherofperson,j), (j,parentofperson,b), (a,parentofperson,f)
5.0	3.0	0.6	(a,personhasjobposition,b) <= (j,mutualproxyfor,a), (e,personhasjobposition,b), (e,worksfor,j)
5.0	3.0	0.6	(a,organizationheadquarteredincity,b) <= (a,headquarteredin,b), (a,mutualproxyfor,h), (h,personleadsorganization,a)
5.0	3.0	0.6	(a,proxyfor,b) <= (a,citycapitalofcountry,b), (a,locationlocatedwithinlocation,b)
5.0	3.0	0.6	(a,organizationheadquarteredincountry,b) <= (i,organizationheadquarteredincountry,b), (a,organizationterminatedperson,f), (i,subpartof,f)
5.0	3.0	0.6	(a,animalthatfeedoninsect,b) <= (j,agentcompeteswithagent,b), (f,animalsuchasinsect,j), (a,animalthatfeedoninsect,f)
5.0	3.0	0.6	(a,locationlocatedwithinlocation,b) <= (e,agentactsinlocation,a), (e,countrylocatedingeopoliticallocation,b), (e,proxyfor,a)
5.0	3.0	0.6	(a,organizationterminatedperson,b) <= (b,personleadsorganization,h), (b,proxyfor,h), (a,subpartof,b)
5.0	3.0	0.6	(a,organizationterminatedperson,b) <= (h,organizationhiredperson,b), (b,proxyfor,h), (a,subpartof,b)
5.0	3.0	0.6	(a,organizationterminatedperson,b) <= (a,organizationhiredperson,h), (h,proxyfor,a), (a,subpartof,b)
5.0	3.0	0.6	(a,headquarteredin,b) <= (f,ceoof,j), (j,organizationheadquarteredincity,b), (a,organizationhiredperson,f)
25.0	15.0	0.6	(a,animalpreyson,b) <= (a,animalpreyson,h), (b,animalpreyson,h), (b,specializationof,a)
15.0	9.0	0.6	(a,mutualproxyfor,b) <= (g,organizationalsoknownas,a), (b,subpartof,a), (g,synonymfor,a)
10.0	6.0	0.6	(a,organizationterminatedperson,b) <= (b,ceoof,f), (i,companyalsoknownas,a), (i,companyalsoknownas,f)
35.0	21.0	0.6	(a,mutualproxyfor,b) <= (g,personborninlocation,a), (g,personmovedtostateorprovince,a), (b,subpartof,a)
5.0	3.0	0.6	(a,teamwontrophy,b) <= (j,athleteplaysforteam,a), (e,organizationhiredperson,j), (e,teamwontrophy,b)
5.0	3.0	0.6	(a,organizationheadquarteredincountry,b) <= (j,organizationheadquarteredincountry,b), (a,subpartof,f), (f,topmemberoforganization,j)
5.0	3.0	0.6	(a,animalthatfeedoninsect,b) <= (f,arthropodandotherarthropod,j), (j,specializationof,b), (a,specializationof,f)
10.0	6.0	0.6	(a,animalpreyson,b) <= (b,animalpreyson,a), (b,animalpreyson,h), (h,animalsuchasfish,b)
5.0	3.0	0.6	(a,mutualproxyfor,b) <= (b,mutualproxyfor,h), (h,personleadsgeopoliticalorganization,b), (b,subpartof,a)
5.0	3.0	0.6	(a,mutualproxyfor,b) <= (h,locationlocatedwithinlocation,b), (b,proxyfor,h), (b,subpartof,a)
5.0	3.0	0.6	(a,competeswith,b) <= (a,competeswith,f), (i,personbelongstoorganization,f), (i,personleadsorganization,b)
5.0	3.0	0.6	(a,competeswith,b) <= (i,agentcollaborateswithagent,f), (i,agentcontrols,b), (a,competeswith,f)
5.0	3.0	0.6	(a,drugworkedonbyagent,b) <= (j,agentcollaborateswithagent,f), (a,drugworkedonbyagent,j), (b,mutualproxyfor,f)
50.0	30.0	0.6	(a,animalpreyson,b) <= (h,animalpreyson,b), (b,animalpreyson,h), (b,specializationof,a)
5.0	3.0	0.6	(a,organizationterminatedperson,b) <= (g,personleadsorganization,a), (g,proxyfor,a), (a,subpartof,b)
5.0	3.0	0.6	(a,locationlocatedwithinlocation,b) <= (e,agentactsinlocation,b), (j,atlocation,a), (e,bankbankincountry,j)
5.0	3.0	0.6	(a,organizationhiredperson,b) <= (a,subpartof,j), (b,topmemberoforganization,f), (j,worksfor,f)
25.0	15.0	0.6	(a,organizationterminatedperson,b) <= (a,mutualproxyfor,b), (a,organizationhiredperson,h), (a,subpartof,h)
5.0	3.0	0.6	(a,animalthatfeedoninsect,b) <= (a,animalistypeofanimal,b), (g,animalthatfeedoninsect,b), (g,arthropodandotherarthropod,b)
5.0	3.0	0.6	(a,locationlocatedwithinlocation,b) <= (a,locationlocatedwithinlocation,f), (i,personleadsgeopoliticalorganization,f), (i,worksfor,b)
5.0	3.0	0.6	(a,companyeconomicsector,b) <= (e,companyeconomicsector,b), (i,personbelongstoorganization,e), (i,personleadsorganization,a)
5.0	3.0	0.6	(a,organizationterminatedperson,b) <= (a,producesproduct,j), (f,producesproduct,j), (b,worksfor,f)
15.0	9.0	0.6	(a,stadiumlocatedincity,b) <= (f,organizationhiredperson,j), (j,personhasresidenceingeopoliticallocation,b), (a,stadiumlocatedincity,f)
5.0	3.0	0.6	(a,companyeconomicsector,b) <= (a,agentcollaborateswithagent,f), (j,companyeconomicsector,b), (f,proxyfor,j)
10.0	6.0	0.6	(a,animalpreyson,b) <= (b,animalistypeofanimal,a), (h,animalpreyson,a), (b,mammalsuchasmammal,h)
5.0	3.0	0.6	(a,organizationhiredperson,b) <= (i,lakeinstate,a), (i,lakeinstate,f), (b,worksfor,f)
5.0	3.0	0.6	(a,organizationhiredperson,b) <= (f,mutualproxyfor,j), (b,personbelongstoorganization,f), (j,personhasresidenceingeopoliticallocation,a)
5.0	3.0	0.6	(a,airportincity,b) <= (a,airportincity,j), (j,citycapitalofcountry,f), (b,proxyfor,f)
25.0	15.0	0.6	(a,worksfor,b) <= (b,organizationhiredperson,a), (b,organizationterminatedperson,a), (a,personleadsorganization,b)
5.0	3.0	0.6	(a,synonymfor,b) <= (i,citylocatedincountry,e), (i,proxyfor,a), (e,synonymfor,b)
10.0	6.0	0.6	(a,coachwontrophy,b) <= (a,coachesteam,f), (i,coachwontrophy,b), (i,worksfor,f)
15.0	9.0	0.6	(a,teamwontrophy,b) <= (e,athleteledsportsteam,j), (e,coachwontrophy,b), (j,teamalsoknownas,a)
5.0	3.0	0.6	(a,competeswith,b) <= (i,acquired,f), (b,agentcollaborateswithagent,f), (i,competeswith,a)
5.0	3.0	0.6	(a,animalthatfeedoninsect,b) <= (b,animalsuchasinsect,f), (a,animalthatfeedoninsect,j), (f,specializationof,j)
5.0	3.0	0.6	(a,locationlocatedwithinlocation,b) <= (e,countrylocatedingeopoliticallocation,b), (i,personborninlocation,e), (i,proxyfor,a)
15.0	9.0	0.6	(a,sportsgameteam,b) <= (i,athleteledsportsteam,f), (a,sportsgameteam,f), (i,subpartof,b)
5.0	3.0	0.6	(a,hasofficeincountry,b) <= (i,ceoof,a), (e,hasofficeincountry,b), (i,worksfor,e)
5.0	3.0	0.6	(a,agentcontributedtocreativework,b) <= (h,agentcontributedtocreativework,b), (a,agentcreated,b), (b,bookwriter,h)
5.0	3.0	0.6	(a,hassibling,b) <= (b,hassibling,a), (a,personbornincity,h), (a,personborninlocation,h)
5.0	3.0	0.6	(a,hassibling,b) <= (b,hassibling,a), (b,personbornincity,h), (a,personborninlocation,h)
5.0	3.0	0.6	(a,headquarteredin,b) <= (i,agentbelongstoorganization,e), (i,agentcollaborateswithagent,a), (e,headquarteredin,b)
10.0	6.0	0.6	(a,organizationterminatedperson,b) <= (h,mutualproxyfor,b), (b,topmemberoforganization,a), (b,worksfor,h)
5.0	3.0	0.6	(a,mutualproxyfor,b) <= (a,agentcollaborateswithagent,h), (a,mutualproxyfor,h), (b,proxyfor,a)
10.0	6.0	0.6	(a,organizationterminatedperson,b) <= (h,mutualproxyfor,b), (b,topmemberoforganization,h), (b,worksfor,a)
5.0	3.0	0.6	(a,animalpreyson,b) <= (b,animalsuchasinvertebrate,a), (b,animalsuchasinvertebrate,h), (b,specializationof,h)
5.0	3.0	0.6	(a,hasofficeincountry,b) <= (g,automobilemakerdealersincountry,b), (g,hasofficeincountry,b), (a,organizationheadquarteredincountry,b)
10.0	6.0	0.6	(a,competeswith,b) <= (e,agentcollaborateswithagent,j), (e,competeswith,b), (j,journalistwritesforpublication,a)
5.0	3.0	0.6	(a,hasofficeincountry,b) <= (g,agentactsinlocation,b), (g,atlocation,b), (a,organizationheadquarteredincountry,b)
15.0	9.0	0.6	(a,animalpreyson,b) <= (h,animalpreyson,a), (b,animalpreyson,h), (b,animalsuchasinvertebrate,a)
5.0	3.0	0.6	(a,mutualproxyfor,b) <= (b,citylocatedingeopoliticallocation,h), (h,mutualproxyfor,b), (b,proxyfor,a)
5.0	3.0	0.6	(a,organizationterminatedperson,b) <= (g,organizationhiredperson,b), (b,proxyfor,a), (g,subpartof,b)
5.0	3.0	0.6	(a,organizationterminatedperson,b) <= (g,organizationhiredperson,b), (g,organizationterminatedperson,b), (b,proxyfor,a)
5.0	3.0	0.6	(a,mutualproxyfor,b) <= (h,organizationhiredperson,b), (b,proxyfor,a), (b,worksfor,h)
5.0	3.0	0.6	(a,organizationterminatedperson,b) <= (b,personleadsorganization,h), (b,proxyfor,a), (h,subpartof,b)
5.0	3.0	0.6	(a,organizationterminatedperson,b) <= (a,organizationhiredperson,h), (b,proxyfor,a), (a,subpartof,h)
5.0	3.0	0.6	(a,organizationterminatedperson,b) <= (h,personleadsorganization,a), (b,proxyfor,a), (a,subpartof,h)
5.0	3.0	0.6	(a,citylocatedingeopoliticallocation,b) <= (a,citylocatedingeopoliticallocation,j), (b,organizationterminatedperson,f), (f,worksfor,j)
5.0	3.0	0.6	(a,citylocatedingeopoliticallocation,b) <= (a,citylocatedingeopoliticallocation,h), (h,mutualproxyfor,a), (a,proxyfor,b)
30.0	18.0	0.6	(a,organizationhiredperson,b) <= (a,organizationterminatedperson,f), (j,subpartof,b), (f,topmemberoforganization,j)
5.0	3.0	0.6	(a,hasofficeincountry,b) <= (j,citylocatedingeopoliticallocation,b), (a,hasofficeincountry,f), (f,mutualproxyfor,j)
10.0	6.0	0.6	(a,personhascitizenship,b) <= (i,locationlocatedwithinlocation,b), (a,personhascitizenship,f), (i,subpartof,f)
5.0	3.0	0.6	(a,bankbankincountry,b) <= (a,bankboughtbank,f), (i,bankboughtbank,f), (i,hasofficeincountry,b)
5.0	3.0	0.6	(a,hasspouse,b) <= (a,hashusband,b), (a,hasspouse,h), (h,haswife,a)
5.0	3.0	0.6	(a,organizationterminatedperson,b) <= (a,organizationhiredperson,b), (h,proxyfor,a), (a,subpartof,h)
5.0	3.0	0.6	(a,animalpreyson,b) <= (h,agentcompeteswithagent,a), (a,agriculturalproductincludingagriculturalproduct,h), (b,animalpreyson,a)
10.0	6.0	0.6	(a,hasofficeincountry,b) <= (j,organizationheadquarteredincountry,b), (a,organizationhiredperson,f), (f,topmemberoforganization,j)
5.0	3.0	0.6	(a,animalpreyson,b) <= (a,agriculturalproductincludingagriculturalproduct,h), (b,animalpreyson,a), (a,animalpreyson,h)
5.0	3.0	0.6	(a,organizationterminatedperson,b) <= (b,personleadsorganization,a), (h,proxyfor,a), (a,subpartof,h)
5.0	3.0	0.6	(a,organizationterminatedperson,b) <= (b,personleadsorganization,f), (j,proxyfor,a), (f,subpartof,j)
50.0	30.0	0.6	(a,atlocation,b) <= (j,atlocation,b), (a,atlocation,f), (f,organizationhiredperson,j)
5.0	3.0	0.6	(a,organizationterminatedperson,b) <= (b,personleadsorganization,a), (b,proxyfor,h), (h,subpartof,b)
5.0	3.0	0.6	(a,headquarteredin,b) <= (j,agentcollaborateswithagent,a), (e,agentcontrols,j), (e,headquarteredin,b)
5.0	3.0	0.6	(a,headquarteredin,b) <= (e,agentcontrols,j), (j,competeswith,a), (e,headquarteredin,b)
5.0	3.0	0.6	(a,hasofficeincountry,b) <= (i,agentactsinlocation,b), (i,agentcollaborateswithagent,f), (a,organizationterminatedperson,f)
5.0	3.0	0.6	(a,sportfansincountry,b) <= (j,citylocatedincountry,b), (a,sportusesstadium,f), (f,stadiumlocatedincity,j)
5.0	3.0	0.6	(a,mutualproxyfor,b) <= (g,agentactsinlocation,b), (g,hasofficeincity,a), (b,mutualproxyfor,a)
5.0	3.0	0.6	(a,organizationterminatedperson,b) <= (g,agentcollaborateswithagent,b), (a,organizationhiredperson,b), (g,subpartof,b)
20.0	12.0	0.6	(a,fatherofperson,b) <= (a,fatherofperson,f), (i,fatherofperson,f), (i,parentofperson,b)
5.0	3.0	0.6	(a,transportationincity,b) <= (b,mutualproxyfor,f), (f,personhasresidenceingeopoliticallocation,j), (a,transportationincity,j)
5.0	3.0	0.6	(a,organizationterminatedperson,b) <= (a,organizationhiredperson,b), (b,proxyfor,h), (h,subpartof,b)
10.0	6.0	0.6	(a,organizationterminatedperson,b) <= (a,organizationhiredperson,b), (g,topmemberoforganization,a), (g,worksfor,a)
5.0	3.0	0.6	(a,organizationhiredperson,b) <= (e,organizationhiredperson,b), (e,organizationterminatedperson,j), (j,proxyfor,a)
5.0	3.0	0.6	(a,animalpreyson,b) <= (a,agentcompeteswithagent,h), (a,agriculturalproductincludingagriculturalproduct,h), (b,animalpreyson,a)
85.0	51.0	0.6	(a,organizationhiredperson,b) <= (i,coachesteam,a), (i,coachesteam,f), (b,worksfor,f)
15.0	9.0	0.6	(a,mutualproxyfor,b) <= (b,ceoof,a), (h,mutualproxyfor,b), (b,personleadsorganization,h)
55.0	33.0	0.6	(a,animalpreyson,b) <= (i,agentcompeteswithagent,f), (a,animalpreyson,f), (i,arthropodcalledarthropod,b)
5.0	3.0	0.6	(a,personbelongstoorganization,b) <= (f,mutualproxyfor,j), (j,personbelongstoorganization,b), (a,personleadsorganization,f)
5.0	3.0	0.6	(a,teamplaysinleague,b) <= (e,agentcompeteswithagent,b), (i,coachesinleague,e), (i,worksfor,a)
5.0	3.0	0.6	(a,organizationhiredperson,b) <= (a,subpartof,b), (b,topmemberoforganization,h), (b,worksfor,h)
20.0	12.0	0.6	(a,competeswith,b) <= (b,competeswith,a), (g,personleadsorganization,b), (g,worksfor,b)
10.0	6.0	0.6	(a,organizationterminatedperson,b) <= (j,companyalsoknownas,a), (e,organizationalsoknownas,j), (e,organizationterminatedperson,b)
5.0	3.0	0.6	(a,subpartoforganization,b) <= (b,agentcompeteswithagent,a), (b,agentcompeteswithagent,h), (a,teamplaysagainstteam,h)
5.0	3.0	0.6	(a,subpartoforganization,b) <= (b,agentcompeteswithagent,a), (h,locationlocatedwithinlocation,a), (a,mutualproxyfor,h)
5.0	3.0	0.6	(a,subpartoforganization,b) <= (b,agentcompeteswithagent,a), (h,atlocation,a), (a,mutualproxyfor,h)
15.0	9.0	0.6	(a,organizationterminatedperson,b) <= (e,acquired,j), (e,organizationterminatedperson,b), (j,subpartoforganization,a)
5.0	3.0	0.6	(a,organizationhiredperson,b) <= (a,subpartof,b), (g,topmemberoforganization,a), (g,worksfor,a)
5.0	3.0	0.6	(a,automobilemakerdealersincountry,b) <= (e,automobilemakerdealersincountry,b), (i,ceoof,e), (i,worksfor,a)
5.0	3.0	0.6	(a,competeswith,b) <= (b,companyalsoknownas,f), (a,competeswith,j), (j,subpartoforganization,f)
5.0	3.0	0.6	(a,animalthatfeedoninsect,b) <= (b,animalsuchasinvertebrate,a), (h,animalsuchasinvertebrate,a), (b,arthropodandotherarthropod,h)
5.0	3.0	0.6	(a,organizationterminatedperson,b) <= (i,organizationhiredperson,b), (a,producesproduct,f), (i,producesproduct,f)
5.0	3.0	0.6	(a,animalsuchasinsect,b) <= (a,animalpreyson,f), (b,animalthatfeedoninsect,f), (f,arthropodandotherarthropod,b)
5.0	3.0	0.6	(a,agentcompeteswithagent,b) <= (b,agentcompeteswithagent,a), (b,teamalsoknownas,h), (b,teamplaysagainstteam,h)
5.0	3.0	0.6	(a,agentcompeteswithagent,b) <= (b,agentcompeteswithagent,a), (h,ceoof,b), (b,organizationterminatedperson,h)
20.0	12.0	0.6	(a,agentcompeteswithagent,b) <= (b,agentcompeteswithagent,a), (h,agentcompeteswithagent,a), (b,competeswith,h)
10.0	6.0	0.6	(a,agentcompeteswithagent,b) <= (b,agentcompeteswithagent,a), (b,agentcompeteswithagent,h), (h,animalpreyson,a)
5.0	3.0	0.6	(a,agentcompeteswithagent,b) <= (b,agentcompeteswithagent,a), (b,animalistypeofanimal,h), (h,animalpreyson,a)
5.0	3.0	0.6	(a,worksfor,b) <= (b,organizationhiredperson,h), (h,proxyfor,b), (b,subpartof,a)
5.0	3.0	0.6	(a,agentcompeteswithagent,b) <= (g,agentcompeteswithagent,a), (g,agentcompeteswithagent,b), (b,teamalsoknownas,a)
5.0	3.0	0.6	(a,teamplaysinleague,b) <= (i,personbelongstoorganization,e), (i,subpartof,a), (e,teamplaysinleague,b)
145.0	87.0	0.6	(a,teamplaysinleague,b) <= (i,agentcollaborateswithagent,e), (i,agentcontrols,a), (e,teamplaysinleague,b)
25.0	15.0	0.6	(a,subpartof,b) <= (f,locationlocatedwithinlocation,j), (j,organizationheadquarteredincity,b), (a,subpartof,f)
15.0	9.0	0.6	(a,citycapitalofcountry,b) <= (a,citycapitalofcountry,f), (i,locationlocatedwithinlocation,b), (i,proxyfor,f)
5.0	3.0	0.6	(a,agentcompeteswithagent,b) <= (g,agentcompeteswithagent,a), (g,agentcompeteswithagent,b), (a,teamalsoknownas,b)
5.0	3.0	0.6	(a,agentcompeteswithagent,b) <= (h,agentcompeteswithagent,b), (a,agentcompeteswithagent,h), (a,teamalsoknownas,b)
20.0	12.0	0.6	(a,teamplaysinleague,b) <= (b,agentcollaborateswithagent,f), (j,synonymfor,f), (a,teamplaysagainstteam,j)
5.0	3.0	0.6	(a,organizationhiredperson,b) <= (a,organizationterminatedperson,b), (b,personleadsorganization,h), (b,proxyfor,h)
5.0	3.0	0.6	(a,worksfor,b) <= (b,agentcollaborateswithagent,a), (g,personleadsorganization,b), (g,proxyfor,b)
5.0	3.0	0.6	(a,agentcompeteswithagent,b) <= (a,agentcompeteswithagent,h), (a,arthropodandotherarthropod,b), (h,arthropodcalledarthropod,a)
5.0	3.0	0.6	(a,agentcompeteswithagent,b) <= (a,agentcompeteswithagent,h), (a,animalsuchasinvertebrate,h), (a,arthropodandotherarthropod,b)
5.0	3.0	0.6	(a,agentcompeteswithagent,b) <= (a,animalsuchasinvertebrate,b), (a,arthropodandotherarthropod,h), (h,arthropodcalledarthropod,a)
5.0	3.0	0.6	(a,organizationterminatedperson,b) <= (e,organizationhiredperson,b), (e,organizationterminatedperson,j), (j,proxyfor,a)
5.0	3.0	0.6	(a,subpartof,b) <= (e,organizationhiredperson,b), (e,organizationterminatedperson,j), (j,proxyfor,a)
10.0	6.0	0.6	(a,competeswith,b) <= (b,competeswith,a), (a,organizationhiredperson,h), (a,organizationterminatedperson,h)
5.0	3.0	0.6	(a,animalpreyson,b) <= (f,agriculturalproductincludingagriculturalproduct,b), (f,animalpreyson,b), (a,animalpreyson,f)
20.0	12.0	0.6	(a,mutualproxyfor,b) <= (a,subpartof,b), (h,subpartof,b), (b,worksfor,h)
10.0	6.0	0.6	(a,organizationterminatedperson,b) <= (e,mutualproxyfor,b), (i,topmemberoforganization,e), (i,worksfor,a)
5.0	3.0	0.6	(a,teamplaysinleague,b) <= (f,agentcontrols,j), (j,athleteplaysinleague,b), (a,teamplaysagainstteam,f)
10.0	6.0	0.6	(a,organizationterminatedperson,b) <= (e,mutualproxyfor,b), (i,topmemberoforganization,a), (i,worksfor,e)
5.0	3.0	0.6	(a,agentbelongstoorganization,b) <= (e,agentbelongstoorganization,b), (i,citylocatedingeopoliticallocation,a), (i,proxyfor,e)
5.0	3.0	0.6	(a,worksfor,b) <= (g,personleadsorganization,b), (g,proxyfor,b), (b,subpartof,a)
5.0	3.0	0.6	(a,organizationhiredperson,b) <= (a,mutualproxyfor,b), (b,proxyfor,h), (b,worksfor,h)
5.0	3.0	0.6	(a,locationlocatedwithinlocation,b) <= (a,locationlocatedwithinlocation,f), (f,organizationdissolvedatdate,j), (j,proxyfor,b)
5.0	3.0	0.6	(a,agentcompeteswithagent,b) <= (b,agentcompeteswithagent,a), (h,agentcompeteswithagent,a), (a,teamalsoknownas,h)
5.0	3.0	0.6	(a,organizationterminatedperson,b) <= (j,agentcontrols,f), (a,organizationhiredperson,j), (b,proxyfor,f)
5.0	3.0	0.6	(a,animalthatfeedoninsect,b) <= (a,animalsuchasinsect,b), (a,animalthatfeedoninsect,h), (a,specializationof,h)
5.0	3.0	0.6	(a,organizationterminatedperson,b) <= (a,organizationhiredperson,j), (b,proxyfor,f), (f,subpartof,j)
5.0	3.0	0.6	(a,organizationterminatedperson,b) <= (j,personleadsorganization,a), (b,proxyfor,f), (f,subpartof,j)
5.0	3.0	0.6	(a,animalthatfeedoninsect,b) <= (a,animalsuchasinsect,b), (a,animalsuchasinvertebrate,h), (b,arthropodandotherarthropod,h)
5.0	3.0	0.6	(a,animalpreyson,b) <= (h,animalistypeofanimal,a), (a,animalsuchasinvertebrate,b), (b,arthropodcalledarthropod,h)
5.0	3.0	0.6	(a,organizationhiredperson,b) <= (f,agentcollaborateswithagent,j), (j,athleteplaysforteam,a), (b,worksfor,f)
5.0	3.0	0.6	(a,organizationterminatedperson,b) <= (i,organizationacronymhasname,a), (i,organizationacronymhasname,f), (b,topmemberoforganization,f)
5.0	3.0	0.6	(a,agentbelongstoorganization,b) <= (b,agentcompeteswithagent,a), (h,agentcompeteswithagent,b), (a,subpartof,h)
5.0	3.0	0.6	(a,animalpreyson,b) <= (a,animalistypeofanimal,h), (a,animalsuchasinvertebrate,b), (h,arthropodcalledarthropod,b)
5.0	3.0	0.6	(a,headquarteredin,b) <= (a,competeswith,h), (h,headquarteredin,b), (a,organizationheadquarteredincity,b)
5.0	3.0	0.6	(a,athleteledsportsteam,b) <= (b,agentcollaborateswithagent,a), (a,athleteplaysinleague,h), (b,teamplaysinleague,h)
5.0	3.0	0.6	(a,athleteplayssport,b) <= (e,athleteplayssport,b), (j,organizationhiredperson,a), (e,worksfor,j)
5.0	3.0	0.6	(a,statehascapital,b) <= (b,organizationhiredperson,f), (a,statehascapital,j), (f,worksfor,j)
5.0	3.0	0.6	(a,organizationterminatedperson,b) <= (a,acquired,j), (j,subpartoforganization,f), (b,topmemberoforganization,f)
5.0	3.0	0.6	(a,haswife,b) <= (b,hashusband,a), (b,hasspouse,h), (h,haswife,b)
5.0	3.0	0.6	(a,haswife,b) <= (b,hashusband,h), (b,hasspouse,a), (h,haswife,b)
5.0	3.0	0.6	(a,locationlocatedwithinlocation,b) <= (i,agentactsinlocation,f), (a,locationlocatedwithinlocation,f), (i,personmovedtostateorprovince,b)
5.0	3.0	0.6	(a,mutualproxyfor,b) <= (h,organizationhiredperson,b), (b,proxyfor,h), (b,worksfor,a)
5.0	3.0	0.6	(a,competeswith,b) <= (b,companyalsoknownas,f), (i,competeswith,a), (i,subpartoforganization,f)
5.0	3.0	0.6	(a,organizationterminatedperson,b) <= (f,organizationhiredperson,j), (b,proxyfor,f), (a,subpartof,j)
5.0	3.0	0.6	(a,organizationterminatedperson,b) <= (j,personleadsorganization,f), (b,proxyfor,f), (a,subpartof,j)
5.0	3.0	0.6	(a,airportincity,b) <= (i,buildinglocatedincity,b), (a,transportationincity,f), (i,transportationincity,f)
5.0	3.0	0.6	(a,animalthatfeedoninsect,b) <= (g,animalsuchasinsect,a), (g,animalthatfeedoninsect,b), (a,arthropodandotherarthropod,b)
5.0	3.0	0.6	(a,agentcompeteswithagent,b) <= (b,agentcompeteswithagent,a), (h,ceoof,a), (a,organizationterminatedperson,h)
5.0	3.0	0.6	(a,animalpreyson,b) <= (a,animalistypeofanimal,b), (a,arthropodandotherarthropod,h), (a,arthropodcalledarthropod,h)
5.0	3.0	0.6	(a,worksfor,b) <= (h,organizationhiredperson,a), (a,proxyfor,h), (b,subpartof,a)
5.0	3.0	0.6	(a,agentinvolvedwithitem,b) <= (j,agentinvolvedwithitem,b), (a,organizationhiredperson,f), (f,personleadsorganization,j)
10.0	6.0	0.6	(a,automobilemakerdealersincity,b) <= (i,automakerproducesmodel,f), (i,hasofficeincity,b), (a,producesproduct,f)
5.0	3.0	0.6	(a,teamwontrophy,b) <= (f,agentcontrols,j), (j,coachwontrophy,b), (a,teamplaysagainstteam,f)
5.0	3.0	0.6	(a,organizationterminatedperson,b) <= (f,agentcontrols,j), (j,mutualproxyfor,b), (a,organizationhiredperson,f)
5.0	3.0	0.6	(a,automobilemakerdealersincity,b) <= (a,automakerproducesmodel,f), (i,automakerproducesmodel,f), (i,organizationheadquarteredincity,b)
25.0	15.0	0.6	(a,animalsuchasinsect,b) <= (a,animalsuchasinsect,f), (i,animalthatfeedoninsect,f), (i,specializationof,b)
5.0	3.0	0.6	(a,teamwontrophy,b) <= (f,agentcollaborateswithagent,j), (j,coachwontrophy,b), (a,teamplaysagainstteam,f)
5.0	3.0	0.6	(a,worksfor,b) <= (a,personleadsorganization,h), (a,proxyfor,h), (b,subpartof,a)
20.0	12.0	0.6	(a,animalsuchasinvertebrate,b) <= (e,animalsuchasinvertebrate,b), (e,arthropodandotherarthropod,j), (j,specializationof,a)
20.0	12.0	0.6	(a,animalsuchasinvertebrate,b) <= (e,animalsuchasinvertebrate,b), (i,animalthatfeedoninsect,a), (i,specializationof,e)
5.0	3.0	0.6	(a,locationlocatedwithinlocation,b) <= (f,agentactsinlocation,a), (a,atlocation,f), (f,countrylocatedingeopoliticallocation,b)
5.0	3.0	0.6	(a,journalistwritesforpublication,b) <= (b,organizationheadquarteredincity,h), (a,personbelongstoorganization,h), (a,worksfor,b)
5.0	3.0	0.6	(a,atlocation,b) <= (e,agentactsinlocation,b), (i,personborninlocation,a), (i,personborninlocation,e)
5.0	3.0	0.6	(a,organizationterminatedperson,b) <= (b,mutualproxyfor,f), (i,mutualproxyfor,f), (i,personleadsorganization,a)
5.0	3.0	0.6	(a,mutualproxyfor,b) <= (h,mutualproxyfor,a), (b,personleadsgeopoliticalorganization,a), (a,subpartof,h)
5.0	3.0	0.6	(a,synonymfor,b) <= (g,locationlocatedwithinlocation,b), (g,subpartof,b), (b,synonymfor,a)
5.0	3.0	0.6	(a,mutualproxyfor,b) <= (a,organizationhiredperson,j), (j,proxyfor,f), (b,worksfor,f)
10.0	6.0	0.6	(a,agriculturalproductgrowinginstateorprovince,b) <= (a,agriculturalproductgrowinginstateorprovince,j), (b,organizationhiredperson,f), (j,organizationterminatedperson,f)
5.0	3.0	0.6	(a,topmemberoforganization,b) <= (j,agentcollaborateswithagent,a), (b,organizationterminatedperson,f), (f,personbelongstoorganization,j)
45.0	27.0	0.6	(a,topmemberoforganization,b) <= (j,organizationterminatedperson,a), (e,personleadsorganization,j), (e,topmemberoforganization,b)
5.0	3.0	0.6	(a,organizationheadquarteredincity,b) <= (i,mutualproxyfor,f), (i,organizationheadquarteredincity,b), (a,organizationhiredperson,f)
5.0	3.0	0.6	(a,worksfor,b) <= (g,organizationhiredperson,a), (a,proxyfor,b), (g,subpartof,a)
20.0	12.0	0.6	(a,agentcontrols,b) <= (i,agentcollaborateswithagent,b), (a,agentcontrols,f), (i,mutualproxyfor,f)
5.0	3.0	0.6	(a,agentcontrols,b) <= (a,agentcontrols,j), (j,coachesteam,f), (b,worksfor,f)
5.0	3.0	0.6	(a,citylocatedincountry,b) <= (g,citylocatedincountry,b), (g,locationlocatedwithinlocation,b), (a,proxyfor,b)
5.0	3.0	0.6	(a,subpartoforganization,b) <= (a,organizationhiredperson,f), (j,subpartoforganization,b), (f,topmemberoforganization,j)
10.0	6.0	0.6	(a,hasofficeincity,b) <= (a,hasofficeincity,j), (b,mutualproxyfor,f), (f,personhasresidenceingeopoliticallocation,j)
5.0	3.0	0.6	(a,locationlocatedwithinlocation,b) <= (a,citycapitalofcountry,b), (a,proxyfor,b)
5.0	3.0	0.6	(a,worksfor,b) <= (h,personleadsorganization,b), (a,proxyfor,b), (b,subpartof,h)
5.0	3.0	0.6	(a,agentcollaborateswithagent,b) <= (e,agentcollaborateswithagent,b), (i,locationlocatedwithinlocation,e), (i,subpartof,a)
150.0	90.0	0.6	(a,subpartof,b) <= (b,acquired,f), (i,acquired,f), (i,agentcontrols,a)
10.0	6.0	0.6	(a,organizationheadquarteredincity,b) <= (j,headquarteredin,b), (a,organizationhiredperson,f), (f,topmemberoforganization,j)
5.0	3.0	0.6	(a,buildinglocatedincity,b) <= (a,airportincity,f), (i,airportincity,f), (i,locationlocatedwithinlocation,b)
5.0	3.0	0.6	(a,buildinglocatedincity,b) <= (a,airportincity,f), (i,attractionofcity,b), (i,locationlocatedwithinlocation,f)
95.0	57.0	0.6	(a,agentcollaborateswithagent,b) <= (a,agentbelongstoorganization,b), (h,agentcontrols,a), (a,subpartof,h)
5.0	3.0	0.6	(a,worksfor,b) <= (a,personleadsorganization,b), (h,proxyfor,b), (b,subpartof,h)
5.0	3.0	0.6	(a,proxyfor,b) <= (a,citycapitalofcountry,b), (g,citycapitalofcountry,b), (g,locationlocatedwithinlocation,b)
5.0	3.0	0.6	(a,worksfor,b) <= (b,organizationhiredperson,h), (a,proxyfor,b), (b,subpartof,h)
5.0	3.0	0.6	(a,proxyfor,b) <= (a,citycapitalofcountry,b), (a,citycapitalofcountry,h), (a,locationlocatedwithinlocation,h)
15.0	9.0	0.6	(a,proxyfor,b) <= (a,personleadsorganization,b), (g,proxyfor,b), (g,worksfor,b)
5.0	3.0	0.6	(a,subpartoforganization,b) <= (i,agentcollaborateswithagent,e), (i,agentcompeteswithagent,a), (e,subpartoforganization,b)
15.0	9.0	0.6	(a,teamplaysagainstteam,b) <= (h,agentcontrols,b), (b,teamplaysagainstteam,a), (a,teamplaysinleague,h)
10.0	6.0	0.6	(a,subpartoforganization,b) <= (i,agentcompeteswithagent,a), (i,agentcontrols,e), (e,subpartoforganization,b)
5.0	3.0	0.6	(a,statelocatedingeopoliticallocation,b) <= (f,agentcollaborateswithagent,j), (j,personbelongstoorganization,b), (a,statelocatedingeopoliticallocation,f)
5.0	3.0	0.6	(a,worksfor,b) <= (b,organizationhiredperson,f), (a,proxyfor,j), (j,subpartof,f)
10.0	6.0	0.6	(a,locationlocatedwithinlocation,b) <= (a,cityliesonriver,f), (i,locationlocatedwithinlocation,b), (i,subpartof,f)
5.0	3.0	0.6	(a,animalsuchasinsect,b) <= (b,animalsuchasinvertebrate,h), (a,arthropodandotherarthropod,b), (a,arthropodcalledarthropod,h)
5.0	3.0	0.6	(a,proxyfor,b) <= (e,athletehomestadium,b), (e,athletehomestadium,j), (j,atlocation,a)
5.0	3.0	0.6	(a,agentcollaborateswithagent,b) <= (j,agentcollaborateswithagent,b), (a,organizationhiredperson,f), (f,personleadsorganization,j)
5.0	3.0	0.6	(a,subpartof,b) <= (a,organizationterminatedperson,b), (b,personleadsorganization,h), (b,proxyfor,h)
5.0	3.0	0.6	(a,subpartoforganization,b) <= (i,personbelongstoorganization,e), (i,personleadsorganization,a), (e,subpartoforganization,b)
10.0	6.0	0.6	(a,mutualproxyfor,b) <= (e,mutualproxyfor,b), (i,proxyfor,a), (i,worksfor,e)
5.0	3.0	0.6	(a,locationlocatedwithinlocation,b) <= (a,citycapitalofcountry,b), (a,citycapitalofcountry,h), (a,proxyfor,h)
5.0	3.0	0.6	(a,proxyfor,b) <= (f,ceoof,j), (b,organizationterminatedperson,f), (a,proxyfor,j)
10.0	6.0	0.6	(a,agentactsinlocation,b) <= (j,agentactsinlocation,b), (f,agentcompeteswithagent,j), (a,agentcontrols,f)
20.0	12.0	0.6	(a,agentcontrols,b) <= (g,agentcontrols,b), (g,proxyfor,b), (a,subpartof,b)
5.0	3.0	0.6	(a,subpartof,b) <= (g,agentcollaborateswithagent,b), (a,proxyfor,b), (g,proxyfor,b)
5.0	3.0	0.6	(a,agentcollaborateswithagent,b) <= (a,agentcontrols,b), (b,persongraduatedfromuniversity,h), (b,persongraduatedschool,h)
5.0	3.0	0.6	(a,agentcollaborateswithagent,b) <= (e,agentcollaborateswithagent,b), (j,ceoof,a), (e,mutualproxyfor,j)
5.0	3.0	0.6	(a,subpartof,b) <= (a,organizationhiredperson,b), (b,proxyfor,h), (b,worksfor,h)
25.0	15.0	0.6	(a,mutualproxyfor,b) <= (e,agentcompeteswithagent,j), (e,mutualproxyfor,b), (j,organizationheadquarteredincity,a)
5.0	3.0	0.6	(a,buildinglocatedincity,b) <= (i,airportincity,b), (a,transportationincity,f), (i,transportationincity,f)
5.0	3.0	0.6	(a,locationlocatedwithinlocation,b) <= (a,citycapitalofcountry,b), (g,citycapitalofcountry,b), (g,proxyfor,b)
10.0	6.0	0.6	(a,agentcollaborateswithagent,b) <= (e,agentcollaborateswithagent,b), (i,athleteledsportsteam,a), (i,personbelongstoorganization,e)
5.0	3.0	0.6	(a,buildinglocatedincity,b) <= (i,airportincity,b), (a,airportincity,f), (i,locationlocatedwithinlocation,f)
5.0	3.0	0.6	(a,agentcollaborateswithagent,b) <= (b,agentcollaborateswithagent,h), (h,proxyfor,b), (a,subpartof,b)
5.0	3.0	0.6	(a,companyalsoknownas,b) <= (f,ceoof,j), (j,companyalsoknownas,b), (a,organizationhiredperson,f)
15.0	9.0	0.6	(a,teamplaysagainstteam,b) <= (a,teamalsoknownas,j), (b,teamhomestadium,f), (j,teamhomestadium,f)
5.0	3.0	0.6	(a,proxyfor,b) <= (h,locationlocatedwithinlocation,a), (a,proxyfor,h), (a,subpartof,b)
5.0	3.0	0.6	(a,buildinglocatedincity,b) <= (a,airportincity,b), (g,attractionofcity,b), (g,locationlocatedwithinlocation,b)
5.0	3.0	0.6	(a,buildinglocatedincity,b) <= (a,airportincity,b), (g,airportincity,b), (g,locationlocatedwithinlocation,b)
5.0	3.0	0.6	(a,worksfor,b) <= (a,journalistwritesforpublication,b), (b,organizationheadquarteredincity,h), (a,personbelongstoorganization,h)
5.0	3.0	0.6	(a,buildinglocatedincity,b) <= (b,agentcompeteswithagent,h), (h,agentcontrols,b), (a,airportincity,b)
5.0	3.0	0.6	(a,buildinglocatedincity,b) <= (a,airportincity,b), (h,attractionofcity,b), (b,cityliesonriver,h)
10.0	6.0	0.6	(a,statelocatedincountry,b) <= (j,stateorprovinceisborderedbystateorprovince,a), (e,stateorprovinceisborderedbystateorprovince,j), (e,subpartof,b)
5.0	3.0	0.6	(a,companyalsoknownas,b) <= (i,companyalsoknownas,f), (a,organizationalsoknownas,f), (i,synonymfor,b)
5.0	3.0	0.6	(a,buildinglocatedincity,b) <= (a,airportincity,j), (j,citycapitalofcountry,f), (b,proxyfor,f)
5.0	3.0	0.6	(a,companyalsoknownas,b) <= (g,companyalsoknownas,b), (g,organizationalsoknownas,b), (a,synonymfor,b)
5.0	3.0	0.6	(a,subpartoforganization,b) <= (f,citylocatedinstate,j), (a,mutualproxyfor,f), (j,subpartoforganization,b)
10.0	6.0	0.6	(a,teamalsoknownas,b) <= (i,agentcompeteswithagent,f), (i,teamalsoknownas,b), (a,teamalsoknownas,f)
20.0	12.0	0.6	(a,mutualproxyfor,b) <= (j,subpartof,b), (a,subpartof,f), (f,worksfor,j)
5.0	3.0	0.6	(a,worksfor,b) <= (i,organizationhiredperson,e), (e,proxyfor,b), (i,subpartof,a)
50.0	30.0	0.6	(a,museumincity,b) <= (i,headquarteredin,f), (a,museumincity,f), (i,organizationheadquarteredincity,b)
10.0	6.0	0.6	(a,organizationheadquarteredincity,b) <= (a,agentcollaborateswithagent,f), (i,mutualproxyfor,f), (i,organizationheadquarteredincity,b)
5.0	3.0	0.6	(a,teamalsoknownas,b) <= (b,agentcompeteswithagent,f), (a,teamalsoknownas,f), (f,teamplaysagainstteam,a)
15.0	9.0	0.6	(a,hotelincity,b) <= (a,hotelincity,f), (f,locationlocatedwithinlocation,j), (j,organizationheadquarteredincity,b)
20.0	12.0	0.6	(a,worksfor,b) <= (i,organizationhiredperson,a), (e,personleadsorganization,b), (i,subpartof,e)
5.0	3.0	0.6	(a,buildinglocatedincity,b) <= (a,airportincity,j), (f,attractionofcity,j), (b,cityliesonriver,f)
5.0	3.0	0.6	(a,buildinglocatedincity,b) <= (a,airportincity,f), (j,attractionofcity,b), (f,cityliesonriver,j)
35.0	21.0	0.6	(a,arthropodcalledarthropod,b) <= (i,agentcompeteswithagent,f), (i,animalsuchasinvertebrate,a), (b,arthropodcalledarthropod,f)
5.0	3.0	0.6	(a,hasofficeincity,b) <= (i,agentcontrols,f), (i,atlocation,b), (a,newspaperincity,f)
5.0	3.0	0.6	(a,arthropodcalledarthropod,b) <= (a,animalsuchasinsect,b), (h,animalsuchasinvertebrate,a), (b,animalsuchasinvertebrate,h)
5.0	3.0	0.6	(a,proxyfor,b) <= (a,citylocatedingeopoliticallocation,b), (a,citylocatedingeopoliticallocation,h), (h,mutualproxyfor,a)
5.0	3.0	0.6	(a,buildinglocatedincity,b) <= (a,buildinglocatedincity,f), (j,locationlocatedwithinlocation,b), (f,mutualproxyfor,j)
5.0	3.0	0.6	(a,statelocatedingeopoliticallocation,b) <= (i,personhasresidenceingeopoliticallocation,f), (i,personleadsorganization,b), (a,statelocatedingeopoliticallocation,f)
5.0	3.0	0.6	(a,teamalsoknownas,b) <= (b,teamalsoknownas,a), (a,teamalsoknownas,h), (a,teamplaysagainstteam,h)
5.0	3.0	0.6	(a,hasofficeincity,b) <= (j,hasofficeincity,b), (a,organizationhiredperson,f), (f,personleadsorganization,j)
20.0	12.0	0.6	(a,worksfor,b) <= (i,mutualproxyfor,e), (i,subpartof,a), (e,worksfor,b)
5.0	3.0	0.6	(a,arthropodcalledarthropod,b) <= (f,animalistypeofanimal,j), (a,arthropodandotherarthropod,j), (b,arthropodcalledarthropod,f)
5.0	3.0	0.6	(a,countrylocatedingeopoliticallocation,b) <= (e,countrylocatedingeopoliticallocation,b), (i,statelocatedincountry,e), (i,subpartof,a)
5.0	3.0	0.6	(a,statelocatedingeopoliticallocation,b) <= (i,citylocatedincountry,b), (i,citylocatedinstate,f), (a,statelocatedingeopoliticallocation,f)
5.0	3.0	0.6	(a,buildinglocatedincity,b) <= (a,buildinglocatedincity,j), (b,organizationterminatedperson,f), (f,worksfor,j)
35.0	21.0	0.6	(a,arthropodcalledarthropod,b) <= (j,agentcompeteswithagent,a), (f,arthropodandotherarthropod,j), (b,arthropodcalledarthropod,f)
5.0	3.0	0.6	(a,specializationof,b) <= (f,arthropodandotherarthropod,j), (j,specializationof,b), (a,specializationof,f)
5.0	3.0	0.6	(a,buildinglocatedincity,b) <= (a,buildinglocatedincity,j), (f,citylocatedingeopoliticallocation,j), (b,mutualproxyfor,f)
5.0	3.0	0.6	(a,topmemberoforganization,b) <= (f,mutualproxyfor,j), (b,producesproduct,f), (a,worksfor,j)
5.0	3.0	0.6	(a,ceoof,b) <= (b,hasofficeincity,h), (b,organizationheadquarteredincity,h), (b,organizationterminatedperson,a)
35.0	21.0	0.6	(a,arthropodcalledarthropod,b) <= (j,agentcompeteswithagent,f), (a,arthropodandotherarthropod,j), (b,arthropodcalledarthropod,f)
5.0	3.0	0.6	(a,worksfor,b) <= (a,personleadsorganization,h), (a,proxyfor,b), (h,subpartof,a)
5.0	3.0	0.6	(a,agentactsinlocation,b) <= (a,agentactsinlocation,f), (f,agentcontrols,j), (j,atlocation,b)
5.0	3.0	0.6	(a,subpartoforganization,b) <= (i,agentbelongstoorganization,a), (i,subpartof,e), (e,subpartoforganization,b)
5.0	3.0	0.6	(a,worksfor,b) <= (i,ceoof,f), (a,proxyfor,f), (i,worksfor,b)
5.0	3.0	0.6	(a,companyalsoknownas,b) <= (h,ceoof,b), (b,organizationalsoknownas,a), (b,organizationterminatedperson,h)
45.0	27.0	0.6	(a,worksfor,b) <= (j,agentbelongstoorganization,b), (f,agentcontrols,j), (a,worksfor,f)
5.0	3.0	0.6	(a,countryalsoknownas,b) <= (b,countryalsoknownas,a), (a,organizationhiredperson,h), (h,personleadsorganization,a)
5.0	3.0	0.6	(a,ceoof,b) <= (j,ceoof,b), (f,organizationterminatedperson,j), (a,proxyfor,f)
45.0	27.0	0.6	(a,arthropodcalledarthropod,b) <= (a,animalpreyson,h), (b,arthropodcalledarthropod,a), (a,arthropodcalledarthropod,h)
5.0	3.0	0.6	(a,animalsuchasinsect,b) <= (b,animalpreyson,a), (a,animalsuchasinsect,h), (h,arthropodcalledarthropod,b)
35.0	21.0	0.6	(a,arthropodcalledarthropod,b) <= (g,agentcompeteswithagent,a), (g,arthropodandotherarthropod,a), (b,arthropodcalledarthropod,a)
5.0	3.0	0.6	(a,proxyfor,b) <= (j,buildinglocatedincity,a), (e,proxyfor,b), (e,proxyfor,j)
25.0	15.0	0.6	(a,personleadsorganization,b) <= (b,mutualproxyfor,a), (h,organizationhiredperson,a), (a,personleadsorganization,h)
10.0	6.0	0.6	(a,proxyfor,b) <= (e,agentactsinlocation,b), (e,atdate,a), (e,proxyfor,b)
35.0	21.0	0.6	(a,arthropodcalledarthropod,b) <= (h,agentcompeteswithagent,a), (a,arthropodandotherarthropod,h), (b,arthropodcalledarthropod,a)
5.0	3.0	0.6	(a,organizationheadquarteredinstateorprovince,b) <= (j,organizationheadquarteredinstateorprovince,b), (a,organizationterminatedperson,f), (f,worksfor,j)
10.0	6.0	0.6	(a,arthropodcalledarthropod,b) <= (b,animalpreyson,h), (a,animalsuchasinvertebrate,h), (b,arthropodcalledarthropod,a)
5.0	3.0	0.6	(a,worksfor,b) <= (i,athleteplaysforteam,b), (i,coachesteam,f), (a,worksfor,f)
35.0	21.0	0.6	(a,arthropodcalledarthropod,b) <= (g,agentcompeteswithagent,a), (g,animalsuchasinvertebrate,a), (b,arthropodcalledarthropod,a)
5.0	3.0	0.6	(a,topmemberoforganization,b) <= (i,agentcontrols,a), (i,mutualproxyfor,f), (b,organizationhiredperson,f)
5.0	3.0	0.6	(a,statelocatedingeopoliticallocation,b) <= (i,proxyfor,f), (a,statelocatedingeopoliticallocation,i), (b,stateorprovinceisborderedbystateorprovince,f)
10.0	6.0	0.6	(a,statelocatedingeopoliticallocation,b) <= (i,atlocation,f), (a,statelocatedingeopoliticallocation,i), (b,stateorprovinceisborderedbystateorprovince,f)
35.0	21.0	0.6	(a,proxyfor,b) <= (i,headquarteredin,a), (i,headquarteredin,f), (b,mutualproxyfor,f)
5.0	3.0	0.6	(a,worksfor,b) <= (a,personleadsorganization,f), (j,proxyfor,b), (f,subpartof,j)
5.0	3.0	0.6	(a,animalsuchasinsect,b) <= (b,animalsuchasinvertebrate,a), (a,animalsuchasinvertebrate,h), (h,arthropodcalledarthropod,b)
5.0	3.0	0.6	(a,proxyfor,b) <= (g,atlocation,a), (g,atlocation,b), (b,mutualproxyfor,a)
5.0	3.0	0.6	(a,companyalsoknownas,b) <= (j,ceoof,a), (e,companyalsoknownas,b), (e,organizationhiredperson,j)
5.0	3.0	0.6	(a,organizationheadquarteredincity,b) <= (b,citylocatedincountry,h), (a,hasofficeincountry,h), (a,headquarteredin,b)
10.0	6.0	0.6	(a,agentcontrols,b) <= (j,agentcontrols,b), (a,agentcontrols,f), (f,atlocation,j)
10.0	6.0	0.6	(a,ceoof,b) <= (b,agentcollaborateswithagent,f), (a,ceoof,j), (f,personleadsorganization,j)
5.0	3.0	0.6	(a,arthropodcalledarthropod,b) <= (a,animalpreyson,h), (b,arthropodcalledarthropod,a), (h,arthropodcalledarthropod,b)
5.0	3.0	0.6	(a,organizationheadquarteredincity,b) <= (a,headquarteredin,b), (a,organizationheadquarteredinstateorprovince,h), (b,proxyfor,h)
5.0	3.0	0.6	(a,citycapitalofcountry,b) <= (g,citycapitalofcountry,b), (g,locationlocatedwithinlocation,b), (a,proxyfor,b)
5.0	3.0	0.6	(a,mutualproxyfor,b) <= (e,atdate,j), (j,mutualproxyfor,a), (e,politicianholdsoffice,b)
5.0	3.0	0.6	(a,topmemberoforganization,b) <= (i,agentcontrols,f), (i,mutualproxyfor,a), (b,organizationterminatedperson,f)
10.0	6.0	0.6	(a,ceoof,b) <= (a,ceoof,j), (b,companyalsoknownas,f), (j,organizationalsoknownas,f)
5.0	3.0	0.6	(a,awardtrophytournamentisthechampionshipgameofthenationalsport,b) <= (e,coachwontrophy,a), (e,personbelongstoorganization,j), (j,teamplayssport,b)
5.0	3.0	0.6	(a,locationlocatedwithinlocation,b) <= (e,locationlocatedwithinlocation,b), (e,mutualproxyfor,j), (j,personhasresidenceingeopoliticallocation,a)
5.0	3.0	0.6	(a,proxyfor,b) <= (i,agentcompeteswithagent,a), (e,proxyfor,b), (i,teamplaysinleague,e)
5.0	3.0	0.6	(a,agentcollaborateswithagent,b) <= (b,agentbelongstoorganization,f), (a,companyalsoknownas,j), (f,companyalsoknownas,j)
5.0	3.0	0.6	(a,proxyfor,b) <= (i,agentactsinlocation,a), (e,atlocation,b), (i,bankbankincountry,e)
5.0	3.0	0.6	(a,worksfor,b) <= (f,personleadsorganization,j), (a,proxyfor,j), (b,subpartof,f)
5.0	3.0	0.6	(a,worksfor,b) <= (j,organizationhiredperson,f), (a,proxyfor,j), (b,subpartof,f)
5.0	3.0	0.6	(a,subpartof,b) <= (h,agentcollaborateswithagent,a), (a,personbelongstoorganization,b), (a,subpartof,h)
5.0	3.0	0.6	(a,ceoof,b) <= (j,agentcollaborateswithagent,b), (f,agentcontrols,j), (a,ceoof,f)
5.0	3.0	0.6	(a,cityalsoknownas,b) <= (a,cityalsoknownas,j), (b,organizationhiredperson,f), (f,worksfor,j)
10.0	6.0	0.6	(a,organizationheadquarteredinstateorprovince,b) <= (i,organizationheadquarteredinstateorprovince,b), (a,organizationhiredperson,f), (i,organizationterminatedperson,f)
5.0	3.0	0.6	(a,arthropodcalledarthropod,b) <= (g,animalistypeofanimal,b), (g,animalthatfeedoninsect,b), (b,arthropodcalledarthropod,a)
5.0	3.0	0.6	(a,arthropodcalledarthropod,b) <= (b,animalsuchasinvertebrate,a), (h,animalsuchasinvertebrate,a), (b,arthropodandotherarthropod,h)
10.0	6.0	0.6	(a,statelocatedincountry,b) <= (i,countryalsoknownas,b), (i,countrylocatedingeopoliticallocation,f), (a,statelocatedincountry,f)
5.0	3.0	0.6	(a,worksfor,b) <= (i,athleteplaysforteam,b), (i,athleteplaysforteam,f), (a,personleadsorganization,f)
10.0	6.0	0.6	(a,proxyfor,b) <= (i,istallerthan,f), (b,locationlocatedwithinlocation,f), (i,organizationdissolvedatdate,a)
15.0	9.0	0.6	(a,worksfor,b) <= (b,organizationhiredperson,h), (a,personleadsorganization,b), (b,subpartof,h)
5.0	3.0	0.6	(a,statelocatedingeopoliticallocation,b) <= (f,countrylocatedingeopoliticallocation,a), (f,locationlocatedwithinlocation,b), (a,statelocatedingeopoliticallocation,f)
5.0	3.0	0.6	(a,countrycurrency,b) <= (i,countrycurrency,b), (a,organizationhiredperson,f), (f,worksfor,i)
15.0	9.0	0.6	(a,hasofficeincity,b) <= (a,automakerproducesmodel,f), (i,hasofficeincity,b), (i,producesproduct,f)
5.0	3.0	0.6	(a,arthropodcalledarthropod,b) <= (a,animalsuchasinvertebrate,b), (a,arthropodandotherarthropod,h), (h,arthropodcalledarthropod,a)
15.0	9.0	0.6	(a,personleadsorganization,b) <= (b,organizationhiredperson,a), (h,subpartof,a), (a,worksfor,h)
5.0	3.0	0.6	(a,organizationalsoknownas,b) <= (b,companyalsoknownas,a), (h,organizationalsoknownas,a), (a,organizationalsoknownas,h)
5.0	3.0	0.6	(a,agentparticipatedinevent,b) <= (e,agentparticipatedinevent,b), (i,athleteplaysforteam,a), (i,coachesteam,e)
5.0	3.0	0.6	(a,agentcollaborateswithagent,b) <= (a,agentcollaborateswithagent,f), (i,hashusband,f), (i,hasspouse,b)
15.0	9.0	0.6	(a,topmemberoforganization,b) <= (f,agentbelongstoorganization,j), (b,agentcollaborateswithagent,f), (a,topmemberoforganization,j)
5.0	3.0	0.6	(a,politicianusmemberofpoliticalgroup,b) <= (f,hashusband,j), (a,politicianusendorsedbypoliticianus,f), (j,politicianusmemberofpoliticalgroup,b)
15.0	9.0	0.6	(a,worksfor,b) <= (f,atlocation,j), (b,competeswith,f), (a,personbelongstoorganization,j)
15.0	9.0	0.6	(a,citylocatedincountry,b) <= (i,citycapitalofcountry,b), (a,citylocatedincountry,f), (i,proxyfor,f)
5.0	3.0	0.6	(a,agentparticipatedinevent,b) <= (e,agentparticipatedinevent,b), (i,athleteplaysforteam,e), (i,coachesteam,a)
5.0	3.0	0.6	(a,teamhomestadium,b) <= (e,athletehomestadium,b), (e,athleteplaysforteam,a), (e,personbelongstoorganization,a)
5.0	3.0	0.6	(a,worksfor,b) <= (j,personleadsorganization,b), (a,proxyfor,f), (f,subpartof,j)
5.0	3.0	0.6	(a,animalsuchasinsect,b) <= (a,animalthatfeedoninsect,b), (a,animalthatfeedoninsect,h), (a,specializationof,h)
15.0	9.0	0.6	(a,organizationalsoknownas,b) <= (b,organizationalsoknownas,a), (a,synonymfor,b)
5.0	3.0	0.6	(a,arthropodandotherarthropod,b) <= (f,animalistypeofanimal,j), (a,arthropodandotherarthropod,j), (b,arthropodcalledarthropod,f)
5.0	3.0	0.6	(a,hasofficeincity,b) <= (i,agentcreated,f), (a,agentinvolvedwithitem,f), (i,hasofficeincity,b)
5.0	3.0	0.6	(a,agentparticipatedinevent,b) <= (e,agentparticipatedinevent,b), (e,organizationterminatedperson,j), (j,personleadsorganization,a)
5.0	3.0	0.6	(a,arthropodcalledarthropod,b) <= (b,agentcompeteswithagent,h), (b,arthropodandotherarthropod,a), (h,arthropodcalledarthropod,b)
5.0	3.0	0.6	(a,proxyfor,b) <= (a,organizationhiredperson,f), (f,personleadsgeopoliticalorganization,j), (j,proxyfor,b)
5.0	3.0	0.6	(a,agentcontrols,b) <= (a,agentcontrols,j), (b,coachesteam,f), (j,worksfor,f)
5.0	3.0	0.6	(a,statelocatedingeopoliticallocation,b) <= (b,agentcollaborateswithagent,f), (f,personbelongstoorganization,j), (a,statelocatedingeopoliticallocation,j)
5.0	3.0	0.6	(a,agentparticipatedinevent,b) <= (a,agentcompeteswithagent,f), (j,agentparticipatedinevent,b), (f,teamalsoknownas,j)
5.0	3.0	0.6	(a,worksfor,b) <= (a,personleadsorganization,b), (a,proxyfor,h), (h,subpartof,a)
5.0	3.0	0.6	(a,arthropodcalledarthropod,b) <= (a,animalsuchasinvertebrate,b), (a,arthropodandotherarthropod,b), (b,arthropodcalledarthropod,a)
5.0	3.0	0.6	(a,agentparticipatedinevent,b) <= (a,agentcompeteswithagent,f), (i,agentparticipatedinevent,b), (i,teamalsoknownas,f)
5.0	3.0	0.6	(a,agentcollaborateswithagent,b) <= (a,agentcollaborateswithagent,j), (f,ceoof,j), (b,organizationterminatedperson,f)
5.0	3.0	0.6	(a,arthropodcalledarthropod,b) <= (b,agentcompeteswithagent,h), (b,animalsuchasinvertebrate,h), (b,arthropodandotherarthropod,a)
5.0	3.0	0.6	(a,statelocatedincountry,b) <= (g,automobilemakerdealersincountry,b), (g,hasofficeincountry,b), (a,statelocatedingeopoliticallocation,b)
10.0	6.0	0.6	(a,agentparticipatedinevent,b) <= (i,agentparticipatedinevent,b), (a,mutualproxyfor,f), (i,organizationhiredperson,f)
15.0	9.0	0.6	(a,companyalsoknownas,b) <= (a,companyalsoknownas,f), (f,organizationterminatedperson,j), (j,topmemberoforganization,b)
5.0	3.0	0.6	(a,animalsuchasinsect,b) <= (a,animalsuchasinsect,h), (a,animalthatfeedoninsect,b), (a,specializationof,h)
5.0	3.0	0.6	(a,proxyfor,b) <= (j,ceoof,b), (f,organizationterminatedperson,j), (a,proxyfor,f)
5.0	3.0	0.6	(a,subpartoforganization,b) <= (i,agentcompeteswithagent,a), (i,subpartof,e), (e,teamalsoknownas,b)
5.0	3.0	0.6	(a,topmemberoforganization,b) <= (b,automakerproducesmodel,f), (j,producesproduct,f), (a,topmemberoforganization,j)
282.0	169.0	0.59929078	(a,animalistypeofanimal,b) <= (i,agentcompeteswithagent,f), (a,animalistypeofanimal,f), (i,specializationof,b)
234.0	140.0	0.598290598	(a,competeswith,b) <= (e,agentactsinlocation,j), (e,competeswith,b), (j,mutualproxyfor,a)
159.0	95.0	0.597484277	(a,agentcontrols,b) <= (b,agentbelongstoorganization,a), (b,subpartof,a)
159.0	95.0	0.597484277	(a,agentcontrols,b) <= (b,agentbelongstoorganization,a), (b,agentbelongstoorganization,h), (b,subpartof,h)
631.0	377.0	0.597464342	(a,teamplaysagainstteam,b) <= (b,organizationhiredperson,h), (b,teamplaysagainstteam,a), (h,worksfor,b)
72.0	43.0	0.597222222	(a,subpartof,b) <= (i,organizationhiredperson,f), (a,organizationterminatedperson,f), (i,subpartof,b)
201.0	120.0	0.597014925	(a,teamplaysagainstteam,b) <= (g,coachesteam,b), (b,teamplaysagainstteam,a), (g,worksfor,b)
62.0	37.0	0.596774194	(a,organizationheadquarteredincity,b) <= (g,organizationheadquarteredincity,b), (g,radiostationincity,b), (a,televisionstationincity,b)
62.0	37.0	0.596774194	(a,organizationheadquarteredincity,b) <= (i,organizationheadquarteredincity,f), (i,radiostationincity,b), (a,televisionstationincity,f)
248.0	148.0	0.596774194	(a,locationlocatedwithinlocation,b) <= (a,locationlocatedwithinlocation,j), (b,organizationhiredperson,f), (j,organizationterminatedperson,f)
176.0	105.0	0.596590909	(a,persongraduatedfromuniversity,b) <= (j,organizationalsoknownas,b), (f,organizationalsoknownas,j), (a,persongraduatedschool,f)
57.0	34.0	0.596491228	(a,animalpreyson,b) <= (f,agentcompeteswithagent,j), (a,animalpreyson,f), (j,specializationof,b)
114.0	68.0	0.596491228	(a,synonymfor,b) <= (f,organizationalsoknownas,j), (j,synonymfor,b), (a,synonymfor,f)
52.0	31.0	0.596153846	(a,worksfor,b) <= (i,airportincity,f), (i,buildinglocatedincity,b), (a,worksfor,f)
47.0	28.0	0.595744681	(a,worksfor,b) <= (h,agentcollaborateswithagent,a), (a,personleadsorganization,b), (a,personleadsorganization,h)
47.0	28.0	0.595744681	(a,personleadsorganization,b) <= (b,organizationhiredperson,a), (g,personleadsorganization,b), (g,worksfor,b)
47.0	28.0	0.595744681	(a,ceoof,b) <= (e,ceoof,b), (j,organizationterminatedperson,a), (e,personleadsorganization,j)
47.0	28.0	0.595744681	(a,competeswith,b) <= (a,agentcontrols,h), (b,competeswith,a), (h,competeswith,a)
215.0	128.0	0.595348837	(a,teamplaysagainstteam,b) <= (g,teamalsoknownas,a), (b,teamplaysagainstteam,a), (g,teamplaysagainstteam,a)
42.0	25.0	0.595238095	(a,animalistypeofanimal,b) <= (a,agentcompeteswithagent,b), (b,animalistypeofanimal,h), (h,specializationof,b)
210.0	125.0	0.595238095	(a,agentinvolvedwithitem,b) <= (e,agentcollaborateswithagent,j), (e,agentinvolvedwithitem,b), (j,worksfor,a)
447.0	266.0	0.5950783	(a,athleteledsportsteam,b) <= (a,athleteledsportsteam,f), (i,athleteledsportsteam,f), (i,athleteplaysforteam,b)
121.0	72.0	0.595041322	(a,proxyfor,b) <= (a,locationlocatedwithinlocation,b), (g,personborninlocation,b), (g,personmovedtostateorprovince,b)
1217.0	724.0	0.594905505	(a,agentcollaborateswithagent,b) <= (j,agentcollaborateswithagent,b), (a,agentcollaborateswithagent,f), (f,agentcontrols,j)
74.0	44.0	0.594594595	(a,organizationterminatedperson,b) <= (f,organizationhiredperson,j), (j,topmemberoforganization,a), (b,topmemberoforganization,f)
37.0	22.0	0.594594595	(a,arthropodcalledarthropod,b) <= (a,animalthatfeedoninsect,h), (h,arthropodandotherarthropod,a), (b,arthropodcalledarthropod,a)
37.0	22.0	0.594594595	(a,organizationterminatedperson,b) <= (a,mutualproxyfor,b), (a,mutualproxyfor,h), (h,topmemberoforganization,a)
37.0	22.0	0.594594595	(a,teamplaysinleague,b) <= (e,athleteplaysinleague,b), (j,teamplaysagainstteam,a), (e,worksfor,j)
74.0	44.0	0.594594595	(a,worksfor,b) <= (i,topmemberoforganization,f), (i,worksfor,b), (a,worksfor,f)
170.0	101.0	0.594117647	(a,atlocation,b) <= (i,citylocatedinstate,b), (i,citylocatedinstate,f), (a,subpartof,f)
32.0	19.0	0.59375	(a,animalpreyson,b) <= (h,animalistypeofanimal,a), (b,animalpreyson,a), (a,animalthatfeedoninsect,h)
32.0	19.0	0.59375	(a,teamplaysagainstteam,b) <= (b,teamalsoknownas,a), (g,teamplaysagainstteam,a), (g,teamplaysagainstteam,b)
32.0	19.0	0.59375	(a,competeswith,b) <= (a,competeswith,j), (b,organizationterminatedperson,f), (f,worksfor,j)
315.0	187.0	0.593650794	(a,subpartoforganization,b) <= (i,personleadsorganization,f), (a,subpartoforganization,f), (i,worksfor,b)
91.0	54.0	0.593406593	(a,persongraduatedfromuniversity,b) <= (a,personbelongstoorganization,f), (i,synonymfor,b), (i,teamalsoknownas,f)
226.0	134.0	0.592920354	(a,agentbelongstoorganization,b) <= (b,agentcontrols,a), (b,agentcontrols,g), (g,subpartof,b)
27.0	16.0	0.592592593	(a,invertebratefeedonfood,b) <= (a,arthropodandotherarthropod,f), (j,invertebratefeedonfood,b), (f,specializationof,j)
27.0	16.0	0.592592593	(a,politicianrepresentslocation,b) <= (b,organizationhiredperson,f), (j,organizationterminatedperson,f), (a,politicianrepresentslocation,j)
27.0	16.0	0.592592593	(a,proxyfor,b) <= (b,mutualproxyfor,f), (i,newspaperincity,a), (i,newspaperincity,f)
81.0	48.0	0.592592593	(a,organizationterminatedperson,b) <= (a,organizationhiredperson,f), (i,subpartof,b), (i,subpartof,f)
54.0	32.0	0.592592593	(a,organizationterminatedperson,b) <= (b,ceoof,h), (a,organizationhiredperson,b), (h,organizationhiredperson,b)
27.0	16.0	0.592592593	(a,invertebratefeedonfood,b) <= (i,agentcompeteswithagent,a), (i,arthropodcalledarthropod,e), (e,invertebratefeedonfood,b)
27.0	16.0	0.592592593	(a,hasspouse,b) <= (b,hashusband,f), (j,hasspouse,f), (a,hasspouse,j)
27.0	16.0	0.592592593	(a,invertebratefeedonfood,b) <= (j,agentcompeteswithagent,a), (e,animalthatfeedoninsect,j), (e,invertebratefeedonfood,b)
27.0	16.0	0.592592593	(a,organizationheadquarteredincity,b) <= (f,ceoof,j), (j,organizationheadquarteredincity,b), (a,organizationterminatedperson,f)
54.0	32.0	0.592592593	(a,organizationterminatedperson,b) <= (a,mutualproxyfor,f), (i,organizationhiredperson,f), (i,organizationterminatedperson,b)
373.0	221.0	0.592493298	(a,mutualproxyfor,b) <= (i,citylocatedingeopoliticallocation,e), (e,mutualproxyfor,b), (i,proxyfor,a)
103.0	61.0	0.59223301	(a,agentcontrols,b) <= (b,agentcollaborateswithagent,a), (b,subpartof,a)
250.0	148.0	0.592	(a,teamplaysagainstteam,b) <= (a,teamalsoknownas,h), (b,teamplaysagainstteam,a), (a,teamplaysagainstteam,h)
125.0	74.0	0.592	(a,agentcontrols,b) <= (a,acquired,j), (f,acquired,j), (b,agentcollaborateswithagent,f)
49.0	29.0	0.591836735	(a,subpartof,b) <= (i,mutualproxyfor,f), (a,organizationhiredperson,f), (i,subpartof,b)
318.0	188.0	0.591194969	(a,persongraduatedschool,b) <= (j,persongraduatedfromuniversity,b), (a,persongraduatedschool,f), (f,synonymfor,j)
264.0	156.0	0.590909091	(a,agentbelongstoorganization,b) <= (f,agentbelongstoorganization,j), (b,agentcontrols,f), (a,subpartof,j)
22.0	13.0	0.590909091	(a,proxyfor,b) <= (b,locationlocatedwithinlocation,f), (a,locationlocatedwithinlocation,j), (f,newspaperincity,j)
22.0	13.0	0.590909091	(a,personleadsorganization,b) <= (b,mutualproxyfor,a), (b,organizationterminatedperson,a), (a,worksfor,b)
22.0	13.0	0.590909091	(a,personleadsorganization,b) <= (b,mutualproxyfor,h), (b,organizationterminatedperson,a), (h,worksfor,b)
22.0	13.0	0.590909091	(a,proxyfor,b) <= (a,locationlocatedwithinlocation,b), (b,locationlocatedwithinlocation,h), (h,newspaperincity,b)
22.0	13.0	0.590909091	(a,mountaininstate,b) <= (i,citylocatedingeopoliticallocation,f), (a,mountaininstate,f), (i,proxyfor,b)
22.0	13.0	0.590909091	(a,organizationterminatedperson,b) <= (g,mutualproxyfor,b), (g,organizationhiredperson,b), (b,worksfor,a)
22.0	13.0	0.590909091	(a,synonymfor,b) <= (a,organizationalsoknownas,b), (h,synonymfor,a), (a,synonymfor,h)
22.0	13.0	0.590909091	(a,proxyfor,b) <= (a,locationlocatedwithinlocation,b), (b,mutualproxyfor,h), (b,subpartof,h)
22.0	13.0	0.590909091	(a,mutualproxyfor,b) <= (a,mutualproxyfor,f), (j,subpartof,b), (f,worksfor,j)
22.0	13.0	0.590909091	(a,proxyfor,b) <= (b,agentcompeteswithagent,h), (h,headquarteredin,b), (a,locationlocatedwithinlocation,b)
22.0	13.0	0.590909091	(a,proxyfor,b) <= (b,agentcompeteswithagent,h), (a,locationlocatedwithinlocation,b), (h,organizationheadquarteredincity,b)
22.0	13.0	0.590909091	(a,proxyfor,b) <= (b,citylocatedincountry,h), (a,locationlocatedwithinlocation,b), (b,subpartof,h)
22.0	13.0	0.590909091	(a,proxyfor,b) <= (a,locationlocatedwithinlocation,b), (b,locationlocatedwithinlocation,h), (h,organizationheadquarteredincity,b)
22.0	13.0	0.590909091	(a,athleteplaysforteam,b) <= (a,athleteledsportsteam,b), (g,athleteplaysforteam,b), (g,worksfor,b)
44.0	26.0	0.590909091	(a,organizationterminatedperson,b) <= (e,subpartof,b), (i,topmemberoforganization,a), (i,topmemberoforganization,e)
22.0	13.0	0.590909091	(a,teamplaysinleague,b) <= (e,agentcontrols,b), (e,teamplaysagainstteam,a), (e,teamplaysinleague,b)
22.0	13.0	0.590909091	(a,proxyfor,b) <= (i,attractionofcity,b), (a,locationlocatedwithinlocation,f), (i,subpartof,f)
22.0	13.0	0.590909091	(a,proxyfor,b) <= (g,attractionofcity,b), (a,locationlocatedwithinlocation,b), (g,subpartof,b)
22.0	13.0	0.590909091	(a,proxyfor,b) <= (a,locationlocatedwithinlocation,b), (g,newspaperincity,b), (g,organizationheadquarteredincity,b)
22.0	13.0	0.590909091	(a,worksfor,b) <= (b,mutualproxyfor,a), (b,organizationterminatedperson,a), (a,personleadsorganization,b)
22.0	13.0	0.590909091	(a,proxyfor,b) <= (a,agentcontrols,b), (g,agentcontrols,b), (g,subpartof,b)
22.0	13.0	0.590909091	(a,proxyfor,b) <= (a,locationlocatedwithinlocation,f), (i,newspaperincity,b), (i,organizationheadquarteredincity,f)
22.0	13.0	0.590909091	(a,proxyfor,b) <= (g,headquarteredin,b), (a,locationlocatedwithinlocation,b), (g,newspaperincity,b)
22.0	13.0	0.590909091	(a,animalpreyson,b) <= (b,animalpreyson,h), (a,arthropodandotherarthropod,b), (h,arthropodcalledarthropod,b)
22.0	13.0	0.590909091	(a,companyeconomicsector,b) <= (e,companyeconomicsector,b), (i,topmemberoforganization,a), (i,worksfor,e)
22.0	13.0	0.590909091	(a,bankbankincountry,b) <= (a,bankbankincountry,f), (i,citylocatedincountry,b), (i,citylocatedingeopoliticallocation,f)
22.0	13.0	0.590909091	(a,personhascitizenship,b) <= (a,personhascitizenship,f), (i,proxyfor,f), (i,subpartof,b)
149.0	88.0	0.590604027	(a,subpartof,b) <= (i,agentbelongstoorganization,b), (a,agentcollaborateswithagent,f), (i,subpartof,f)
149.0	88.0	0.590604027	(a,subpartof,b) <= (g,agentbelongstoorganization,b), (a,agentcollaborateswithagent,b), (g,subpartof,b)
149.0	88.0	0.590604027	(a,countrylocatedingeopoliticallocation,b) <= (i,bankbankincountry,a), (i,hasofficeincountry,e), (e,locationlocatedwithinlocation,b)
105.0	62.0	0.59047619	(a,teamplaysagainstteam,b) <= (a,agentcollaborateswithagent,h), (h,athleteledsportsteam,a), (b,teamplaysagainstteam,a)
83.0	49.0	0.590361446	(a,organizationterminatedperson,b) <= (e,organizationhiredperson,b), (e,organizationhiredperson,j), (j,topmemberoforganization,a)
61.0	36.0	0.590163934	(a,organizationterminatedperson,b) <= (a,organizationhiredperson,b), (a,organizationhiredperson,h), (a,subpartof,h)
61.0	36.0	0.590163934	(a,organizationterminatedperson,b) <= (a,organizationhiredperson,b), (g,organizationhiredperson,b), (g,subpartof,b)
61.0	36.0	0.590163934	(a,personleadsorganization,b) <= (b,mutualproxyfor,h), (a,worksfor,b), (h,worksfor,b)
61.0	36.0	0.590163934	(a,topmemberoforganization,b) <= (j,mutualproxyfor,a), (e,topmemberoforganization,b), (e,topmemberoforganization,j)
122.0	72.0	0.590163934	(a,locationlocatedwithinlocation,b) <= (g,personborninlocation,b), (g,personmovedtostateorprovince,b), (a,proxyfor,b)
61.0	36.0	0.590163934	(a,organizationterminatedperson,b) <= (a,organizationhiredperson,h), (a,subpartof,b), (a,subpartof,h)
61.0	36.0	0.590163934	(a,organizationterminatedperson,b) <= (a,organizationhiredperson,b), (a,subpartof,b)
61.0	36.0	0.590163934	(a,organizationterminatedperson,b) <= (i,organizationhiredperson,b), (a,organizationhiredperson,f), (i,subpartof,f)
100.0	59.0	0.59	(a,atlocation,b) <= (b,statehascapital,f), (j,statehascapital,f), (a,subpartof,j)
78.0	46.0	0.58974359	(a,companyeconomicsector,b) <= (f,ceoof,j), (j,companyeconomicsector,b), (a,organizationterminatedperson,f)
39.0	23.0	0.58974359	(a,worksfor,b) <= (b,mutualproxyfor,a), (h,organizationterminatedperson,a), (a,worksfor,h)
39.0	23.0	0.58974359	(a,atdate,b) <= (j,atdate,b), (e,attractionofcity,j), (e,locationlocatedwithinlocation,a)
192.0	113.0	0.588541667	(a,proxyfor,b) <= (g,citylocatedinstate,b), (a,locationlocatedwithinlocation,b), (g,mutualproxyfor,b)
51.0	30.0	0.588235294	(a,animalsuchasinvertebrate,b) <= (j,agentcompeteswithagent,b), (a,animalsuchasinvertebrate,f), (f,arthropodcalledarthropod,j)
17.0	10.0	0.588235294	(a,agentcompeteswithagent,b) <= (b,agentcompeteswithagent,a), (b,organizationhiredperson,h), (h,personleadsorganization,b)
17.0	10.0	0.588235294	(a,proxyfor,b) <= (a,agentcontrols,b), (a,subpartof,b)
51.0	30.0	0.588235294	(a,organizationterminatedperson,b) <= (b,ceoof,a), (a,organizationhiredperson,b)
17.0	10.0	0.588235294	(a,animalpreyson,b) <= (b,animalistypeofanimal,h), (a,animalpreyson,h), (b,specializationof,a)
17.0	10.0	0.588235294	(a,arthropodandotherarthropod,b) <= (a,animalpreyson,b), (h,arthropodandotherarthropod,b), (b,arthropodcalledarthropod,h)
17.0	10.0	0.588235294	(a,bankbankincountry,b) <= (e,bankbankincountry,b), (i,personleadsorganization,a), (i,worksfor,e)
17.0	10.0	0.588235294	(a,hasspouse,b) <= (f,hashusband,j), (j,hasspouse,a), (b,hasspouse,f)
17.0	10.0	0.588235294	(a,agentcompeteswithagent,b) <= (b,agentcompeteswithagent,a), (b,organizationterminatedperson,h), (h,personleadsorganization,b)
17.0	10.0	0.588235294	(a,coachwontrophy,b) <= (e,athleteplaysforteam,j), (e,personalsoknownas,a), (j,teamwontrophy,b)
34.0	20.0	0.588235294	(a,competeswith,b) <= (b,competeswith,a), (a,organizationterminatedperson,h), (h,topmemberoforganization,a)
17.0	10.0	0.588235294	(a,countryalsoknownas,b) <= (j,countryalsoknownas,a), (e,hasofficeincountry,b), (e,organizationheadquarteredincountry,j)
17.0	10.0	0.588235294	(a,arthropodcalledarthropod,b) <= (b,animalsuchasinvertebrate,h), (b,arthropodcalledarthropod,a), (h,arthropodcalledarthropod,a)
17.0	10.0	0.588235294	(a,organizationhiredperson,b) <= (b,personleadsorganization,h), (a,subpartof,b), (b,worksfor,h)
153.0	90.0	0.588235294	(a,teamplaysagainstteam,b) <= (a,agentcollaborateswithagent,h), (h,personbelongstoorganization,a), (b,teamplaysagainstteam,a)
34.0	20.0	0.588235294	(a,subpartoforganization,b) <= (j,coachesteam,a), (e,organizationhiredperson,j), (e,subpartoforganization,b)
51.0	30.0	0.588235294	(a,organizationterminatedperson,b) <= (b,ceoof,a), (b,ceoof,h), (h,organizationhiredperson,b)
34.0	20.0	0.588235294	(a,organizationhiredperson,b) <= (b,coachesteam,a), (h,organizationhiredperson,b), (b,worksfor,h)
17.0	10.0	0.588235294	(a,organizationterminatedperson,b) <= (e,organizationterminatedperson,b), (i,personbelongstoorganization,e), (i,personleadsorganization,a)
68.0	40.0	0.588235294	(a,teamplaysagainstteam,b) <= (b,agentcompeteswithagent,h), (b,teamplaysagainstteam,a), (h,teamplaysagainstteam,a)
34.0	20.0	0.588235294	(a,athleteplaysforteam,b) <= (b,agentcollaborateswithagent,h), (a,athleteledsportsteam,b), (h,personbelongstoorganization,b)
17.0	10.0	0.588235294	(a,animalsuchasinvertebrate,b) <= (a,animalpreyson,b), (g,arthropodandotherarthropod,b), (g,arthropodcalledarthropod,b)
17.0	10.0	0.588235294	(a,teamwontrophy,b) <= (i,athleteplaysforteam,f), (i,coachwontrophy,b), (a,teamalsoknownas,f)
68.0	40.0	0.588235294	(a,organizationalsoknownas,b) <= (a,organizationalsoknownas,j), (f,organizationalsoknownas,j), (b,synonymfor,f)
17.0	10.0	0.588235294	(a,personleadsorganization,b) <= (g,proxyfor,b), (a,worksfor,b), (g,worksfor,b)
17.0	10.0	0.588235294	(a,automakerproducesmodel,b) <= (i,agentcreated,b), (i,mutualproxyfor,f), (a,organizationhiredperson,f)
17.0	10.0	0.588235294	(a,agriculturalproductgrowinginstateorprovince,b) <= (a,agriculturalproductgrowinginstateorprovince,f), (f,organizationhiredperson,j), (j,personbelongstoorganization,b)
34.0	20.0	0.588235294	(a,ceoof,b) <= (a,ceoof,j), (b,organizationterminatedperson,f), (f,personleadsorganization,j)
51.0	30.0	0.588235294	(a,topmemberoforganization,b) <= (f,organizationterminatedperson,j), (a,personleadsorganization,f), (j,topmemberoforganization,b)
17.0	10.0	0.588235294	(a,organizationhiredperson,b) <= (b,personleadsorganization,f), (a,subpartof,j), (j,worksfor,f)
17.0	10.0	0.588235294	(a,animalpreyson,b) <= (b,animalpreyson,a), (g,animalpreyson,a), (g,animalsuchasinvertebrate,b)
51.0	30.0	0.588235294	(a,organizationterminatedperson,b) <= (b,ceoof,a), (h,ceoof,a), (a,organizationhiredperson,h)
17.0	10.0	0.588235294	(a,subpartoforganization,b) <= (e,subpartoforganization,b), (i,topmemberoforganization,a), (i,worksfor,e)
17.0	10.0	0.588235294	(a,agentcollaborateswithagent,b) <= (b,agentcollaborateswithagent,a), (h,agentcollaborateswithagent,b), (b,worksfor,h)
17.0	10.0	0.588235294	(a,organizationheadquarteredincity,b) <= (i,organizationheadquarteredincity,b), (i,organizationhiredperson,f), (a,organizationterminatedperson,f)
17.0	10.0	0.588235294	(a,agentcompeteswithagent,b) <= (i,agentcompeteswithagent,a), (i,organizationterminatedperson,e), (e,personleadsorganization,b)
17.0	10.0	0.588235294	(a,organizationterminatedperson,b) <= (f,agentcontrols,j), (j,mutualproxyfor,b), (a,organizationterminatedperson,f)
51.0	30.0	0.588235294	(a,personleadsorganization,b) <= (e,ceoof,j), (j,organizationterminatedperson,a), (e,personleadsorganization,b)
80.0	47.0	0.5875	(a,teamwontrophy,b) <= (i,athleteledsportsteam,e), (i,personbelongstoorganization,a), (e,teamwontrophy,b)
155.0	91.0	0.587096774	(a,teamplaysagainstteam,b) <= (g,teamalsoknownas,a), (b,teamplaysagainstteam,a), (g,teamplaysagainstteam,b)
155.0	91.0	0.587096774	(a,teamplaysagainstteam,b) <= (g,teamalsoknownas,b), (b,teamplaysagainstteam,a), (g,teamplaysagainstteam,a)
46.0	27.0	0.586956522	(a,agriculturalproductcamefromcountry,b) <= (a,agriculturalproductcamefromcountry,f), (i,locationlocatedwithinlocation,b), (i,proxyfor,f)
46.0	27.0	0.586956522	(a,arthropodcalledarthropod,b) <= (g,agentcompeteswithagent,a), (b,arthropodcalledarthropod,a), (g,arthropodcalledarthropod,a)
46.0	27.0	0.586956522	(a,competeswith,b) <= (b,competeswith,a), (a,hasofficeincity,h), (a,newspaperincity,h)
46.0	27.0	0.586956522	(a,teamplaysagainstteam,b) <= (b,agentcompeteswithagent,h), (h,teamalsoknownas,b), (b,teamplaysagainstteam,a)
75.0	44.0	0.586666667	(a,agentcollaborateswithagent,b) <= (i,agentbelongstoorganization,e), (i,agentcollaborateswithagent,a), (e,agentcollaborateswithagent,b)
104.0	61.0	0.586538462	(a,agentcontrols,b) <= (b,agentcollaborateswithagent,a), (b,agentcollaborateswithagent,h), (b,subpartof,h)
29.0	17.0	0.586206897	(a,mutualproxyfor,b) <= (f,agentcontrols,j), (j,mutualproxyfor,b), (a,mutualproxyfor,f)
232.0	136.0	0.586206897	(a,politicianholdsoffice,b) <= (i,personhasjobposition,b), (a,politicianholdsoffice,f), (i,politicianusholdsoffice,f)
58.0	34.0	0.586206897	(a,organizationhiredperson,b) <= (e,organizationhiredperson,b), (i,personbelongstoorganization,a), (i,subpartof,e)
29.0	17.0	0.586206897	(a,automakerproducesmodel,b) <= (j,agentcontrols,a), (e,agentcontrols,j), (e,agentinvolvedwithitem,b)
41.0	24.0	0.585365854	(a,animalsuchasinsect,b) <= (i,agentcompeteswithagent,e), (e,animalsuchasinsect,b), (i,arthropodcalledarthropod,a)
41.0	24.0	0.585365854	(a,locationlocatedwithinlocation,b) <= (a,locationlocatedwithinlocation,f), (i,statelocatedingeopoliticallocation,f), (i,subpartof,b)
176.0	103.0	0.585227273	(a,subpartof,b) <= (e,agentbelongstoorganization,b), (j,agentcontrols,a), (e,subpartof,j)
94.0	55.0	0.585106383	(a,organizationhiredperson,b) <= (i,athleteplaysforteam,a), (i,athleteplaysforteam,f), (b,worksfor,f)
106.0	62.0	0.58490566	(a,organizationheadquarteredincountry,b) <= (a,organizationheadquarteredincountry,f), (f,organizationhiredperson,i), (i,worksfor,b)
53.0	31.0	0.58490566	(a,sportfansincountry,b) <= (i,personbelongstoorganization,b), (i,personbelongstoorganization,f), (a,sportschoolincountry,f)
53.0	31.0	0.58490566	(a,arthropodandotherarthropod,b) <= (f,agentcompeteswithagent,j), (a,arthropodandotherarthropod,j), (b,arthropodcalledarthropod,f)
89.0	52.0	0.584269663	(a,animalpreyson,b) <= (g,animalistypeofanimal,a), (b,animalpreyson,a), (g,animalpreyson,b)
101.0	59.0	0.584158416	(a,persongraduatedschool,b) <= (a,personbelongstoorganization,f), (j,synonymfor,b), (f,teamalsoknownas,j)
101.0	59.0	0.584158416	(a,teamplaysinleague,b) <= (e,coachesinleague,b), (j,teamplaysagainstteam,a), (e,worksfor,j)
12.0	7.0	0.583333333	(a,organizationhiredperson,b) <= (h,organizationterminatedperson,b), (b,personleadsorganization,h), (a,subpartof,b)
12.0	7.0	0.583333333	(a,worksfor,b) <= (a,personleadsorganization,f), (i,televisionstationaffiliatedwith,b), (i,televisionstationaffiliatedwith,f)
12.0	7.0	0.583333333	(a,animalthatfeedoninsect,b) <= (a,animalsuchasinsect,b), (g,animalthatfeedoninsect,a), (g,animalthatfeedoninsect,b)
12.0	7.0	0.583333333	(a,organizationheadquarteredincity,b) <= (b,citylocatedincountry,h), (a,hasofficeincity,b), (h,mutualproxyfor,b)
12.0	7.0	0.583333333	(a,animalsuchasinsect,b) <= (a,animalistypeofanimal,h), (a,animalthatfeedoninsect,b), (a,animalthatfeedoninsect,h)
12.0	7.0	0.583333333	(a,organizationheadquarteredincity,b) <= (a,organizationheadquarteredincity,f), (f,organizationhiredperson,j), (j,personhasresidenceingeopoliticallocation,b)
12.0	7.0	0.583333333	(a,sportusesstadium,b) <= (i,sportsgamesport,a), (i,sportsgamewinner,e), (e,teamhomestadium,b)
36.0	21.0	0.583333333	(a,organizationterminatedperson,b) <= (i,ceoof,a), (e,organizationterminatedperson,b), (i,worksfor,e)
12.0	7.0	0.583333333	(a,companyeconomicsector,b) <= (i,agentcollaborateswithagent,f), (a,agentcontrols,f), (i,companyeconomicsector,b)
24.0	14.0	0.583333333	(a,topmemberoforganization,b) <= (j,mutualproxyfor,f), (b,subpartof,f), (a,topmemberoforganization,j)
24.0	14.0	0.583333333	(a,arthropodcalledarthropod,b) <= (b,animalsuchasinvertebrate,a), (g,arthropodcalledarthropod,a), (g,arthropodcalledarthropod,b)
36.0	21.0	0.583333333	(a,weaponmadeincountry,b) <= (e,citylocatedincountry,b), (e,citylocatedingeopoliticallocation,j), (a,weaponmadeincountry,j)
12.0	7.0	0.583333333	(a,atlocation,b) <= (e,atlocation,b), (i,buildinglocatedincity,e), (i,locationlocatedwithinlocation,a)
12.0	7.0	0.583333333	(a,teamplayssport,b) <= (i,athleteplaysforteam,a), (i,personbelongstoorganization,e), (e,teamplayssport,b)
12.0	7.0	0.583333333	(a,cityliesonriver,b) <= (e,cityliesonriver,b), (i,proxyfor,e), (i,subpartof,a)
12.0	7.0	0.583333333	(a,companyalsoknownas,b) <= (e,companyalsoknownas,b), (e,companyalsoknownas,j), (j,organizationalsoknownas,a)
12.0	7.0	0.583333333	(a,politicianusendorsedbypoliticianus,b) <= (e,agentcollaborateswithagent,b), (e,agentcontrols,j), (j,politicianusendorsedbypoliticianus,a)
12.0	7.0	0.583333333	(a,organizationhiredperson,b) <= (f,organizationterminatedperson,j), (b,personleadsorganization,f), (a,subpartof,j)
12.0	7.0	0.583333333	(a,teamhomestadium,b) <= (i,athleteplaysforteam,a), (i,personbelongstoorganization,e), (e,teamhomestadium,b)
12.0	7.0	0.583333333	(a,organizationhiredperson,b) <= (i,buildinglocatedincity,a), (e,organizationhiredperson,b), (i,subpartof,e)
24.0	14.0	0.583333333	(a,ceoof,b) <= (f,ceoof,j), (b,organizationhiredperson,f), (a,topmemberoforganization,j)
24.0	14.0	0.583333333	(a,countryalsoknownas,b) <= (e,citylocatedincountry,b), (j,countryalsoknownas,a), (e,proxyfor,j)
36.0	21.0	0.583333333	(a,countrylocatedingeopoliticallocation,b) <= (j,countrylocatedingeopoliticallocation,f), (a,countrylocatedingeopoliticallocation,j), (b,statelocatedingeopoliticallocation,f)
12.0	7.0	0.583333333	(a,statelocatedingeopoliticallocation,b) <= (f,countryalsoknownas,b), (f,countrylocatedingeopoliticallocation,a), (a,statelocatedingeopoliticallocation,f)
12.0	7.0	0.583333333	(a,cityalsoknownas,b) <= (a,cityalsoknownas,f), (i,hasofficeincity,f), (i,organizationheadquarteredincity,b)
24.0	14.0	0.583333333	(a,mutualproxyfor,b) <= (f,mutualproxyfor,j), (a,organizationhiredperson,j), (b,personleadsorganization,f)
132.0	77.0	0.583333333	(a,animalpreyson,b) <= (b,animalpreyson,a), (h,animalpreyson,b), (b,specializationof,h)
12.0	7.0	0.583333333	(a,agentbelongstoorganization,b) <= (e,agentbelongstoorganization,b), (j,agentcollaborateswithagent,a), (e,subpartof,j)
12.0	7.0	0.583333333	(a,animalpreyson,b) <= (b,animalistypeofanimal,h), (b,animalpreyson,a), (a,specializationof,h)
36.0	21.0	0.583333333	(a,sportsgameteam,b) <= (b,agentcollaborateswithagent,f), (f,athleteplaysforteam,j), (a,sportsgameteam,j)
12.0	7.0	0.583333333	(a,politicianusendorsedbypoliticianus,b) <= (b,agentcollaborateswithagent,f), (f,agentcontrols,j), (j,politicianusendorsedbypoliticianus,a)
12.0	7.0	0.583333333	(a,stateorprovinceisborderedbystateorprovince,b) <= (e,organizationhiredperson,j), (j,personbelongstoorganization,a), (e,stateorprovinceisborderedbystateorprovince,b)
12.0	7.0	0.583333333	(a,organizationhiredperson,b) <= (i,mountaininstate,a), (i,mountaininstate,f), (b,worksfor,f)
144.0	84.0	0.583333333	(a,atlocation,b) <= (g,citylocatedinstate,b), (g,proxyfor,b), (a,subpartof,b)
12.0	7.0	0.583333333	(a,topmemberoforganization,b) <= (f,organizationhiredperson,j), (a,personleadsorganization,f), (j,topmemberoforganization,b)
12.0	7.0	0.583333333	(a,organizationterminatedperson,b) <= (b,personleadsorganization,a), (b,topmemberoforganization,h), (b,worksfor,h)
12.0	7.0	0.583333333	(a,agentactsinlocation,b) <= (a,agentactsinlocation,f), (i,personhasresidenceingeopoliticallocation,f), (i,worksfor,b)
12.0	7.0	0.583333333	(a,organizationhiredperson,b) <= (e,agentcompeteswithagent,j), (j,headquarteredin,a), (e,organizationhiredperson,b)
12.0	7.0	0.583333333	(a,politicianrepresentslocation,b) <= (a,politicianrepresentslocation,f), (i,statelocatedincountry,b), (i,subpartof,f)
60.0	35.0	0.583333333	(a,atdate,b) <= (j,atdate,b), (f,organizationacronymhasname,j), (a,organizationalsoknownas,f)
12.0	7.0	0.583333333	(a,companyalsoknownas,b) <= (j,companyalsoknownas,b), (f,companyalsoknownas,j), (a,organizationalsoknownas,f)
12.0	7.0	0.583333333	(a,mutualproxyfor,b) <= (g,agentcollaborateswithagent,b), (a,agentcontrols,b), (g,mutualproxyfor,b)
12.0	7.0	0.583333333	(a,atlocation,b) <= (a,atlocation,f), (i,citycapitalofcountry,b), (i,citylocatedincountry,f)
12.0	7.0	0.583333333	(a,companyalsoknownas,b) <= (e,companyalsoknownas,b), (i,personleadsorganization,e), (i,worksfor,a)
24.0	14.0	0.583333333	(a,animalthatfeedoninsect,b) <= (h,animalsuchasinvertebrate,a), (a,animalthatfeedoninsect,h), (b,arthropodandotherarthropod,a)
12.0	7.0	0.583333333	(a,countrylocatedingeopoliticallocation,b) <= (i,citylocatedincountry,a), (e,countrylocatedingeopoliticallocation,b), (i,locationlocatedwithinlocation,e)
36.0	21.0	0.583333333	(a,teamplaysagainstteam,b) <= (a,teamalsoknownas,b), (a,teamplaysagainstteam,h), (b,teamplaysagainstteam,h)
24.0	14.0	0.583333333	(a,topmemberoforganization,b) <= (a,ceoof,j), (b,organizationhiredperson,f), (f,topmemberoforganization,j)
12.0	7.0	0.583333333	(a,atdate,b) <= (e,atdate,b), (i,organizationacronymhasname,a), (i,organizationheadquarteredincountry,e)
12.0	7.0	0.583333333	(a,arthropodcalledarthropod,b) <= (a,animalpreyson,h), (b,arthropodcalledarthropod,a), (b,arthropodcalledarthropod,h)
24.0	14.0	0.583333333	(a,organizationalsoknownas,b) <= (a,companyalsoknownas,f), (i,organizationalsoknownas,b), (i,organizationalsoknownas,f)
12.0	7.0	0.583333333	(a,personleadsorganization,b) <= (i,personleadsorganization,b), (i,proxyfor,f), (a,subpartof,f)
36.0	21.0	0.583333333	(a,teamplaysagainstteam,b) <= (a,teamalsoknownas,b), (h,teamplaysagainstteam,a), (b,teamplaysagainstteam,h)
12.0	7.0	0.583333333	(a,personhasjobposition,b) <= (i,motherofperson,e), (i,parentofperson,a), (e,personhasjobposition,b)
12.0	7.0	0.583333333	(a,mammalsuchasmammal,b) <= (i,animalpreyson,e), (i,mammalsuchasmammal,a), (e,mammalsuchasmammal,b)
12.0	7.0	0.583333333	(a,agentbelongstoorganization,b) <= (j,agentcollaborateswithagent,a), (e,coachesinleague,b), (e,personbelongstoorganization,j)
24.0	14.0	0.583333333	(a,animalpreyson,b) <= (e,animalpreyson,b), (i,animalthatfeedoninsect,e), (i,specializationof,a)
12.0	7.0	0.583333333	(a,mammalsuchasmammal,b) <= (i,animalpreyson,e), (e,mammalsuchasmammal,b), (i,specializationof,a)
12.0	7.0	0.583333333	(a,bankbankincountry,b) <= (e,bankbankincountry,b), (i,ceoof,e), (i,personleadsorganization,a)
24.0	14.0	0.583333333	(a,personborninlocation,b) <= (i,locationlocatedwithinlocation,b), (a,personborninlocation,f), (i,proxyfor,f)
12.0	7.0	0.583333333	(a,worksfor,b) <= (i,organizationterminatedperson,a), (e,personleadsorganization,b), (i,subpartof,e)
12.0	7.0	0.583333333	(a,organizationhiredperson,b) <= (a,organizationterminatedperson,h), (h,personleadsorganization,a), (a,subpartof,b)
12.0	7.0	0.583333333	(a,organizationhiredperson,b) <= (e,organizationterminatedperson,b), (j,personleadsorganization,a), (e,subpartof,j)
12.0	7.0	0.583333333	(a,parkincity,b) <= (f,atlocation,j), (b,organizationhiredperson,f), (a,parkincity,j)
12.0	7.0	0.583333333	(a,teamplayssport,b) <= (i,organizationalsoknownas,f), (a,teamplaysagainstteam,f), (i,teamplayssport,b)
12.0	7.0	0.583333333	(a,companyalsoknownas,b) <= (i,ceoof,a), (i,ceoof,e), (e,organizationalsoknownas,b)
12.0	7.0	0.583333333	(a,animalthatfeedoninsect,b) <= (g,animalthatfeedoninsect,b), (b,arthropodandotherarthropod,a), (g,arthropodcalledarthropod,a)
463.0	270.0	0.583153348	(a,teamplaysagainstteam,b) <= (h,coachesteam,a), (a,organizationhiredperson,h), (b,teamplaysagainstteam,a)
199.0	116.0	0.582914573	(a,personleadsorganization,b) <= (b,organizationterminatedperson,f), (a,personleadsorganization,j), (f,personleadsorganization,j)
278.0	162.0	0.582733813	(a,animalpreyson,b) <= (i,agentcompeteswithagent,f), (a,animalpreyson,f), (i,specializationof,b)
127.0	74.0	0.582677165	(a,proxyfor,b) <= (a,locationlocatedwithinlocation,h), (b,mutualproxyfor,a), (h,mutualproxyfor,a)
91.0	53.0	0.582417582	(a,newspaperincity,b) <= (i,headquarteredin,f), (a,newspaperincity,f), (i,organizationheadquarteredincity,b)
364.0	212.0	0.582417582	(a,teamplaysagainstteam,b) <= (i,coachesteam,e), (e,teamplaysagainstteam,b), (i,worksfor,a)
67.0	39.0	0.582089552	(a,organizationterminatedperson,b) <= (b,ceoof,f), (f,organizationterminatedperson,j), (j,topmemberoforganization,a)
67.0	39.0	0.582089552	(a,worksfor,b) <= (b,agentcollaborateswithagent,h), (a,personleadsorganization,b), (h,personleadsorganization,b)
67.0	39.0	0.582089552	(a,arthropodcalledarthropod,b) <= (g,animalsuchasinvertebrate,a), (b,arthropodcalledarthropod,a), (g,arthropodcalledarthropod,a)
55.0	32.0	0.581818182	(a,organizationterminatedperson,b) <= (f,ceoof,j), (j,organizationhiredperson,b), (a,organizationhiredperson,f)
55.0	32.0	0.581818182	(a,arthropodcalledarthropod,b) <= (h,animalpreyson,a), (b,arthropodcalledarthropod,a), (a,arthropodcalledarthropod,h)
43.0	25.0	0.581395349	(a,producesproduct,b) <= (e,organizationterminatedperson,j), (e,producesproduct,b), (j,topmemberoforganization,a)
43.0	25.0	0.581395349	(a,organizationterminatedperson,b) <= (a,mutualproxyfor,b), (h,mutualproxyfor,b), (b,topmemberoforganization,h)
210.0	122.0	0.580952381	(a,agentcontrols,b) <= (b,agentbelongstoorganization,a), (a,organizationhiredperson,h), (h,topmemberoforganization,a)
210.0	122.0	0.580952381	(a,agentcontrols,b) <= (b,agentbelongstoorganization,f), (f,organizationhiredperson,j), (j,topmemberoforganization,a)
210.0	122.0	0.580952381	(a,agentcontrols,b) <= (b,agentbelongstoorganization,f), (a,organizationhiredperson,j), (j,topmemberoforganization,f)
31.0	18.0	0.580645161	(a,stateorprovinceisborderedbystateorprovince,b) <= (i,locationlocatedwithinlocation,f), (a,stateorprovinceisborderedbystateorprovince,f), (i,subpartof,b)
31.0	18.0	0.580645161	(a,organizationterminatedperson,b) <= (a,organizationhiredperson,f), (j,subpartof,b), (f,topmemberoforganization,j)
31.0	18.0	0.580645161	(a,agentparticipatedinevent,b) <= (j,agentparticipatedinevent,b), (f,coachesteam,j), (a,organizationhiredperson,f)
31.0	18.0	0.580645161	(a,proxyfor,b) <= (g,airportincity,a), (g,buildinglocatedincity,a), (b,mutualproxyfor,a)
62.0	36.0	0.580645161	(a,acquired,b) <= (j,acquired,b), (f,ceoof,j), (a,organizationterminatedperson,f)
31.0	18.0	0.580645161	(a,arthropodcalledarthropod,b) <= (j,agentcompeteswithagent,a), (f,animalsuchasinvertebrate,j), (b,arthropodcalledarthropod,f)
236.0	137.0	0.580508475	(a,proxyfor,b) <= (h,citylocatedinstate,b), (a,locationlocatedwithinlocation,b), (b,mutualproxyfor,h)
143.0	83.0	0.58041958	(a,agentcollaborateswithagent,b) <= (e,agentcollaborateswithagent,b), (i,personleadsorganization,e), (i,worksfor,a)
143.0	83.0	0.58041958	(a,subpartof,b) <= (a,agentbelongstoorganization,b), (a,agentcollaborateswithagent,b)
100.0	58.0	0.58	(a,teamplaysinleague,b) <= (i,athleteplaysforteam,f), (i,coachesinleague,b), (a,teamplaysagainstteam,f)
50.0	29.0	0.58	(a,worksfor,b) <= (b,agentcollaborateswithagent,a), (h,agentcollaborateswithagent,a), (a,personleadsorganization,h)
69.0	40.0	0.579710145	(a,languageofcountry,b) <= (a,languageofcountry,f), (i,locationlocatedwithinlocation,b), (i,proxyfor,f)
126.0	73.0	0.579365079	(a,persongraduatedschool,b) <= (a,personbelongstoorganization,j), (f,personbelongstoorganization,j), (b,synonymfor,f)
19.0	11.0	0.578947368	(a,organizationhiredperson,b) <= (b,ceoof,f), (a,mutualproxyfor,j), (f,subpartof,j)
19.0	11.0	0.578947368	(a,proxyfor,b) <= (a,agentcontrols,h), (a,proxyfor,h), (a,subpartof,b)
19.0	11.0	0.578947368	(a,competeswith,b) <= (h,ceoof,b), (b,competeswith,a), (b,organizationterminatedperson,h)
38.0	22.0	0.578947368	(a,arthropodcalledarthropod,b) <= (i,animalsuchasinsect,b), (a,arthropodcalledarthropod,f), (i,specializationof,f)
19.0	11.0	0.578947368	(a,competeswith,b) <= (e,ceoof,b), (i,competeswith,a), (i,organizationterminatedperson,e)
19.0	11.0	0.578947368	(a,agentcompeteswithagent,b) <= (b,agentcollaborateswithagent,h), (b,agentcompeteswithagent,a), (h,proxyfor,b)
19.0	11.0	0.578947368	(a,teamplaysagainstteam,b) <= (a,agentcollaborateswithagent,j), (j,subpartof,f), (b,teamplaysagainstteam,f)
19.0	11.0	0.578947368	(a,arthropodcalledarthropod,b) <= (j,agentcompeteswithagent,a), (e,animalsuchasinsect,j), (e,arthropodcalledarthropod,b)
19.0	11.0	0.578947368	(a,countrylocatedingeopoliticallocation,b) <= (i,citylocatedincountry,a), (i,citylocatedincountry,e), (e,locationlocatedwithinlocation,b)
19.0	11.0	0.578947368	(a,subpartof,b) <= (a,agentcontrols,b), (g,proxyfor,b), (g,subpartof,b)
19.0	11.0	0.578947368	(a,atdate,b) <= (j,atdate,b), (e,citylocatedinstate,j), (e,mutualproxyfor,a)
19.0	11.0	0.578947368	(a,agentcontrols,b) <= (j,agentcontrols,b), (f,organizationterminatedperson,j), (a,personleadsorganization,f)
19.0	11.0	0.578947368	(a,proxyfor,b) <= (b,mutualproxyfor,f), (i,parkincity,a), (i,parkincity,f)
19.0	11.0	0.578947368	(a,teamwontrophy,b) <= (a,agentcollaborateswithagent,f), (f,athleteplaysforteam,j), (j,teamwontrophy,b)
19.0	11.0	0.578947368	(a,worksfor,b) <= (a,ceoof,f), (f,mutualproxyfor,j), (j,worksfor,b)
19.0	11.0	0.578947368	(a,teamplaysagainstteam,b) <= (b,agentcollaborateswithagent,f), (f,subpartof,j), (j,teamplaysagainstteam,a)
19.0	11.0	0.578947368	(a,worksfor,b) <= (b,organizationhiredperson,a), (h,personleadsorganization,b), (b,subpartof,h)
19.0	11.0	0.578947368	(a,organizationhiredperson,b) <= (f,ceoof,j), (a,organizationterminatedperson,f), (j,subpartof,b)
38.0	22.0	0.578947368	(a,teamplaysincity,b) <= (i,personbornincity,b), (i,personborninlocation,f), (a,teamplaysincity,f)
19.0	11.0	0.578947368	(a,proxyfor,b) <= (i,citylocatedingeopoliticallocation,e), (i,locationlocatedwithinlocation,a), (e,proxyfor,b)
19.0	11.0	0.578947368	(a,hasofficeincountry,b) <= (a,hasofficeincountry,j), (b,organizationhiredperson,f), (f,worksfor,j)
19.0	11.0	0.578947368	(a,personhascitizenship,b) <= (f,mutualproxyfor,j), (a,personhascitizenship,f), (j,proxyfor,b)
19.0	11.0	0.578947368	(a,animalpreyson,b) <= (b,agentcompeteswithagent,h), (b,animalpreyson,a), (h,specializationof,b)
19.0	11.0	0.578947368	(a,agentcompeteswithagent,b) <= (b,agentcompeteswithagent,a), (a,agentcompeteswithagent,h), (b,competeswith,h)
19.0	11.0	0.578947368	(a,mutualproxyfor,b) <= (j,subpartof,a), (e,televisionstationincity,b), (e,televisionstationincity,j)
19.0	11.0	0.578947368	(a,arthropodcalledarthropod,b) <= (a,animalsuchasinsect,f), (j,arthropodcalledarthropod,b), (f,specializationof,j)
19.0	11.0	0.578947368	(a,hasofficeincountry,b) <= (i,hasofficeincountry,b), (i,organizationhiredperson,f), (a,organizationterminatedperson,f)
382.0	221.0	0.578534031	(a,personbornincity,b) <= (i,buildinglocatedincity,b), (i,locationlocatedwithinlocation,f), (a,personborninlocation,f)
467.0	270.0	0.578158458	(a,teamplaysagainstteam,b) <= (h,coachesteam,b), (b,organizationhiredperson,h), (b,teamplaysagainstteam,a)
1569.0	907.0	0.578075207	(a,bookwriter,b) <= (b,agentcreated,f), (a,bookwriter,j), (f,bookwriter,j)
109.0	63.0	0.577981651	(a,cityalsoknownas,b) <= (b,cityalsoknownas,a)
481.0	278.0	0.577962578	(a,agentbelongstoorganization,b) <= (a,agentbelongstoorganization,f), (i,agentcollaborateswithagent,b), (i,subpartof,f)
45.0	26.0	0.577777778	(a,agentcollaborateswithagent,b) <= (j,agentcollaborateswithagent,b), (a,agentcollaborateswithagent,f), (f,subpartof,j)
213.0	123.0	0.577464789	(a,agentbelongstoorganization,b) <= (a,agentcollaborateswithagent,f), (i,personleadsorganization,f), (i,worksfor,b)
26.0	15.0	0.576923077	(a,subpartoforganization,b) <= (i,organizationacronymhasname,f), (i,subpartoforganization,b), (a,subpartoforganization,f)
52.0	30.0	0.576923077	(a,organizationterminatedperson,b) <= (h,ceoof,a), (a,organizationhiredperson,b), (a,organizationhiredperson,h)
26.0	15.0	0.576923077	(a,teamplaysagainstteam,b) <= (j,agentbelongstoorganization,a), (f,agentcollaborateswithagent,j), (b,teamplaysagainstteam,f)
26.0	15.0	0.576923077	(a,acquired,b) <= (j,acquired,b), (a,organizationhiredperson,f), (f,topmemberoforganization,j)
52.0	30.0	0.576923077	(a,topmemberoforganization,b) <= (i,personleadsorganization,b), (a,topmemberoforganization,f), (i,worksfor,f)
26.0	15.0	0.576923077	(a,citylocatedincountry,b) <= (i,airportincity,a), (i,airportincity,e), (e,citycapitalofcountry,b)
26.0	15.0	0.576923077	(a,teamplaysagainstteam,b) <= (j,agentbelongstoorganization,f), (a,agentcollaborateswithagent,j), (b,teamplaysagainstteam,f)
26.0	15.0	0.576923077	(a,organizationhiredperson,b) <= (i,coachesteam,a), (b,coachesteam,f), (i,worksfor,f)
52.0	30.0	0.576923077	(a,organizationterminatedperson,b) <= (j,ceoof,a), (b,ceoof,f), (f,organizationhiredperson,j)
26.0	15.0	0.576923077	(a,agriculturalproducttoattractinsect,b) <= (a,agriculturalproducttoattractinsect,j), (f,animalpreyson,j), (b,animalsuchasinvertebrate,f)
26.0	15.0	0.576923077	(a,agriculturalproducttoattractinsect,b) <= (i,agentcompeteswithagent,b), (a,agriculturalproducttoattractinsect,f), (i,animalsuchasinvertebrate,f)
2309.0	1332.0	0.576873105	(a,teamplaysagainstteam,b) <= (b,teamplaysagainstteam,a)
33.0	19.0	0.575757576	(a,agentcreated,b) <= (j,agentcreated,b), (a,agentcreated,f), (f,drugworkedonbyagent,j)
99.0	57.0	0.575757576	(a,agentcollaborateswithagent,b) <= (a,agentbelongstoorganization,h), (h,agentcontrols,a), (a,subpartof,b)
33.0	19.0	0.575757576	(a,animalpreyson,b) <= (b,animalpreyson,a), (a,animalpreyson,h), (h,specializationof,b)
33.0	19.0	0.575757576	(a,agentcreated,b) <= (e,agentcreated,b), (e,agentcreated,j), (j,drugworkedonbyagent,a)
99.0	57.0	0.575757576	(a,teamwontrophy,b) <= (i,athleteplaysforteam,e), (i,personbelongstoorganization,a), (e,teamwontrophy,b)
33.0	19.0	0.575757576	(a,atlocation,b) <= (a,atlocation,f), (j,attractionofcity,b), (f,proxyfor,j)
40.0	23.0	0.575	(a,animalpreyson,b) <= (a,animalpreyson,f), (i,animalsuchasinsect,f), (i,arthropodandotherarthropod,b)
40.0	23.0	0.575	(a,teamwontrophy,b) <= (e,coachwontrophy,b), (i,organizationterminatedperson,e), (i,teamplaysagainstteam,a)
40.0	23.0	0.575	(a,atdate,b) <= (j,atdate,b), (e,buildinglocatedincity,j), (e,locationlocatedwithinlocation,a)
261.0	150.0	0.574712644	(a,agentcollaborateswithagent,b) <= (j,agentcollaborateswithagent,b), (a,agentcollaborateswithagent,f), (f,worksfor,j)
47.0	27.0	0.574468085	(a,organizationterminatedperson,b) <= (j,ceoof,a), (e,mutualproxyfor,b), (e,organizationterminatedperson,j)
94.0	54.0	0.574468085	(a,atlocation,b) <= (a,mutualproxyfor,j), (b,statehascapital,f), (j,statehascapital,f)
47.0	27.0	0.574468085	(a,personbelongstoorganization,b) <= (a,personbelongstoorganization,f), (i,personleadsorganization,f), (i,worksfor,b)
47.0	27.0	0.574468085	(a,arthropodcalledarthropod,b) <= (e,animalistypeofanimal,j), (e,arthropodcalledarthropod,b), (j,specializationof,a)
47.0	27.0	0.574468085	(a,parentofperson,b) <= (i,motherofperson,f), (i,parentofperson,b), (a,parentofperson,f)
613.0	352.0	0.574225122	(a,agentcontrols,b) <= (e,agentcontrols,b), (i,personleadsorganization,e), (i,worksfor,a)
61.0	35.0	0.573770492	(a,personleadsorganization,b) <= (b,mutualproxyfor,a), (b,mutualproxyfor,h), (h,worksfor,b)
61.0	35.0	0.573770492	(a,teamplaysinleague,b) <= (e,organizationhiredperson,j), (e,teamplaysinleague,b), (j,worksfor,a)
692.0	397.0	0.573699422	(a,teamplaysinleague,b) <= (j,agentactsinlocation,f), (b,leaguestadiums,f), (a,subpartoforganization,j)
1252.0	718.0	0.573482428	(a,agentcollaborateswithagent,b) <= (a,agentcollaborateswithagent,j), (f,agentcollaborateswithagent,j), (b,agentcontrols,f)
150.0	86.0	0.573333333	(a,worksfor,b) <= (b,organizationterminatedperson,f), (f,personleadsorganization,j), (a,worksfor,j)
157.0	90.0	0.573248408	(a,agentcontrols,b) <= (a,acquired,j), (f,acquired,j), (b,subpartof,f)
649.0	372.0	0.573189522	(a,agentbelongstoorganization,b) <= (a,agentbelongstoorganization,j), (f,agentbelongstoorganization,j), (b,agentcontrols,f)
89.0	51.0	0.573033708	(a,automakerproducesmodel,b) <= (a,agentcreated,h), (a,agentinvolvedwithitem,h), (a,producesproduct,b)
510.0	292.0	0.57254902	(a,organizationhiredperson,b) <= (j,organizationhiredperson,b), (a,organizationhiredperson,f), (f,personleadsorganization,j)
173.0	99.0	0.572254335	(a,personmovedtostateorprovince,b) <= (i,citylocatedinstate,f), (i,mutualproxyfor,b), (a,personmovedtostateorprovince,f)
7.0	4.0	0.571428571	(a,animalpreyson,b) <= (a,animalpreyson,h), (h,animalsuchasinsect,a), (b,specializationof,a)
7.0	4.0	0.571428571	(a,animalpreyson,b) <= (g,animalpreyson,a), (g,arthropodandotherarthropod,a), (b,specializationof,a)
7.0	4.0	0.571428571	(a,animalpreyson,b) <= (g,animalsuchasinvertebrate,a), (g,arthropodandotherarthropod,a), (b,specializationof,a)
7.0	4.0	0.571428571	(a,parkincity,b) <= (b,mutualproxyfor,f), (a,parkincity,j), (f,personhasresidenceingeopoliticallocation,j)
7.0	4.0	0.571428571	(a,arthropodandotherarthropod,b) <= (i,animalpreyson,e), (e,arthropodandotherarthropod,b), (i,specializationof,a)
7.0	4.0	0.571428571	(a,hassibling,b) <= (b,hassibling,a), (a,persongraduatedfromuniversity,h), (a,persongraduatedschool,h)
7.0	4.0	0.571428571	(a,animalpreyson,b) <= (h,agriculturalproducttoattractinsect,a), (a,animaleatfood,h), (b,specializationof,a)
14.0	8.0	0.571428571	(a,proxyfor,b) <= (e,agentcompeteswithagent,j), (j,headquarteredin,a), (e,proxyfor,b)
7.0	4.0	0.571428571	(a,mutualproxyfor,b) <= (g,atdate,a), (b,mutualproxyfor,a), (g,mutualproxyfor,b)
28.0	16.0	0.571428571	(a,organizationterminatedperson,b) <= (b,ceoof,a), (a,subpartof,b)
7.0	4.0	0.571428571	(a,arthropodcalledarthropod,b) <= (a,agentcompeteswithagent,h), (b,arthropodcalledarthropod,a), (h,arthropodcalledarthropod,a)
7.0	4.0	0.571428571	(a,ceoof,b) <= (i,ceoof,b), (i,proxyfor,f), (a,worksfor,f)
14.0	8.0	0.571428571	(a,animalpreyson,b) <= (h,animalpreyson,b), (a,animalpreyson,h), (b,animalsuchasinvertebrate,a)
21.0	12.0	0.571428571	(a,airportincity,b) <= (a,buildinglocatedincity,b), (b,locationlocatedwithinlocation,h), (b,proxyfor,h)
14.0	8.0	0.571428571	(a,organizationhiredperson,b) <= (a,mutualproxyfor,h), (a,subpartof,h), (b,topmemberoforganization,a)
7.0	4.0	0.571428571	(a,animalpreyson,b) <= (a,animalthatfeedoninsect,h), (a,arthropodcalledarthropod,h), (b,specializationof,a)
28.0	16.0	0.571428571	(a,organizationterminatedperson,b) <= (b,ceoof,a), (h,ceoof,a), (a,subpartof,h)
28.0	16.0	0.571428571	(a,arthropodcalledarthropod,b) <= (a,animalpreyson,h), (h,animalsuchasinsect,a), (b,arthropodcalledarthropod,a)
14.0	8.0	0.571428571	(a,athleteplaysforteam,b) <= (a,athleteledsportsteam,j), (j,organizationhiredperson,f), (b,organizationterminatedperson,f)
7.0	4.0	0.571428571	(a,ceoof,b) <= (i,agentcollaborateswithagent,e), (i,agentcontrols,a), (e,ceoof,b)
7.0	4.0	0.571428571	(a,citylocatedingeopoliticallocation,b) <= (i,citycapitalofcountry,f), (a,citylocatedingeopoliticallocation,f), (i,locationlocatedwithinlocation,b)
28.0	16.0	0.571428571	(a,organizationterminatedperson,b) <= (b,ceoof,h), (h,organizationterminatedperson,b), (a,subpartof,b)
7.0	4.0	0.571428571	(a,locationlocatedwithinlocation,b) <= (g,citycapitalofcountry,b), (a,proxyfor,b), (g,proxyfor,b)
7.0	4.0	0.571428571	(a,animalpreyson,b) <= (h,animalsuchasinvertebrate,a), (a,animalthatfeedoninsect,h), (b,specializationof,a)
14.0	8.0	0.571428571	(a,televisionstationaffiliatedwith,b) <= (i,subpartof,f), (a,subpartoforganization,f), (i,televisionstationaffiliatedwith,b)
7.0	4.0	0.571428571	(a,organizationalsoknownas,b) <= (a,companyalsoknownas,b), (a,headquarteredin,h), (a,organizationheadquarteredincity,h)
7.0	4.0	0.571428571	(a,headquarteredin,b) <= (e,headquarteredin,b), (i,topmemberoforganization,a), (i,worksfor,e)
7.0	4.0	0.571428571	(a,agentcontrols,b) <= (g,agentcollaborateswithagent,a), (g,agentcontrols,a), (a,proxyfor,b)
7.0	4.0	0.571428571	(a,ceoof,b) <= (j,agentbelongstoorganization,b), (f,agentcollaborateswithagent,j), (a,ceoof,f)
28.0	16.0	0.571428571	(a,organizationterminatedperson,b) <= (b,ceoof,a), (b,ceoof,h), (h,subpartof,b)
21.0	12.0	0.571428571	(a,sportsgameteam,b) <= (b,organizationterminatedperson,f), (a,sportsgameteam,j), (f,worksfor,j)
7.0	4.0	0.571428571	(a,organizationterminatedperson,b) <= (h,organizationterminatedperson,b), (b,personleadsorganization,a), (b,proxyfor,h)
21.0	12.0	0.571428571	(a,organizationheadquarteredincity,b) <= (h,atlocation,b), (b,proxyfor,h), (a,televisionstationincity,b)
7.0	4.0	0.571428571	(a,agentcollaborateswithagent,b) <= (a,agentcollaborateswithagent,h), (h,personleadsorganization,a), (b,proxyfor,a)
7.0	4.0	0.571428571	(a,animalpreyson,b) <= (a,animalthatfeedoninsect,h), (a,arthropodandotherarthropod,h), (b,specializationof,a)
7.0	4.0	0.571428571	(a,headquarteredin,b) <= (i,companyalsoknownas,f), (a,organizationalsoknownas,f), (i,organizationheadquarteredincity,b)
7.0	4.0	0.571428571	(a,organizationheadquarteredincity,b) <= (j,agentcompeteswithagent,a), (e,newspaperincity,j), (e,organizationheadquarteredincity,b)
7.0	4.0	0.571428571	(a,animalpreyson,b) <= (a,animalpreyson,h), (h,animalsuchasinvertebrate,a), (b,specializationof,a)
7.0	4.0	0.571428571	(a,statelocatedingeopoliticallocation,b) <= (b,countryalsoknownas,f), (j,proxyfor,f), (a,statelocatedingeopoliticallocation,j)
7.0	4.0	0.571428571	(a,ceoof,b) <= (b,acquired,f), (a,ceoof,j), (f,subpartoforganization,j)
21.0	12.0	0.571428571	(a,agentcontrols,b) <= (i,agentcollaborateswithagent,f), (a,agentcontrols,f), (i,mutualproxyfor,b)
7.0	4.0	0.571428571	(a,organizationheadquarteredincity,b) <= (b,citylocatedinstate,h), (a,headquarteredin,b), (h,mutualproxyfor,b)
7.0	4.0	0.571428571	(a,personleadsorganization,b) <= (b,organizationterminatedperson,h), (a,personbelongstoorganization,b), (h,personbelongstoorganization,b)
7.0	4.0	0.571428571	(a,organizationheadquarteredincity,b) <= (e,headquarteredin,b), (i,topmemberoforganization,a), (i,worksfor,e)
7.0	4.0	0.571428571	(a,organizationheadquarteredincity,b) <= (h,attractionofcity,b), (a,headquarteredin,b), (b,proxyfor,h)
35.0	20.0	0.571428571	(a,headquarteredin,b) <= (e,organizationheadquarteredincity,b), (i,topmemberoforganization,a), (i,topmemberoforganization,e)
7.0	4.0	0.571428571	(a,animalpreyson,b) <= (h,animalpreyson,a), (a,arthropodcalledarthropod,h), (b,specializationof,a)
7.0	4.0	0.571428571	(a,subpartof,b) <= (g,agentcollaborateswithagent,b), (a,agentcontrols,b), (g,subpartof,b)
7.0	4.0	0.571428571	(a,personleadsorganization,b) <= (h,organizationterminatedperson,a), (a,personbelongstoorganization,b), (a,personleadsorganization,h)
7.0	4.0	0.571428571	(a,synonymfor,b) <= (e,citycapitalofcountry,j), (e,citylocatedincountry,b), (j,synonymfor,a)
7.0	4.0	0.571428571	(a,animalpreyson,b) <= (h,agriculturalproducttoattractinsect,a), (a,invertebratefeedonfood,h), (b,specializationof,a)
7.0	4.0	0.571428571	(a,organizationhiredperson,b) <= (e,agentcollaborateswithagent,b), (e,agentcollaborateswithagent,j), (j,coachesteam,a)
7.0	4.0	0.571428571	(a,organizationhiredperson,b) <= (e,agentcollaborateswithagent,j), (e,agentcontrols,b), (j,ceoof,a)
7.0	4.0	0.571428571	(a,headquarteredin,b) <= (j,headquarteredin,b), (a,mutualproxyfor,f), (f,topmemberoforganization,j)
7.0	4.0	0.571428571	(a,synonymfor,b) <= (e,citycapitalofcountry,b), (e,citylocatedincountry,j), (j,synonymfor,a)
7.0	4.0	0.571428571	(a,organizationhiredperson,b) <= (e,agentcontrols,b), (e,agentcontrols,j), (j,ceoof,a)
28.0	16.0	0.571428571	(a,ceoof,b) <= (f,ceoof,j), (j,organizationterminatedperson,a), (b,subpartof,f)
21.0	12.0	0.571428571	(a,competeswith,b) <= (f,agentcollaborateswithagent,j), (a,competeswith,f), (j,worksfor,b)
49.0	28.0	0.571428571	(a,organizationterminatedperson,b) <= (a,mutualproxyfor,b), (a,organizationhiredperson,b)
7.0	4.0	0.571428571	(a,animalpreyson,b) <= (h,animalsuchasinvertebrate,a), (a,arthropodcalledarthropod,h), (b,specializationof,a)
7.0	4.0	0.571428571	(a,organizationterminatedperson,b) <= (a,organizationterminatedperson,h), (b,personbelongstoorganization,a), (h,personleadsorganization,a)
7.0	4.0	0.571428571	(a,organizationheadquarteredincity,b) <= (h,cityalsoknownas,b), (b,cityalsoknownas,h), (a,headquarteredin,b)
28.0	16.0	0.571428571	(a,organizationterminatedperson,b) <= (h,ceoof,a), (a,subpartof,b), (a,subpartof,h)
7.0	4.0	0.571428571	(a,organizationhiredperson,b) <= (e,agentcontrols,b), (e,agentcontrols,j), (j,coachesteam,a)
7.0	4.0	0.571428571	(a,animalsuchasinsect,b) <= (a,animalpreyson,h), (h,animalsuchasinsect,b), (b,animalsuchasinvertebrate,a)
7.0	4.0	0.571428571	(a,personleadsorganization,b) <= (b,agentcollaborateswithagent,h), (h,personleadsorganization,b), (a,proxyfor,b)
7.0	4.0	0.571428571	(a,organizationterminatedperson,b) <= (a,companyalsoknownas,h), (a,organizationalsoknownas,h), (b,topmemberoforganization,a)
14.0	8.0	0.571428571	(a,ceoof,b) <= (f,ceoof,j), (b,subpartof,f), (a,topmemberoforganization,j)
14.0	8.0	0.571428571	(a,arthropodcalledarthropod,b) <= (h,animalsuchasinsect,a), (a,animalthatfeedoninsect,h), (b,arthropodcalledarthropod,a)
7.0	4.0	0.571428571	(a,animalsuchasinsect,b) <= (a,animalistypeofanimal,b), (a,animalistypeofanimal,h), (a,animalthatfeedoninsect,h)
7.0	4.0	0.571428571	(a,worksfor,b) <= (j,companyalsoknownas,f), (b,organizationalsoknownas,f), (a,worksfor,j)
7.0	4.0	0.571428571	(a,personleadsorganization,b) <= (b,organizationterminatedperson,h), (a,personbelongstoorganization,b), (h,personleadsorganization,b)
7.0	4.0	0.571428571	(a,airportincity,b) <= (a,buildinglocatedincity,b), (b,citylocatedinstate,h), (h,mutualproxyfor,b)
7.0	4.0	0.571428571	(a,hasofficeincountry,b) <= (j,hasofficeincountry,b), (a,organizationhiredperson,f), (f,worksfor,j)
7.0	4.0	0.571428571	(a,citylocatedingeopoliticallocation,b) <= (i,citycapitalofcountry,f), (i,citylocatedingeopoliticallocation,b), (a,citylocatedingeopoliticallocation,f)
21.0	12.0	0.571428571	(a,arthropodandotherarthropod,b) <= (i,agentcompeteswithagent,e), (e,arthropodandotherarthropod,b), (i,arthropodcalledarthropod,a)
28.0	16.0	0.571428571	(a,organizationterminatedperson,b) <= (j,ceoof,a), (b,ceoof,f), (f,subpartof,j)
14.0	8.0	0.571428571	(a,animalpreyson,b) <= (b,animalistypeofanimal,h), (h,animalpreyson,a), (b,specializationof,a)
7.0	4.0	0.571428571	(a,organizationterminatedperson,b) <= (g,agentcollaborateswithagent,b), (g,subpartof,b), (b,topmemberoforganization,a)
14.0	8.0	0.571428571	(a,attractionofcity,b) <= (i,airportincity,b), (i,attractionofcity,f), (a,buildinglocatedincity,f)
7.0	4.0	0.571428571	(a,organizationterminatedperson,b) <= (h,organizationterminatedperson,b), (b,personbelongstoorganization,a), (b,personleadsorganization,h)
7.0	4.0	0.571428571	(a,organizationhiredperson,b) <= (b,personhasresidenceingeopoliticallocation,a), (b,worksfor,a)
7.0	4.0	0.571428571	(a,animalthatfeedoninsect,b) <= (g,animalthatfeedoninsect,b), (a,arthropodandotherarthropod,b), (g,arthropodcalledarthropod,b)
7.0	4.0	0.571428571	(a,topmemberoforganization,b) <= (b,agentcollaborateswithagent,h), (a,ceoof,b), (h,worksfor,b)
14.0	8.0	0.571428571	(a,buildinglocatedincity,b) <= (i,airportincity,b), (a,airportincity,f), (i,attractionofcity,f)
7.0	4.0	0.571428571	(a,personbelongstoorganization,b) <= (i,athleteplaysforteam,b), (a,personbelongstoorganization,f), (i,subpartof,f)
7.0	4.0	0.571428571	(a,hasofficeincity,b) <= (f,agentcollaborateswithagent,j), (a,hasofficeincity,f), (j,personbelongstoorganization,b)
7.0	4.0	0.571428571	(a,proxyfor,b) <= (h,organizationterminatedperson,a), (a,personleadsorganization,b), (a,proxyfor,h)
7.0	4.0	0.571428571	(a,worksfor,b) <= (b,organizationhiredperson,a), (a,proxyfor,b)
28.0	16.0	0.571428571	(a,ceoof,b) <= (a,ceoof,h), (h,organizationterminatedperson,a), (b,subpartof,a)
14.0	8.0	0.571428571	(a,ceoof,b) <= (a,ceoof,h), (b,subpartof,a), (a,topmemberoforganization,h)
7.0	4.0	0.571428571	(a,topmemberoforganization,b) <= (a,proxyfor,f), (i,topmemberoforganization,b), (i,worksfor,f)
7.0	4.0	0.571428571	(a,organizationterminatedperson,b) <= (e,agentcollaborateswithagent,b), (e,subpartof,j), (j,topmemberoforganization,a)
7.0	4.0	0.571428571	(a,worksfor,b) <= (b,mutualproxyfor,a), (a,personleadsorganization,h), (a,proxyfor,h)
42.0	24.0	0.571428571	(a,organizationterminatedperson,b) <= (j,ceoof,a), (e,subpartof,b), (e,subpartof,j)
7.0	4.0	0.571428571	(a,atlocation,b) <= (g,agentactsinlocation,b), (b,atlocation,a), (g,proxyfor,b)
7.0	4.0	0.571428571	(a,organizationterminatedperson,b) <= (e,subpartof,b), (i,topmemberoforganization,e), (i,worksfor,a)
7.0	4.0	0.571428571	(a,atlocation,b) <= (b,atlocation,a), (g,politicianrepresentslocation,b), (g,proxyfor,b)
7.0	4.0	0.571428571	(a,atlocation,b) <= (h,agentactsinlocation,b), (b,atlocation,a), (b,proxyfor,h)
7.0	4.0	0.571428571	(a,atlocation,b) <= (h,agentactsinlocation,b), (b,atlocation,a), (b,atlocation,h)
7.0	4.0	0.571428571	(a,teamalsoknownas,b) <= (a,agentcompeteswithagent,h), (b,teamalsoknownas,a), (b,teamalsoknownas,h)
7.0	4.0	0.571428571	(a,atlocation,b) <= (h,agentactsinlocation,b), (b,atlocation,a), (b,mutualproxyfor,h)
7.0	4.0	0.571428571	(a,personbelongstoorganization,b) <= (i,athleteledsportsteam,b), (a,personbelongstoorganization,f), (i,subpartof,f)
7.0	4.0	0.571428571	(a,arthropodcalledarthropod,b) <= (a,animalsuchasinsect,b), (a,arthropodcalledarthropod,h), (b,arthropodcalledarthropod,h)
7.0	4.0	0.571428571	(a,personhasresidenceingeopoliticallocation,b) <= (h,mutualproxyfor,b), (b,mutualproxyfor,h), (a,personleadsorganization,b)
7.0	4.0	0.571428571	(a,agentcollaborateswithagent,b) <= (g,agentcollaborateswithagent,b), (g,agentcontrols,b), (a,subpartof,b)
14.0	8.0	0.571428571	(a,mutualproxyfor,b) <= (i,agentcontrols,f), (a,mutualproxyfor,f), (i,subpartof,b)
7.0	4.0	0.571428571	(a,animalthatfeedoninsect,b) <= (b,animalpreyson,a), (g,animalthatfeedoninsect,b), (g,arthropodcalledarthropod,b)
63.0	36.0	0.571428571	(a,organizationterminatedperson,b) <= (g,organizationhiredperson,b), (a,subpartof,b), (g,subpartof,b)
14.0	8.0	0.571428571	(a,acquired,b) <= (j,acquired,b), (a,mutualproxyfor,f), (f,topmemberoforganization,j)
7.0	4.0	0.571428571	(a,atlocation,b) <= (j,atlocation,a), (e,politicianrepresentslocation,j), (e,proxyfor,b)
7.0	4.0	0.571428571	(a,animalpreyson,b) <= (b,animalpreyson,f), (j,mammalsuchasmammal,a), (f,specializationof,j)
7.0	4.0	0.571428571	(a,competeswith,b) <= (g,ceoof,a), (b,competeswith,a), (g,worksfor,a)
14.0	8.0	0.571428571	(a,organizationheadquarteredincity,b) <= (i,headquarteredin,b), (a,organizationhiredperson,f), (i,organizationterminatedperson,f)
49.0	28.0	0.571428571	(a,mutualproxyfor,b) <= (a,atlocation,h), (a,mutualproxyfor,h), (a,subpartof,b)
7.0	4.0	0.571428571	(a,animalsuchasinvertebrate,b) <= (a,animalpreyson,b), (a,animalsuchasinsect,h), (h,animalsuchasinvertebrate,b)
7.0	4.0	0.571428571	(a,animalthatfeedoninsect,b) <= (g,animalsuchasinsect,b), (b,arthropodandotherarthropod,a), (g,arthropodcalledarthropod,a)
7.0	4.0	0.571428571	(a,televisionstationincity,b) <= (i,personborninlocation,b), (i,personhasresidenceingeopoliticallocation,f), (a,televisionstationincity,f)
7.0	4.0	0.571428571	(a,subpartoforganization,b) <= (j,companyalsoknownas,f), (b,organizationalsoknownas,f), (a,subpartoforganization,j)
28.0	16.0	0.571428571	(a,mutualproxyfor,b) <= (i,hasofficeincity,b), (a,mutualproxyfor,f), (i,organizationheadquarteredincity,f)
14.0	8.0	0.571428571	(a,buildinglocatedincity,b) <= (a,airportincity,f), (i,airportincity,f), (i,attractionofcity,b)
7.0	4.0	0.571428571	(a,personbelongstoorganization,b) <= (e,hassibling,a), (e,personbelongstoorganization,b)
14.0	8.0	0.571428571	(a,countryalsoknownas,b) <= (i,citycapitalofcountry,f), (b,countryalsoknownas,f), (i,locationlocatedwithinlocation,a)
7.0	4.0	0.571428571	(a,atlocation,b) <= (b,atlocation,a), (b,locationlocatedwithinlocation,h), (h,proxyfor,b)
14.0	8.0	0.571428571	(a,topmemberoforganization,b) <= (f,organizationhiredperson,j), (j,topmemberoforganization,b), (a,worksfor,f)
7.0	4.0	0.571428571	(a,teamwontrophy,b) <= (e,athleteledsportsteam,a), (e,athletewinsawardtrophytournament,b)
7.0	4.0	0.571428571	(a,atdate,b) <= (i,atdate,b), (a,countrylocatedingeopoliticallocation,f), (i,mutualproxyfor,f)
7.0	4.0	0.571428571	(a,teamalsoknownas,b) <= (f,agentcompeteswithagent,a), (f,teamalsoknownas,b), (b,teamalsoknownas,f)
7.0	4.0	0.571428571	(a,buildinglocatedincity,b) <= (a,airportincity,b), (b,organizationhiredperson,h), (h,personhasresidenceingeopoliticallocation,b)
7.0	4.0	0.571428571	(a,animaleatfood,b) <= (i,agentcompeteswithagent,e), (e,animaleatfood,b), (i,arthropodcalledarthropod,a)
7.0	4.0	0.571428571	(a,worksfor,b) <= (b,mutualproxyfor,a), (g,personleadsorganization,b), (g,proxyfor,b)
7.0	4.0	0.571428571	(a,agentcollaborateswithagent,b) <= (b,agentcollaborateswithagent,a), (a,agentcollaborateswithagent,h), (h,proxyfor,a)
7.0	4.0	0.571428571	(a,agentcollaborateswithagent,b) <= (b,agentcollaborateswithagent,a), (a,agentcollaborateswithagent,h), (h,politicianusendorsedbypoliticianus,b)
7.0	4.0	0.571428571	(a,organizationhiredperson,b) <= (a,locationlocatedwithinlocation,h), (h,mutualproxyfor,a), (b,worksfor,a)
7.0	4.0	0.571428571	(a,agentcollaborateswithagent,b) <= (b,agentcollaborateswithagent,a), (h,agentcollaborateswithagent,b), (b,politicianusendorsedbypoliticianus,h)
7.0	4.0	0.571428571	(a,agentactsinlocation,b) <= (a,agentactsinlocation,f), (i,atlocation,b), (i,personleadsorganization,f)
7.0	4.0	0.571428571	(a,subpartof,b) <= (a,locationlocatedwithinlocation,b), (a,organizationhiredperson,h), (h,personbelongstoorganization,a)
14.0	8.0	0.571428571	(a,athleteledsportsteam,b) <= (a,athleteplaysforteam,b), (a,personbelongstoorganization,b)
7.0	4.0	0.571428571	(a,atdate,b) <= (e,atdate,b), (i,citycapitalofcountry,a), (i,citylocatedingeopoliticallocation,e)
7.0	4.0	0.571428571	(a,persongraduatedschool,b) <= (a,hassibling,h), (a,persongraduatedfromuniversity,b), (h,persongraduatedfromuniversity,b)
21.0	12.0	0.571428571	(a,atdate,b) <= (i,atdate,b), (i,citylocatedincountry,e), (e,mutualproxyfor,a)
7.0	4.0	0.571428571	(a,personleadsorganization,b) <= (i,citylocatedingeopoliticallocation,b), (a,personleadsorganization,f), (i,proxyfor,f)
7.0	4.0	0.571428571	(a,organizationhiredperson,b) <= (b,personhasresidenceingeopoliticallocation,h), (b,worksfor,a), (b,worksfor,h)
7.0	4.0	0.571428571	(a,agriculturalproducttoattractinsect,b) <= (a,agriculturalproducttoattractinsect,h), (b,animaleatfood,a), (h,animalthatfeedoninsect,b)
7.0	4.0	0.571428571	(a,arthropodcalledarthropod,b) <= (i,animalpreyson,f), (a,arthropodcalledarthropod,f), (i,specializationof,b)
14.0	8.0	0.571428571	(a,buildinglocatedincity,b) <= (a,airportincity,b), (g,airportincity,b), (g,attractionofcity,b)
7.0	4.0	0.571428571	(a,agentcollaborateswithagent,b) <= (b,agentcollaborateswithagent,a), (g,proxyfor,a), (g,subpartof,a)
7.0	4.0	0.571428571	(a,locationlocatedwithinlocation,b) <= (f,citylocatedinstate,j), (j,locationlocatedwithinlocation,b), (a,mutualproxyfor,f)
14.0	8.0	0.571428571	(a,persongraduatedfromuniversity,b) <= (i,hasspouse,a), (i,hasspouse,e), (e,persongraduatedschool,b)
7.0	4.0	0.571428571	(a,teamalsoknownas,b) <= (h,agentcompeteswithagent,a), (b,teamalsoknownas,a), (b,teamalsoknownas,h)
7.0	4.0	0.571428571	(a,worksfor,b) <= (b,organizationhiredperson,h), (a,proxyfor,b), (h,proxyfor,b)
7.0	4.0	0.571428571	(a,atlocation,b) <= (h,agentactsinlocation,b), (b,atlocation,a), (b,locationlocatedwithinlocation,h)
7.0	4.0	0.571428571	(a,organizationhiredperson,b) <= (b,coachesinleague,h), (a,teamplaysinleague,h), (b,worksfor,a)
7.0	4.0	0.571428571	(a,subpartoforganization,b) <= (b,agentcompeteswithagent,a), (g,mutualproxyfor,a), (g,subpartof,a)
7.0	4.0	0.571428571	(a,atdate,b) <= (i,atdate,b), (a,proxyfor,f), (i,statelocatedingeopoliticallocation,f)
7.0	4.0	0.571428571	(a,animalsuchasinvertebrate,b) <= (a,animalsuchasinvertebrate,h), (a,arthropodandotherarthropod,b), (a,arthropodcalledarthropod,h)
14.0	8.0	0.571428571	(a,agentcompeteswithagent,b) <= (b,agentcompeteswithagent,f), (i,athleteledsportsteam,a), (i,athleteplaysforteam,f)
7.0	4.0	0.571428571	(a,agentcompeteswithagent,b) <= (b,agentcompeteswithagent,f), (i,coachesteam,f), (i,worksfor,a)
7.0	4.0	0.571428571	(a,worksfor,b) <= (h,organizationhiredperson,a), (a,proxyfor,b), (a,proxyfor,h)
7.0	4.0	0.571428571	(a,countryalsoknownas,b) <= (i,citycapitalofcountry,a), (b,countryalsoknownas,f), (i,proxyfor,f)
7.0	4.0	0.571428571	(a,mutualproxyfor,b) <= (a,organizationhiredperson,b), (b,topmemberoforganization,h), (b,worksfor,h)
14.0	8.0	0.571428571	(a,countryalsoknownas,b) <= (i,citycapitalofcountry,f), (a,countryalsoknownas,f), (i,locationlocatedwithinlocation,b)
63.0	36.0	0.571428571	(a,organizationheadquarteredincity,b) <= (i,organizationheadquarteredincity,f), (a,radiostationincity,f), (i,televisionstationincity,b)
14.0	8.0	0.571428571	(a,agentcontrols,b) <= (e,agentcontrols,b), (j,coachesinleague,a), (e,organizationhiredperson,j)
7.0	4.0	0.571428571	(a,animalpreyson,b) <= (e,animalistypeofanimal,b), (j,animalpreyson,a), (e,ismultipleof,j)
7.0	4.0	0.571428571	(a,animalthatfeedoninsect,b) <= (b,animalsuchasinvertebrate,a), (h,animalthatfeedoninsect,b), (b,arthropodandotherarthropod,h)
7.0	4.0	0.571428571	(a,worksfor,b) <= (j,subpartof,a), (e,topmemberoforganization,j), (e,worksfor,b)
7.0	4.0	0.571428571	(a,teamplaysagainstteam,b) <= (g,athleteplaysforteam,b), (g,personbelongstoorganization,b), (b,teamalsoknownas,a)
7.0	4.0	0.571428571	(a,topmemberoforganization,b) <= (i,agentcontrols,a), (i,agentcontrols,e), (e,ceoof,b)
14.0	8.0	0.571428571	(a,subpartof,b) <= (j,citylocatedingeopoliticallocation,a), (e,mutualproxyfor,j), (e,subpartof,b)
7.0	4.0	0.571428571	(a,personleadsorganization,b) <= (b,organizationterminatedperson,f), (f,proxyfor,j), (a,worksfor,j)
7.0	4.0	0.571428571	(a,animalthatfeedoninsect,b) <= (g,animalsuchasinsect,a), (a,animalsuchasinsect,b), (g,animalsuchasinsect,b)
14.0	8.0	0.571428571	(a,politicianusendorsedbypoliticianus,b) <= (a,politicianholdsoffice,h), (b,politicianusendorsedbypoliticianus,a), (b,politicianusholdsoffice,h)
7.0	4.0	0.571428571	(a,worksfor,b) <= (b,organizationhiredperson,h), (a,personleadsorganization,b), (h,proxyfor,b)
7.0	4.0	0.571428571	(a,agentparticipatedinevent,b) <= (j,agentcompeteswithagent,a), (e,agentparticipatedinevent,b), (e,specializationof,j)
7.0	4.0	0.571428571	(a,worksfor,b) <= (b,organizationalsoknownas,h), (b,organizationhiredperson,a), (b,synonymfor,h)
28.0	16.0	0.571428571	(a,ceoof,b) <= (a,ceoof,j), (b,organizationterminatedperson,f), (f,worksfor,j)
14.0	8.0	0.571428571	(a,attractionofcity,b) <= (i,airportincity,f), (i,attractionofcity,b), (a,buildinglocatedincity,f)
14.0	8.0	0.571428571	(a,athleteledsportsteam,b) <= (a,athleteplaysforteam,b), (a,athleteplaysforteam,h), (a,personbelongstoorganization,h)
7.0	4.0	0.571428571	(a,animalpreyson,b) <= (a,animalistypeofanimal,h), (h,animalpreyson,b), (a,animalsuchasinvertebrate,b)
14.0	8.0	0.571428571	(a,subpartof,b) <= (i,citylocatedingeopoliticallocation,e), (i,locationlocatedwithinlocation,a), (e,subpartof,b)
14.0	8.0	0.571428571	(a,locationlocatedwithinlocation,b) <= (i,buildinglocatedincity,e), (i,locationlocatedwithinlocation,a), (e,locationlocatedwithinlocation,b)
14.0	8.0	0.571428571	(a,actorstarredinmovie,b) <= (a,actorstarredinmovie,f), (i,agentcontributedtocreativework,b), (i,agentcreated,f)
7.0	4.0	0.571428571	(a,animalthatfeedoninsect,b) <= (a,animalsuchasinsect,b), (b,arthropodandotherarthropod,h), (a,arthropodcalledarthropod,h)
7.0	4.0	0.571428571	(a,statelocatedincountry,b) <= (a,organizationhiredperson,f), (f,personbelongstoorganization,j), (j,statelocatedincountry,b)
7.0	4.0	0.571428571	(a,politicianusmemberofpoliticalgroup,b) <= (e,personbelongstoorganization,b), (e,politicianusendorsedbypoliticianus,a), (e,politicianusmemberofpoliticalgroup,b)
7.0	4.0	0.571428571	(a,organizationacronymhasname,b) <= (j,agentcollaborateswithagent,a), (e,agentcontrols,j), (e,organizationacronymhasname,b)
7.0	4.0	0.571428571	(a,subpartoforganization,b) <= (i,subpartoforganization,e), (e,teamalsoknownas,b), (i,teamplaysagainstteam,a)
7.0	4.0	0.571428571	(a,companyalsoknownas,b) <= (a,headquarteredin,h), (a,organizationalsoknownas,b), (a,organizationheadquarteredincity,h)
7.0	4.0	0.571428571	(a,personleadsorganization,b) <= (j,organizationterminatedperson,a), (b,organizationterminatedperson,f), (f,proxyfor,j)
70.0	40.0	0.571428571	(a,athleteplaysforteam,b) <= (i,athleteledsportsteam,f), (a,athleteplaysforteam,f), (i,worksfor,b)
7.0	4.0	0.571428571	(a,animalpreyson,b) <= (a,animaldevelopdisease,h), (b,animaldevelopdisease,h), (b,animalistypeofanimal,a)
7.0	4.0	0.571428571	(a,hasofficeincountry,b) <= (i,ceoof,a), (e,hasofficeincountry,b), (i,personleadsorganization,e)
14.0	8.0	0.571428571	(a,citylocatedincountry,b) <= (e,citycapitalofcountry,b), (i,organizationheadquarteredincity,a), (i,organizationheadquarteredincity,e)
7.0	4.0	0.571428571	(a,teamwontrophy,b) <= (j,agentcompeteswithagent,a), (e,athleteledsportsteam,j), (e,coachwontrophy,b)
7.0	4.0	0.571428571	(a,arthropodcalledarthropod,b) <= (g,agriculturalproducttoattractinsect,a), (g,agriculturalproducttoattractinsect,b), (b,animalsuchasinvertebrate,a)
7.0	4.0	0.571428571	(a,organizationterminatedperson,b) <= (g,ceoof,a), (a,mutualproxyfor,b), (g,worksfor,a)
14.0	8.0	0.571428571	(a,organizationheadquarteredinstateorprovince,b) <= (a,organizationheadquarteredinstateorprovince,f), (f,organizationterminatedperson,j), (j,worksfor,b)
7.0	4.0	0.571428571	(a,hashusband,b) <= (a,hashusband,f), (j,hasspouse,b), (f,haswife,j)
7.0	4.0	0.571428571	(a,agentcollaborateswithagent,b) <= (a,agentcontrols,j), (b,ceoof,f), (j,ceoof,f)
35.0	20.0	0.571428571	(a,athleteplaysforteam,b) <= (f,agentcollaborateswithagent,j), (a,athleteledsportsteam,f), (j,personbelongstoorganization,b)
7.0	4.0	0.571428571	(a,mutualproxyfor,b) <= (e,subpartof,b), (i,topmemberoforganization,e), (i,worksfor,a)
7.0	4.0	0.571428571	(a,bankboughtbank,b) <= (a,bankboughtbank,f), (i,ceoof,f), (i,personleadsorganization,b)
14.0	8.0	0.571428571	(a,organizationhiredperson,b) <= (i,citylocatedinstate,a), (i,citylocatedinstate,f), (b,worksfor,f)
7.0	4.0	0.571428571	(a,subpartoforganization,b) <= (b,agentactsinlocation,f), (a,teamhomestadium,f)
7.0	4.0	0.571428571	(a,topmemberoforganization,b) <= (j,subpartof,a), (e,topmemberoforganization,j), (e,worksfor,b)
7.0	4.0	0.571428571	(a,mutualproxyfor,b) <= (b,ceoof,a), (h,organizationhiredperson,b), (b,worksfor,h)
14.0	8.0	0.571428571	(a,topmemberoforganization,b) <= (a,ceoof,h), (b,subpartof,a), (a,topmemberoforganization,h)
7.0	4.0	0.571428571	(a,subpartof,b) <= (i,proxyfor,e), (e,subpartof,b), (i,worksfor,a)
7.0	4.0	0.571428571	(a,ceoof,b) <= (f,agentbelongstoorganization,j), (b,agentcollaborateswithagent,f), (a,ceoof,j)
7.0	4.0	0.571428571	(a,worksfor,b) <= (f,atlocation,j), (b,organizationhiredperson,f), (a,worksfor,j)
14.0	8.0	0.571428571	(a,airportincity,b) <= (i,airportincity,f), (i,attractionofcity,b), (a,buildinglocatedincity,f)
7.0	4.0	0.571428571	(a,organizationheadquarteredincity,b) <= (a,agentcollaborateswithagent,f), (j,organizationheadquarteredincity,b), (f,personleadsorganization,j)
7.0	4.0	0.571428571	(a,teamwontrophy,b) <= (i,coachesteam,f), (i,coachwontrophy,b), (a,teamalsoknownas,f)
14.0	8.0	0.571428571	(a,airportincity,b) <= (a,buildinglocatedincity,f), (i,statehascapital,b), (i,statehascapital,f)
7.0	4.0	0.571428571	(a,proxyfor,b) <= (b,organizationterminatedperson,f), (a,personleadsorganization,j), (f,proxyfor,j)
7.0	4.0	0.571428571	(a,personbelongstoorganization,b) <= (j,agentcollaborateswithagent,a), (e,athleteledsportsteam,j), (e,personbelongstoorganization,b)
7.0	4.0	0.571428571	(a,agentactsinlocation,b) <= (a,agentactsinlocation,f), (j,attractionofcity,b), (f,proxyfor,j)
7.0	4.0	0.571428571	(a,agentcollaborateswithagent,b) <= (g,agentcollaborateswithagent,b), (a,agentcontrols,b), (g,subpartof,b)
7.0	4.0	0.571428571	(a,agentcontrols,b) <= (g,agentcollaborateswithagent,b), (g,agentcontrols,b), (a,subpartof,b)
7.0	4.0	0.571428571	(a,organizationheadquarteredincity,b) <= (j,attractionofcity,b), (a,headquarteredin,f), (f,proxyfor,j)
7.0	4.0	0.571428571	(a,personbelongstoorganization,b) <= (b,organizationterminatedperson,a), (a,personbelongstoorganization,h), (a,personleadsorganization,h)
28.0	16.0	0.571428571	(a,organizationterminatedperson,b) <= (f,ceoof,j), (j,organizationterminatedperson,b), (a,subpartof,f)
63.0	36.0	0.571428571	(a,organizationterminatedperson,b) <= (i,organizationhiredperson,f), (i,subpartof,b), (a,subpartof,f)
14.0	8.0	0.571428571	(a,topmemberoforganization,b) <= (f,ceoof,j), (b,subpartof,f), (a,topmemberoforganization,j)
14.0	8.0	0.571428571	(a,agentcontrols,b) <= (a,agentcontrols,j), (b,organizationhiredperson,f), (f,worksfor,j)
7.0	4.0	0.571428571	(a,sportschoolincountry,b) <= (a,sportschoolincountry,f), (i,statelocatedincountry,f), (i,subpartof,b)
7.0	4.0	0.571428571	(a,atlocation,b) <= (a,mutualproxyfor,b), (h,stateorprovinceisborderedbystateorprovince,b), (b,stateorprovinceisborderedbystateorprovince,h)
7.0	4.0	0.571428571	(a,animalthatfeedoninsect,b) <= (g,agriculturalproducttoattractinsect,a), (g,agriculturalproducttoattractinsect,b), (b,animalsuchasinvertebrate,a)
7.0	4.0	0.571428571	(a,worksfor,b) <= (b,organizationhiredperson,a), (b,organizationhiredperson,h), (h,proxyfor,b)
28.0	16.0	0.571428571	(a,organizationterminatedperson,b) <= (b,ceoof,a), (h,organizationterminatedperson,b), (b,personleadsorganization,h)
7.0	4.0	0.571428571	(a,arthropodcalledarthropod,b) <= (a,animalsuchasinvertebrate,h), (a,arthropodandotherarthropod,b), (a,arthropodcalledarthropod,h)
14.0	8.0	0.571428571	(a,airportincity,b) <= (i,airportincity,b), (i,attractionofcity,f), (a,buildinglocatedincity,f)
7.0	4.0	0.571428571	(a,synonymfor,b) <= (g,citycapitalofcountry,b), (g,citylocatedincountry,b), (b,synonymfor,a)
14.0	8.0	0.571428571	(a,animalpreyson,b) <= (a,animalistypeofanimal,h), (h,animalpreyson,b), (a,specializationof,b)
7.0	4.0	0.571428571	(a,athleteplaysinleague,b) <= (a,athleteledsportsteam,f), (i,athleteplaysinleague,b), (i,subpartof,f)
7.0	4.0	0.571428571	(a,personleadsorganization,b) <= (b,organizationterminatedperson,a), (a,personbelongstoorganization,h), (a,personleadsorganization,h)
14.0	8.0	0.571428571	(a,automobilemakerdealersincountry,b) <= (a,automakerproducesmodel,h), (a,hasofficeincountry,b), (a,producesproduct,h)
21.0	12.0	0.571428571	(a,organizationterminatedperson,b) <= (a,organizationterminatedperson,f), (f,personleadsorganization,j), (j,subpartof,b)
7.0	4.0	0.571428571	(a,mountaininstate,b) <= (i,citylocatedingeopoliticallocation,f), (i,locationlocatedwithinlocation,b), (a,mountaininstate,f)
7.0	4.0	0.571428571	(a,animalthatfeedoninsect,b) <= (h,animalsuchasinsect,a), (a,arthropodandotherarthropod,b), (a,arthropodcalledarthropod,h)
7.0	4.0	0.571428571	(a,journalistwritesforpublication,b) <= (h,competeswith,b), (a,journalistwritesforpublication,h), (a,worksfor,b)
21.0	12.0	0.571428571	(a,athleteplaysinleague,b) <= (a,athleteledsportsteam,f), (i,coachesinleague,b), (i,worksfor,f)
7.0	4.0	0.571428571	(a,organizationalsoknownas,b) <= (i,companyalsoknownas,f), (i,organizationalsoknownas,b), (a,synonymfor,f)
170.0	97.0	0.570588235	(a,athleteplayssport,b) <= (a,athleteplaysinleague,f), (i,athleteplayssport,b), (i,personbelongstoorganization,f)
170.0	97.0	0.570588235	(a,athleteplayssport,b) <= (f,agentcollaborateswithagent,j), (a,athleteplaysinleague,f), (j,teamplayssport,b)
149.0	85.0	0.570469799	(a,agentcontrols,b) <= (i,agentbelongstoorganization,a), (b,agentcollaborateswithagent,f), (i,subpartof,f)
149.0	85.0	0.570469799	(a,agentcontrols,b) <= (g,agentbelongstoorganization,a), (b,agentcollaborateswithagent,a), (g,subpartof,a)
142.0	81.0	0.570422535	(a,countrylocatedingeopoliticallocation,b) <= (i,countryalsoknownas,a), (e,countrylocatedingeopoliticallocation,b), (i,countrylocatedingeopoliticallocation,e)
419.0	239.0	0.570405728	(a,bookwriter,b) <= (i,agentcontributedtocreativework,a), (i,agentcreated,e), (e,bookwriter,b)
79.0	45.0	0.569620253	(a,worksfor,b) <= (e,coachesteam,j), (j,organizationhiredperson,a), (e,worksfor,b)
604.0	344.0	0.569536424	(a,hasspouse,b) <= (b,hasspouse,a)
65.0	37.0	0.569230769	(a,personleadsorganization,b) <= (f,mutualproxyfor,j), (j,worksfor,b), (a,worksfor,f)
58.0	33.0	0.568965517	(a,animalthatfeedoninsect,b) <= (i,animalsuchasinsect,b), (a,animalthatfeedoninsect,f), (i,specializationof,f)
109.0	62.0	0.568807339	(a,teamplaysagainstteam,b) <= (e,athleteplaysforteam,b), (i,organizationhiredperson,e), (i,teamplaysagainstteam,a)
160.0	91.0	0.56875	(a,agentcontrols,b) <= (b,subpartof,f), (i,topmemberoforganization,a), (i,topmemberoforganization,f)
51.0	29.0	0.568627451	(a,subpartof,b) <= (i,personbelongstoorganization,f), (i,subpartof,b), (a,subpartof,f)
197.0	112.0	0.568527919	(a,personmovedtostateorprovince,b) <= (f,citylocatedinstate,j), (b,mutualproxyfor,f), (a,personmovedtostateorprovince,j)
95.0	54.0	0.568421053	(a,teamplaysinleague,b) <= (e,athleteplaysforteam,j), (e,coachesinleague,b), (j,teamplaysagainstteam,a)
44.0	25.0	0.568181818	(a,organizationterminatedperson,b) <= (j,mutualproxyfor,b), (a,mutualproxyfor,f), (f,topmemberoforganization,j)
44.0	25.0	0.568181818	(a,organizationhiredperson,b) <= (e,subpartof,b), (i,topmemberoforganization,a), (i,topmemberoforganization,e)
44.0	25.0	0.568181818	(a,ceoof,b) <= (i,ceoof,b), (a,personleadsorganization,f), (i,worksfor,f)
44.0	25.0	0.568181818	(a,arthropodcalledarthropod,b) <= (g,animalsuchasinvertebrate,a), (g,arthropodandotherarthropod,a), (b,arthropodcalledarthropod,a)
44.0	25.0	0.568181818	(a,arthropodcalledarthropod,b) <= (b,animalsuchasinvertebrate,h), (b,arthropodcalledarthropod,a), (b,arthropodcalledarthropod,h)
81.0	46.0	0.567901235	(a,organizationterminatedperson,b) <= (e,mutualproxyfor,b), (e,mutualproxyfor,j), (j,topmemberoforganization,a)
37.0	21.0	0.567567568	(a,animalthatfeedoninsect,b) <= (a,animalthatfeedoninsect,j), (b,arthropodandotherarthropod,f), (f,specializationof,j)
37.0	21.0	0.567567568	(a,arthropodcalledarthropod,b) <= (i,animalthatfeedoninsect,b), (a,arthropodcalledarthropod,f), (i,specializationof,f)
37.0	21.0	0.567567568	(a,arthropodcalledarthropod,b) <= (i,agentcompeteswithagent,a), (i,arthropodandotherarthropod,f), (b,arthropodcalledarthropod,f)
111.0	63.0	0.567567568	(a,organizationhiredperson,b) <= (a,mutualproxyfor,f), (i,organizationhiredperson,b), (i,organizationhiredperson,f)
37.0	21.0	0.567567568	(a,animalpreyson,b) <= (a,animalistypeofanimal,h), (b,specializationof,a), (h,specializationof,a)
37.0	21.0	0.567567568	(a,worksfor,b) <= (h,organizationhiredperson,a), (b,organizationterminatedperson,a), (a,personleadsorganization,h)
37.0	21.0	0.567567568	(a,organizationhiredperson,b) <= (i,ceoof,a), (i,ceoof,e), (e,subpartof,b)
67.0	38.0	0.567164179	(a,topmemberoforganization,b) <= (a,ceoof,f), (f,organizationterminatedperson,j), (j,topmemberoforganization,b)
97.0	55.0	0.567010309	(a,athleteplaysforteam,b) <= (a,athleteledsportsteam,f), (i,sportsgamewinner,b), (i,sportsgamewinner,f)
30.0	17.0	0.566666667	(a,statelocatedingeopoliticallocation,b) <= (e,mutualproxyfor,j), (e,statelocatedingeopoliticallocation,b), (j,subpartof,a)
30.0	17.0	0.566666667	(a,organizationterminatedperson,b) <= (a,organizationterminatedperson,h), (h,topmemberoforganization,a), (b,worksfor,a)
30.0	17.0	0.566666667	(a,companyeconomicsector,b) <= (a,agentcollaborateswithagent,f), (j,companyeconomicsector,b), (f,personleadsorganization,j)
567.0	321.0	0.566137566	(a,atlocation,b) <= (a,atlocation,f), (i,citylocatedingeopoliticallocation,f), (i,locationlocatedwithinlocation,b)
182.0	103.0	0.565934066	(a,agentcontrols,b) <= (j,agentbelongstoorganization,a), (f,agentcontrols,j), (b,subpartof,f)
182.0	103.0	0.565934066	(a,agentcontrols,b) <= (h,agentbelongstoorganization,a), (a,agentcontrols,h), (b,subpartof,a)
129.0	73.0	0.565891473	(a,agentcollaborateswithagent,b) <= (j,agentcontrols,a), (b,organizationhiredperson,f), (f,topmemberoforganization,j)
129.0	73.0	0.565891473	(a,agentcollaborateswithagent,b) <= (b,agentcontrols,a), (b,organizationhiredperson,h), (h,topmemberoforganization,b)
539.0	305.0	0.565862709	(a,mutualproxyfor,b) <= (i,locationlocatedwithinlocation,e), (e,mutualproxyfor,b), (i,subpartof,a)
237.0	134.0	0.565400844	(a,agentbelongstoorganization,b) <= (j,agentcontrols,a), (b,agentcontrols,f), (f,subpartof,j)
283.0	160.0	0.565371025	(a,teamplaysagainstteam,b) <= (e,athleteledsportsteam,b), (e,personbelongstoorganization,j), (j,teamplaysagainstteam,a)
23.0	13.0	0.565217391	(a,synonymfor,b) <= (i,agentcontrols,f), (i,proxyfor,b), (a,synonymfor,f)
46.0	26.0	0.565217391	(a,teamplaysagainstteam,b) <= (e,organizationterminatedperson,j), (e,teamplaysagainstteam,b), (j,worksfor,a)
23.0	13.0	0.565217391	(a,personleadsorganization,b) <= (b,mutualproxyfor,h), (b,organizationhiredperson,a), (h,personleadsorganization,b)
23.0	13.0	0.565217391	(a,animalpreyson,b) <= (b,animalistypeofanimal,a), (h,animalpreyson,a), (b,specializationof,h)
23.0	13.0	0.565217391	(a,personhascitizenship,b) <= (a,personhascitizenship,f), (i,proxyfor,b), (i,subpartof,f)
46.0	26.0	0.565217391	(a,teamplaysagainstteam,b) <= (a,organizationhiredperson,f), (i,organizationterminatedperson,f), (i,teamplaysagainstteam,b)
23.0	13.0	0.565217391	(a,mutualproxyfor,b) <= (g,mutualproxyfor,b), (g,subpartof,b), (b,topmemberoforganization,a)
46.0	26.0	0.565217391	(a,hasspouse,b) <= (a,hasspouse,j), (f,hasspouse,j), (b,haswife,f)
23.0	13.0	0.565217391	(a,cityliesonriver,b) <= (e,cityliesonriver,b), (i,headquarteredin,a), (i,newspaperincity,e)
23.0	13.0	0.565217391	(a,mutualproxyfor,b) <= (e,mutualproxyfor,b), (e,subpartof,j), (j,topmemberoforganization,a)
23.0	13.0	0.565217391	(a,mutualproxyfor,b) <= (a,mutualproxyfor,h), (a,organizationhiredperson,b), (h,personleadsorganization,a)
23.0	13.0	0.565217391	(a,mutualproxyfor,b) <= (e,agentcollaborateswithagent,b), (e,mutualproxyfor,j), (j,personleadsorganization,a)
46.0	26.0	0.565217391	(a,mutualproxyfor,b) <= (f,mutualproxyfor,j), (a,organizationterminatedperson,j), (b,personleadsorganization,f)
23.0	13.0	0.565217391	(a,arthropodcalledarthropod,b) <= (a,animalpreyson,h), (h,animalthatfeedoninsect,a), (b,arthropodcalledarthropod,a)
